#
# There is insufficient memory for the Java Runtime Environment to continue.
# Native memory allocation (mmap) failed to map 1157627904 bytes. Error detail: G1 virtual space
# Possible reasons:
#   The system is out of physical RAM or swap space
#   This process is running with CompressedOops enabled, and the Java Heap may be blocking the growth of the native heap
# Possible solutions:
#   Reduce memory load on the system
#   Increase physical memory or swap space
#   Check if swap backing store is full
#   Decrease Java heap size (-Xmx/-Xms)
#   Decrease number of Java threads
#   Decrease Java thread stack sizes (-Xss)
#   Set larger code cache with -XX:ReservedCodeCacheSize=
#   JVM is running with Zero Based Compressed Oops mode in which the Java heap is
#     placed in the first 32GB address space. The Java Heap base address is the
#     maximum limit for the native heap growth. Please use -XX:HeapBaseMinAddress
#     to set the Java Heap base and to place the Java Heap above 32GB virtual address.
# This output file may be truncated or incomplete.
#
#  Out of Memory Error (os_windows.cpp:3618), pid=12896, tid=42960
#
# JRE version: OpenJDK Runtime Environment Temurin-17.0.18+8 (17.0.18+8) (build 17.0.18+8)
# Java VM: OpenJDK 64-Bit Server VM Temurin-17.0.18+8 (17.0.18+8, mixed mode, sharing, tiered, compressed oops, compressed class ptrs, g1 gc, windows-amd64)
# No core dump will be written. Minidumps are not enabled by default on client versions of Windows
#

---------------  S U M M A R Y ------------

Command Line: --add-opens=java.base/java.lang=ALL-UNNAMED --add-opens=java.base/java.lang.invoke=ALL-UNNAMED --add-opens=java.base/java.util=ALL-UNNAMED --add-opens=java.prefs/java.util.prefs=ALL-UNNAMED --add-exports=jdk.compiler/com.sun.tools.javac.api=ALL-UNNAMED --add-exports=jdk.compiler/com.sun.tools.javac.util=ALL-UNNAMED --add-opens=java.base/java.util=ALL-UNNAMED --add-opens=java.prefs/java.util.prefs=ALL-UNNAMED --add-opens=java.base/java.nio.charset=ALL-UNNAMED --add-opens=java.base/java.net=ALL-UNNAMED --add-opens=java.base/java.util.concurrent.atomic=ALL-UNNAMED --add-opens=java.xml/javax.xml.namespace=ALL-UNNAMED -XX:MaxMetaspaceSize=1024m -Xmx8192m -Dfile.encoding=windows-1252 -Duser.country=US -Duser.language=en -Duser.variant -javaagent:C:\Users\fuadh\.gradle\wrapper\dists\gradle-8.13-bin\5xuhj0ry160q40clulazy9h7d\gradle-8.13\lib\agents\gradle-instrumentation-agent-8.13.jar org.gradle.launcher.daemon.bootstrap.GradleDaemon 8.13

Host: 12th Gen Intel(R) Core(TM) i5-12400, 12 cores, 15G,  Windows 11 , 64 bit Build 26100 (10.0.26100.8521)
Time: Tue Jun 23 16:47:04 2026 Bangladesh Standard Time elapsed time: 1149.766763 seconds (0d 0h 19m 9s)

---------------  T H R E A D  ---------------

Current thread (0x000001e67e018470):  VMThread "VM Thread" [stack: 0x000000cf22900000,0x000000cf22a00000] [id=42960]

Stack: [0x000000cf22900000,0x000000cf22a00000]
Native frames: (J=compiled Java code, j=interpreted, Vv=VM code, C=native code)
V  [jvm.dll+0x6846f9]
V  [jvm.dll+0x839ea5]
V  [jvm.dll+0x83b91e]
V  [jvm.dll+0x83bfa3]
V  [jvm.dll+0x248eff]
V  [jvm.dll+0x6814b9]
V  [jvm.dll+0x6762ba]
V  [jvm.dll+0x309257]
V  [jvm.dll+0x310826]
V  [jvm.dll+0x360d9e]
V  [jvm.dll+0x360fdd]
V  [jvm.dll+0x2e02dc]
V  [jvm.dll+0x2de6b2]
V  [jvm.dll+0x2dde4c]
V  [jvm.dll+0x320aeb]
V  [jvm.dll+0x8407bd]
V  [jvm.dll+0x8414f3]
V  [jvm.dll+0x841a1f]
V  [jvm.dll+0x841e05]
V  [jvm.dll+0x841ece]
V  [jvm.dll+0x7eaaec]
V  [jvm.dll+0x6835c7]
C  [ucrtbase.dll+0x2cd30]
C  [KERNEL32.DLL+0x2e957]
C  [ntdll.dll+0x87c1c]

VM_Operation (0x000000cf28dfc3d0): G1CollectForAllocation, mode: safepoint, requested by thread 0x000001e6693a39a0


---------------  P R O C E S S  ---------------

Threads class SMR info:
_java_thread_list=0x000001e680cd7e40, length=259, elements={
0x000001e672dcf7f0, 0x000001e67e01d460, 0x000001e67e021e50, 0x000001e67e03a170,
0x000001e67e03aa40, 0x000001e67e03b310, 0x000001e67e03dbf0, 0x000001e67e041810,
0x000001e67e046e80, 0x000001e67e05c030, 0x000001e67ec4d120, 0x000001e67ed838e0,
0x000001e65a7af270, 0x000001e65b50d660, 0x000001e65b2f05b0, 0x000001e65b5c40d0,
0x000001e65b4a3780, 0x000001e65b4a3270, 0x000001e65b4a1920, 0x000001e65b4a1e30,
0x000001e65b4a2d60, 0x000001e65d978f00, 0x000001e65d977fd0, 0x000001e65d9775b0,
0x000001e67f207bd0, 0x000001e65fbb44d0, 0x000001e65fbb6840, 0x000001e65fbb86a0,
0x000001e65fbb8bb0, 0x000001e65fbb7c80, 0x000001e661505bc0, 0x000001e661507510,
0x000001e661507f30, 0x000001e661508440, 0x000001e66150a7b0, 0x000001e66150b1d0,
0x000001e65da90350, 0x000001e65da8f930, 0x000001e65da91790, 0x000001e65da90860,
0x000001e65da926c0, 0x000001e65da90d70, 0x000001e65da8f420, 0x000001e65da935f0,
0x000001e65da91ca0, 0x000001e65da93b00, 0x000001e65da94010, 0x000001e65da921b0,
0x000001e65da930e0, 0x000001e65da94520, 0x000001e65da94a30, 0x000001e65da96890,
0x000001e65da95960, 0x000001e65da95e70, 0x000001e65da96da0, 0x000001e65da94f40,
0x000001e65da95450, 0x000001e65da96380, 0x000001e65fbb6330, 0x000001e65fbb49e0,
0x000001e65fbb3090, 0x000001e65fbb35a0, 0x000001e65fbb4ef0, 0x000001e65fbb6d50,
0x000001e65fbb7260, 0x000001e65fbb5910, 0x000001e65fbb3ab0, 0x000001e65fbb7770,
0x000001e65fbb5e20, 0x000001e65fbb3fc0, 0x000001e65fbb5400, 0x000001e65fbb9ae0,
0x000001e65fbb9ff0, 0x000001e65fbba500, 0x000001e65d9770a0, 0x000001e65d979e30,
0x000001e65d97a340, 0x000001e65d97b270, 0x000001e65d97ad60, 0x000001e65d97a850,
0x000001e65d977ac0, 0x000001e65d97e000, 0x000001e65d97d0d0, 0x000001e65d97ea20,
0x000001e65d97c1a0, 0x000001e65d97d5e0, 0x000001e65d97bc90, 0x000001e65d97cbc0,
0x000001e67f206280, 0x000001e67f204420, 0x000001e67f205350, 0x000001e67f206790,
0x000001e67f20a960, 0x000001e67f20ae70, 0x000001e67f20b380, 0x000001e67f20b890,
0x000001e65b4a41a0, 0x000001e65b4a46b0, 0x000001e65b4a0f00, 0x000001e65b4a2340,
0x000001e65b4a2850, 0x000001e65b4a1410, 0x000001e6615060d0, 0x000001e661506af0,
0x000001e6684131a0, 0x000001e668411850, 0x000001e6684136b0, 0x000001e6684145e0,
0x000001e668413bc0, 0x000001e6684140d0, 0x000001e668410e30, 0x000001e668412c90,
0x000001e668412270, 0x000001e668412780, 0x000001e668414af0, 0x000001e668411340,
0x000001e668415000, 0x000001e668415510, 0x000001e668411d60, 0x000001e668417370,
0x000001e668416950, 0x000001e668417d90, 0x000001e668415a20, 0x000001e668417880,
0x000001e6684182a0, 0x000001e6684187b0, 0x000001e668416e60, 0x000001e668415f30,
0x000001e668416440, 0x000001e65c9fa6f0, 0x000001e65c9f6f40, 0x000001e65c9f8380,
0x000001e65c9f7450, 0x000001e65c9f7e70, 0x000001e65c9f9cd0, 0x000001e65c9fa1e0,
0x000001e65c9f7960, 0x000001e65c9f8890, 0x000001e65c9f8da0, 0x000001e65c9f92b0,
0x000001e6662452a0, 0x000001e666242510, 0x000001e6662457b0, 0x000001e666244370,
0x000001e666242000, 0x000001e666243950, 0x000001e666243440, 0x000001e666245cc0,
0x000001e666242f30, 0x000001e666244d90, 0x000001e6662461d0, 0x000001e666243e60,
0x000001e666244880, 0x000001e666242a20, 0x000001e666248540, 0x000001e666249470,
0x000001e666248a50, 0x000001e6662466e0, 0x000001e666248f60, 0x000001e666247100,
0x000001e666249980, 0x000001e666246bf0, 0x000001e666247610, 0x000001e65c9f97c0,
0x000001e65f885650, 0x000001e65f883d00, 0x000001e65f882dd0, 0x000001e65f8832e0,
0x000001e65f885b60, 0x000001e65f885140, 0x000001e65f8837f0, 0x000001e65f884720,
0x000001e65f884210, 0x000001e65f884c30, 0x000001e65f8823b0, 0x000001e65f886070,
0x000001e65f8828c0, 0x000001e65f887ed0, 0x000001e65f8883e0, 0x000001e65f8879c0,
0x000001e65f8888f0, 0x000001e65f888e00, 0x000001e65f886a90, 0x000001e65deba5d0,
0x000001e65debe290, 0x000001e65debc430, 0x000001e65debdd80, 0x000001e65debf1c0,
0x000001e65debf6d0, 0x000001e65dec0600, 0x000001e65dec1020, 0x000001e65dec42c0,
0x000001e65dec2460, 0x000001e65debd360, 0x000001e65dec47d0, 0x000001e65dec51f0,
0x000001e65dec1f50, 0x000001e65dec38a0, 0x000001e65dec6b40, 0x000001e65dec6630,
0x000001e65dec7050, 0x000001e65dec7560, 0x000001e65dec3db0, 0x000001e65dec7a70,
0x000001e67f2076c0, 0x000001e67f2085f0, 0x000001e67f204e40, 0x000001e67f206ca0,
0x000001e67f205d70, 0x000001e65deb8c80, 0x000001e65dec2e80, 0x000001e6667c2900,
0x000001e6667bfb70, 0x000001e6667c0590, 0x000001e6667c4250, 0x000001e6667c0aa0,
0x000001e6667c4760, 0x000001e6667c14c0, 0x000001e6667c6ad0, 0x000001e6667c7f10,
0x000001e6667c65c0, 0x000001e6667c5ba0, 0x000001e6667c8420, 0x000001e6667c8930,
0x000001e6667c5180, 0x000001e6667c9350, 0x000001e6667c60b0, 0x000001e6667cd010,
0x000001e6667ccb00, 0x000001e6667cdf40, 0x000001e6693a39a0, 0x000001e668ec0e60,
0x000001e668ec1880, 0x000001e65bcb3d80, 0x000001e6667a6520, 0x000001e667c958f0,
0x000001e668ec1d90, 0x000001e6693a2f80, 0x000001e660809aa0, 0x000001e669abdde0,
0x000001e6667a6a30, 0x000001e65c8b60d0, 0x000001e6607b2550, 0x000001e6667a50e0,
0x000001e6607b0c00, 0x000001e6667a55f0, 0x000001e668ad5bf0, 0x000001e6693a3490,
0x000001e6667a5b00, 0x000001e669abceb0, 0x000001e65dc65610, 0x000001e6697c2ed0,
0x000001e6697c38f0, 0x000001e6607b1110, 0x000001e6607b1b30, 0x000001e667c96310,
0x000001e668ec22a0, 0x000001e684d6d460, 0x000001e6608cd2f0
}
_to_delete_list=0x000001e667798890, length=258, elements={
0x000001e672dcf7f0, 0x000001e67e01d460, 0x000001e67e021e50, 0x000001e67e03a170,
0x000001e67e03aa40, 0x000001e67e03b310, 0x000001e67e03dbf0, 0x000001e67e041810,
0x000001e67e046e80, 0x000001e67e05c030, 0x000001e67ec4d120, 0x000001e67ed838e0,
0x000001e65a7af270, 0x000001e65b50d660, 0x000001e65b2f05b0, 0x000001e65b5c40d0,
0x000001e65b4a3780, 0x000001e65b4a3270, 0x000001e65b4a1920, 0x000001e65b4a1e30,
0x000001e65b4a2d60, 0x000001e65d978f00, 0x000001e65d977fd0, 0x000001e65d9775b0,
0x000001e67f207bd0, 0x000001e65fbb44d0, 0x000001e65fbb6840, 0x000001e65fbb86a0,
0x000001e65fbb8bb0, 0x000001e65fbb7c80, 0x000001e661505bc0, 0x000001e661507510,
0x000001e661507f30, 0x000001e661508440, 0x000001e66150a7b0, 0x000001e66150b1d0,
0x000001e65da90350, 0x000001e65da8f930, 0x000001e65da91790, 0x000001e65da90860,
0x000001e65da926c0, 0x000001e65da90d70, 0x000001e65da8f420, 0x000001e65da935f0,
0x000001e65da91ca0, 0x000001e65da93b00, 0x000001e65da94010, 0x000001e65da921b0,
0x000001e65da930e0, 0x000001e65da94520, 0x000001e65da94a30, 0x000001e65da96890,
0x000001e65da95960, 0x000001e65da95e70, 0x000001e65da96da0, 0x000001e65da94f40,
0x000001e65da95450, 0x000001e65da96380, 0x000001e65fbb6330, 0x000001e65fbb49e0,
0x000001e65fbb3090, 0x000001e65fbb35a0, 0x000001e65fbb4ef0, 0x000001e65fbb6d50,
0x000001e65fbb7260, 0x000001e65fbb5910, 0x000001e65fbb3ab0, 0x000001e65fbb7770,
0x000001e65fbb5e20, 0x000001e65fbb3fc0, 0x000001e65fbb5400, 0x000001e65fbb9ae0,
0x000001e65fbb9ff0, 0x000001e65fbba500, 0x000001e65d9770a0, 0x000001e65d979e30,
0x000001e65d97a340, 0x000001e65d97b270, 0x000001e65d97ad60, 0x000001e65d97a850,
0x000001e65d977ac0, 0x000001e65d97e000, 0x000001e65d97d0d0, 0x000001e65d97ea20,
0x000001e65d97c1a0, 0x000001e65d97d5e0, 0x000001e65d97bc90, 0x000001e65d97cbc0,
0x000001e67f206280, 0x000001e67f204420, 0x000001e67f205350, 0x000001e67f206790,
0x000001e67f20a960, 0x000001e67f20ae70, 0x000001e67f20b380, 0x000001e67f20b890,
0x000001e65b4a41a0, 0x000001e65b4a46b0, 0x000001e65b4a0f00, 0x000001e65b4a2340,
0x000001e65b4a2850, 0x000001e65b4a1410, 0x000001e6615060d0, 0x000001e661506af0,
0x000001e6684131a0, 0x000001e668411850, 0x000001e6684136b0, 0x000001e6684145e0,
0x000001e668413bc0, 0x000001e6684140d0, 0x000001e668410e30, 0x000001e668412c90,
0x000001e668412270, 0x000001e668412780, 0x000001e668414af0, 0x000001e668411340,
0x000001e668415000, 0x000001e668415510, 0x000001e668411d60, 0x000001e668417370,
0x000001e668416950, 0x000001e668417d90, 0x000001e668415a20, 0x000001e668417880,
0x000001e6684182a0, 0x000001e6684187b0, 0x000001e668416e60, 0x000001e668415f30,
0x000001e668416440, 0x000001e65c9fa6f0, 0x000001e65c9f6f40, 0x000001e65c9f8380,
0x000001e65c9f7450, 0x000001e65c9f7e70, 0x000001e65c9f9cd0, 0x000001e65c9fa1e0,
0x000001e65c9f7960, 0x000001e65c9f8890, 0x000001e65c9f8da0, 0x000001e65c9f92b0,
0x000001e6662452a0, 0x000001e666242510, 0x000001e6662457b0, 0x000001e666244370,
0x000001e666242000, 0x000001e666243950, 0x000001e666243440, 0x000001e666245cc0,
0x000001e666242f30, 0x000001e666244d90, 0x000001e6662461d0, 0x000001e666243e60,
0x000001e666244880, 0x000001e666242a20, 0x000001e666248540, 0x000001e666249470,
0x000001e666248a50, 0x000001e6662466e0, 0x000001e666248f60, 0x000001e666247100,
0x000001e666249980, 0x000001e666246bf0, 0x000001e666247610, 0x000001e65c9f97c0,
0x000001e65f885650, 0x000001e65f883d00, 0x000001e65f882dd0, 0x000001e65f8832e0,
0x000001e65f885b60, 0x000001e65f885140, 0x000001e65f8837f0, 0x000001e65f884720,
0x000001e65f884210, 0x000001e65f884c30, 0x000001e65f8823b0, 0x000001e65f886070,
0x000001e65f8828c0, 0x000001e65f887ed0, 0x000001e65f8883e0, 0x000001e65f8879c0,
0x000001e65f8888f0, 0x000001e65f888e00, 0x000001e65f886a90, 0x000001e65deba5d0,
0x000001e65debe290, 0x000001e65debc430, 0x000001e65debdd80, 0x000001e65debf1c0,
0x000001e65debf6d0, 0x000001e65dec0600, 0x000001e65dec1020, 0x000001e65dec42c0,
0x000001e65dec2460, 0x000001e65debd360, 0x000001e65dec47d0, 0x000001e65dec51f0,
0x000001e65dec1f50, 0x000001e65dec38a0, 0x000001e65dec6b40, 0x000001e65dec6630,
0x000001e65dec7050, 0x000001e65dec7560, 0x000001e65dec3db0, 0x000001e65dec7a70,
0x000001e67f2076c0, 0x000001e67f2085f0, 0x000001e67f204e40, 0x000001e67f206ca0,
0x000001e67f205d70, 0x000001e65deb8c80, 0x000001e65dec2e80, 0x000001e6667c2900,
0x000001e6667bfb70, 0x000001e6667c0590, 0x000001e6667c4250, 0x000001e6667c0aa0,
0x000001e6667c4760, 0x000001e6667c14c0, 0x000001e6667c6ad0, 0x000001e6667c7f10,
0x000001e6667c65c0, 0x000001e6667c5ba0, 0x000001e6667c8420, 0x000001e6667c8930,
0x000001e6667c5180, 0x000001e6667c9350, 0x000001e6667c60b0, 0x000001e6667cd010,
0x000001e6667ccb00, 0x000001e6667cdf40, 0x000001e6693a39a0, 0x000001e668ec0e60,
0x000001e668ec1880, 0x000001e65bcb3d80, 0x000001e6667a6520, 0x000001e667c958f0,
0x000001e668ec1d90, 0x000001e6693a2f80, 0x000001e660809aa0, 0x000001e669abdde0,
0x000001e6667a6a30, 0x000001e65c8b60d0, 0x000001e6607b2550, 0x000001e6667a50e0,
0x000001e6607b0c00, 0x000001e6667a55f0, 0x000001e668ad5bf0, 0x000001e6693a3490,
0x000001e6667a5b00, 0x000001e669abceb0, 0x000001e65dc65610, 0x000001e6697c2ed0,
0x000001e6697c38f0, 0x000001e6607b1110, 0x000001e6607b1b30, 0x000001e667c96310,
0x000001e668ec22a0, 0x000001e684d6d460
}

Java Threads: ( => current thread )
  0x000001e672dcf7f0 JavaThread "main" [_thread_blocked, id=14104, stack(0x000000cf22300000,0x000000cf22400000)]
  0x000001e67e01d460 JavaThread "Reference Handler" daemon [_thread_blocked, id=49368, stack(0x000000cf22a00000,0x000000cf22b00000)]
  0x000001e67e021e50 JavaThread "Finalizer" daemon [_thread_blocked, id=18304, stack(0x000000cf22b00000,0x000000cf22c00000)]
  0x000001e67e03a170 JavaThread "Signal Dispatcher" daemon [_thread_blocked, id=9736, stack(0x000000cf22c00000,0x000000cf22d00000)]
  0x000001e67e03aa40 JavaThread "Attach Listener" daemon [_thread_blocked, id=12780, stack(0x000000cf22d00000,0x000000cf22e00000)]
  0x000001e67e03b310 JavaThread "Service Thread" daemon [_thread_blocked, id=15084, stack(0x000000cf22e00000,0x000000cf22f00000)]
  0x000001e67e03dbf0 JavaThread "Monitor Deflation Thread" daemon [_thread_blocked, id=19100, stack(0x000000cf22f00000,0x000000cf23000000)]
  0x000001e67e041810 JavaThread "C2 CompilerThread0" daemon [_thread_blocked, id=23796, stack(0x000000cf23000000,0x000000cf23100000)]
  0x000001e67e046e80 JavaThread "C1 CompilerThread0" daemon [_thread_blocked, id=19836, stack(0x000000cf23100000,0x000000cf23200000)]
  0x000001e67e05c030 JavaThread "Sweeper thread" daemon [_thread_blocked, id=34556, stack(0x000000cf23200000,0x000000cf23300000)]
  0x000001e67ec4d120 JavaThread "Common-Cleaner" daemon [_thread_blocked, id=33264, stack(0x000000cf23300000,0x000000cf23400000)]
  0x000001e67ed838e0 JavaThread "Notification Thread" daemon [_thread_blocked, id=47196, stack(0x000000cf23400000,0x000000cf23500000)]
  0x000001e65a7af270 JavaThread "Daemon health stats" [_thread_blocked, id=51392, stack(0x000000cf23e00000,0x000000cf23f00000)]
  0x000001e65b50d660 JavaThread "Incoming local TCP Connector on port 58696" [_thread_in_native, id=14144, stack(0x000000cf23f00000,0x000000cf24000000)]
  0x000001e65b2f05b0 JavaThread "Daemon periodic checks" [_thread_blocked, id=32236, stack(0x000000cf24000000,0x000000cf24100000)]
  0x000001e65b5c40d0 JavaThread "Daemon" [_thread_blocked, id=21808, stack(0x000000cf24100000,0x000000cf24200000)]
  0x000001e65b4a3780 JavaThread "Daemon worker" [_thread_blocked, id=2200, stack(0x000000cf24400000,0x000000cf24500000)]
  0x000001e65b4a3270 JavaThread "Cache worker for journal cache (C:\Users\fuadh\.gradle\caches\journal-1)" [_thread_blocked, id=49100, stack(0x000000cf24800000,0x000000cf24900000)]
  0x000001e65b4a1920 JavaThread "File lock request listener" [_thread_in_native, id=31288, stack(0x000000cf24900000,0x000000cf24a00000)]
  0x000001e65b4a1e30 JavaThread "Cache worker for file hash cache (C:\Users\fuadh\.gradle\caches\8.13\fileHashes)" [_thread_blocked, id=34584, stack(0x000000cf23c00000,0x000000cf23d00000)]
  0x000001e65b4a2d60 JavaThread "File watcher server" daemon [_thread_blocked, id=40344, stack(0x000000cf25100000,0x000000cf25200000)]
  0x000001e65d978f00 JavaThread "File watcher consumer" daemon [_thread_blocked, id=48744, stack(0x000000cf25200000,0x000000cf25300000)]
  0x000001e65d977fd0 JavaThread "jar transforms" [_thread_blocked, id=54252, stack(0x000000cf25600000,0x000000cf25700000)]
  0x000001e65d9775b0 JavaThread "Cache worker for file content cache (C:\Users\fuadh\.gradle\caches\8.13\fileContent)" [_thread_blocked, id=46016, stack(0x000000cf25800000,0x000000cf25900000)]
  0x000001e67f207bd0 JavaThread "Memory manager" [_thread_blocked, id=404, stack(0x000000cf28400000,0x000000cf28500000)]
  0x000001e65fbb44d0 JavaThread "jar transforms Thread 2" [_thread_blocked, id=16832, stack(0x000000cf2e300000,0x000000cf2e400000)]
  0x000001e65fbb6840 JavaThread "jar transforms Thread 3" [_thread_blocked, id=24580, stack(0x000000cf2e500000,0x000000cf2e600000)]
  0x000001e65fbb86a0 JavaThread "jar transforms Thread 4" [_thread_blocked, id=41168, stack(0x000000cf2ef00000,0x000000cf2f000000)]
  0x000001e65fbb8bb0 JavaThread "jar transforms Thread 5" [_thread_blocked, id=13988, stack(0x000000cf2ee00000,0x000000cf2ef00000)]
  0x000001e65fbb7c80 JavaThread "jar transforms Thread 6" [_thread_blocked, id=42540, stack(0x000000cf2f000000,0x000000cf2f100000)]
  0x000001e661505bc0 JavaThread "jar transforms Thread 7" [_thread_blocked, id=29432, stack(0x000000cf2f400000,0x000000cf2f500000)]
  0x000001e661507510 JavaThread "jar transforms Thread 8" [_thread_blocked, id=6420, stack(0x000000cf2f500000,0x000000cf2f600000)]
  0x000001e661507f30 JavaThread "jar transforms Thread 9" [_thread_blocked, id=12104, stack(0x000000cf2f600000,0x000000cf2f700000)]
  0x000001e661508440 JavaThread "jar transforms Thread 10" [_thread_blocked, id=37696, stack(0x000000cf2f700000,0x000000cf2f800000)]
  0x000001e66150a7b0 JavaThread "jar transforms Thread 11" [_thread_blocked, id=47852, stack(0x000000cf2f800000,0x000000cf2f900000)]
  0x000001e66150b1d0 JavaThread "jar transforms Thread 12" [_thread_blocked, id=16604, stack(0x000000cf2e400000,0x000000cf2e500000)]
  0x000001e65da90350 JavaThread "Handler for socket connection from /127.0.0.1:58696 to /127.0.0.1:57630" [_thread_in_native, id=25404, stack(0x000000cf24200000,0x000000cf24300000)]
  0x000001e65da8f930 JavaThread "Cancel handler" [_thread_blocked, id=55064, stack(0x000000cf24300000,0x000000cf24400000)]
  0x000001e65da91790 JavaThread "Asynchronous log dispatcher for DefaultDaemonConnection: socket connection from /127.0.0.1:58696 to /127.0.0.1:57630" [_thread_blocked, id=8928, stack(0x000000cf24500000,0x000000cf24600000)]
  0x000001e65da90860 JavaThread "Stdin handler" [_thread_blocked, id=30504, stack(0x000000cf24600000,0x000000cf24700000)]
  0x000001e65da926c0 JavaThread "Daemon client event forwarder" [_thread_blocked, id=14448, stack(0x000000cf24700000,0x000000cf24800000)]
  0x000001e65da90d70 JavaThread "Cache worker for file hash cache (C:\Users\fuadh\projects\friends_hangout_app\android\.gradle\8.13\fileHashes)" [_thread_blocked, id=51620, stack(0x000000cf24a00000,0x000000cf24b00000)]
  0x000001e65da8f420 JavaThread "Cache worker for Build Output Cleanup Cache (C:\Users\fuadh\projects\friends_hangout_app\android\.gradle\buildOutputCleanup)" [_thread_blocked, id=13236, stack(0x000000cf24b00000,0x000000cf24c00000)]
  0x000001e65da935f0 JavaThread "Cache worker for checksums cache (C:\Users\fuadh\projects\friends_hangout_app\android\.gradle\8.13\checksums)" [_thread_blocked, id=23360, stack(0x000000cf25900000,0x000000cf25a00000)]
  0x000001e65da91ca0 JavaThread "Cache worker for cache directory md-supplier (C:\Users\fuadh\.gradle\caches\8.13\md-supplier)" [_thread_blocked, id=1720, stack(0x000000cf25a00000,0x000000cf25b00000)]
  0x000001e65da93b00 JavaThread "Cache worker for cache directory md-rule (C:\Users\fuadh\.gradle\caches\8.13\md-rule)" [_thread_blocked, id=44244, stack(0x000000cf25b00000,0x000000cf25c00000)]
  0x000001e65da94010 JavaThread "Cache worker for Build Output Cleanup Cache (C:\Users\fuadh\projects\friends_hangout_app\node_modules\@react-native\gradle-plugin\.gradle\buildOutputCleanup)" [_thread_blocked, id=24692, stack(0x000000cf25c00000,0x000000cf25d00000)]
  0x000001e65da921b0 JavaThread "Unconstrained build operations" [_thread_blocked, id=49288, stack(0x000000cf25d00000,0x000000cf25e00000)]
  0x000001e65da930e0 JavaThread "Unconstrained build operations Thread 2" [_thread_blocked, id=54792, stack(0x000000cf25e00000,0x000000cf25f00000)]
  0x000001e65da94520 JavaThread "Unconstrained build operations Thread 3" [_thread_blocked, id=12500, stack(0x000000cf25f00000,0x000000cf26000000)]
  0x000001e65da94a30 JavaThread "Unconstrained build operations Thread 4" [_thread_blocked, id=54544, stack(0x000000cf26000000,0x000000cf26100000)]
  0x000001e65da96890 JavaThread "Unconstrained build operations Thread 5" [_thread_blocked, id=56956, stack(0x000000cf26100000,0x000000cf26200000)]
  0x000001e65da95960 JavaThread "Unconstrained build operations Thread 6" [_thread_blocked, id=34772, stack(0x000000cf26200000,0x000000cf26300000)]
  0x000001e65da95e70 JavaThread "Unconstrained build operations Thread 7" [_thread_blocked, id=11168, stack(0x000000cf26300000,0x000000cf26400000)]
  0x000001e65da96da0 JavaThread "Unconstrained build operations Thread 8" [_thread_blocked, id=1676, stack(0x000000cf26400000,0x000000cf26500000)]
  0x000001e65da94f40 JavaThread "Unconstrained build operations Thread 9" [_thread_blocked, id=54560, stack(0x000000cf26500000,0x000000cf26600000)]
  0x000001e65da95450 JavaThread "Unconstrained build operations Thread 10" [_thread_blocked, id=35064, stack(0x000000cf26600000,0x000000cf26700000)]
  0x000001e65da96380 JavaThread "Unconstrained build operations Thread 11" [_thread_blocked, id=36992, stack(0x000000cf26700000,0x000000cf26800000)]
  0x000001e65fbb6330 JavaThread "Unconstrained build operations Thread 12" [_thread_blocked, id=5184, stack(0x000000cf26800000,0x000000cf26900000)]
  0x000001e65fbb49e0 JavaThread "Unconstrained build operations Thread 13" [_thread_blocked, id=9384, stack(0x000000cf26900000,0x000000cf26a00000)]
  0x000001e65fbb3090 JavaThread "Unconstrained build operations Thread 14" [_thread_blocked, id=8772, stack(0x000000cf26a00000,0x000000cf26b00000)]
  0x000001e65fbb35a0 JavaThread "Unconstrained build operations Thread 15" [_thread_blocked, id=45464, stack(0x000000cf26b00000,0x000000cf26c00000)]
  0x000001e65fbb4ef0 JavaThread "Unconstrained build operations Thread 16" [_thread_blocked, id=14932, stack(0x000000cf26c00000,0x000000cf26d00000)]
  0x000001e65fbb6d50 JavaThread "Unconstrained build operations Thread 17" [_thread_blocked, id=20516, stack(0x000000cf26d00000,0x000000cf26e00000)]
  0x000001e65fbb7260 JavaThread "Unconstrained build operations Thread 18" [_thread_blocked, id=40520, stack(0x000000cf26e00000,0x000000cf26f00000)]
  0x000001e65fbb5910 JavaThread "Unconstrained build operations Thread 19" [_thread_blocked, id=49952, stack(0x000000cf26f00000,0x000000cf27000000)]
  0x000001e65fbb3ab0 JavaThread "Unconstrained build operations Thread 20" [_thread_blocked, id=21724, stack(0x000000cf27000000,0x000000cf27100000)]
  0x000001e65fbb7770 JavaThread "Unconstrained build operations Thread 21" [_thread_blocked, id=38716, stack(0x000000cf27100000,0x000000cf27200000)]
  0x000001e65fbb5e20 JavaThread "Unconstrained build operations Thread 22" [_thread_blocked, id=32704, stack(0x000000cf27200000,0x000000cf27300000)]
  0x000001e65fbb3fc0 JavaThread "Unconstrained build operations Thread 23" [_thread_blocked, id=43444, stack(0x000000cf27300000,0x000000cf27400000)]
  0x000001e65fbb5400 JavaThread "Unconstrained build operations Thread 24" [_thread_blocked, id=50560, stack(0x000000cf27400000,0x000000cf27500000)]
  0x000001e65fbb9ae0 JavaThread "Unconstrained build operations Thread 25" [_thread_blocked, id=22088, stack(0x000000cf27500000,0x000000cf27600000)]
  0x000001e65fbb9ff0 JavaThread "Unconstrained build operations Thread 26" [_thread_blocked, id=47864, stack(0x000000cf27600000,0x000000cf27700000)]
  0x000001e65fbba500 JavaThread "build event listener" [_thread_blocked, id=30956, stack(0x000000cf27700000,0x000000cf27800000)]
  0x000001e65d9770a0 JavaThread "included builds" [_thread_blocked, id=39104, stack(0x000000cf27900000,0x000000cf27a00000)]
  0x000001e65d979e30 JavaThread "Execution worker" [_thread_blocked, id=8940, stack(0x000000cf27a00000,0x000000cf27b00000)]
  0x000001e65d97a340 JavaThread "Execution worker Thread 2" [_thread_blocked, id=28924, stack(0x000000cf27b00000,0x000000cf27c00000)]
  0x000001e65d97b270 JavaThread "Execution worker Thread 3" [_thread_blocked, id=45980, stack(0x000000cf27c00000,0x000000cf27d00000)]
  0x000001e65d97ad60 JavaThread "Execution worker Thread 4" [_thread_blocked, id=44812, stack(0x000000cf27d00000,0x000000cf27e00000)]
  0x000001e65d97a850 JavaThread "Execution worker Thread 5" [_thread_blocked, id=3920, stack(0x000000cf27e00000,0x000000cf27f00000)]
  0x000001e65d977ac0 JavaThread "Execution worker Thread 6" [_thread_blocked, id=30288, stack(0x000000cf27f00000,0x000000cf28000000)]
  0x000001e65d97e000 JavaThread "Execution worker Thread 7" [_thread_blocked, id=53184, stack(0x000000cf28000000,0x000000cf28100000)]
  0x000001e65d97d0d0 JavaThread "Execution worker Thread 8" [_thread_blocked, id=4920, stack(0x000000cf28100000,0x000000cf28200000)]
  0x000001e65d97ea20 JavaThread "Execution worker Thread 9" [_thread_blocked, id=9752, stack(0x000000cf28200000,0x000000cf28300000)]
  0x000001e65d97c1a0 JavaThread "Execution worker Thread 10" [_thread_blocked, id=35340, stack(0x000000cf28300000,0x000000cf28400000)]
  0x000001e65d97d5e0 JavaThread "Execution worker Thread 11" [_thread_blocked, id=24012, stack(0x000000cf29000000,0x000000cf29100000)]
  0x000001e65d97bc90 JavaThread "Cache worker for execution history cache (C:\Users\fuadh\projects\friends_hangout_app\node_modules\@react-native\gradle-plugin\.gradle\8.13\executionHistory)" [_thread_blocked, id=51336, stack(0x000000cf29100000,0x000000cf29200000)]
  0x000001e65d97cbc0 JavaThread "Unconstrained build operations Thread 27" [_thread_blocked, id=40140, stack(0x000000cf29200000,0x000000cf29300000)]
  0x000001e67f206280 JavaThread "Unconstrained build operations Thread 28" [_thread_blocked, id=23132, stack(0x000000cf29300000,0x000000cf29400000)]
  0x000001e67f204420 JavaThread "Unconstrained build operations Thread 29" [_thread_blocked, id=35896, stack(0x000000cf29400000,0x000000cf29500000)]
  0x000001e67f205350 JavaThread "Unconstrained build operations Thread 30" [_thread_blocked, id=13280, stack(0x000000cf29500000,0x000000cf29600000)]
  0x000001e67f206790 JavaThread "Unconstrained build operations Thread 31" [_thread_blocked, id=2428, stack(0x000000cf29600000,0x000000cf29700000)]
  0x000001e67f20a960 JavaThread "Unconstrained build operations Thread 32" [_thread_blocked, id=12168, stack(0x000000cf29700000,0x000000cf29800000)]
  0x000001e67f20ae70 JavaThread "Unconstrained build operations Thread 33" [_thread_blocked, id=19328, stack(0x000000cf29800000,0x000000cf29900000)]
  0x000001e67f20b380 JavaThread "Unconstrained build operations Thread 34" [_thread_blocked, id=5824, stack(0x000000cf29900000,0x000000cf29a00000)]
  0x000001e67f20b890 JavaThread "Unconstrained build operations Thread 35" [_thread_blocked, id=25520, stack(0x000000cf29a00000,0x000000cf29b00000)]
  0x000001e65b4a41a0 JavaThread "Unconstrained build operations Thread 36" [_thread_blocked, id=48956, stack(0x000000cf29b00000,0x000000cf29c00000)]
  0x000001e65b4a46b0 JavaThread "Unconstrained build operations Thread 37" [_thread_blocked, id=53488, stack(0x000000cf29c00000,0x000000cf29d00000)]
  0x000001e65b4a0f00 JavaThread "Unconstrained build operations Thread 38" [_thread_blocked, id=19808, stack(0x000000cf29d00000,0x000000cf29e00000)]
  0x000001e65b4a2340 JavaThread "Unconstrained build operations Thread 39" [_thread_blocked, id=17904, stack(0x000000cf29e00000,0x000000cf29f00000)]
  0x000001e65b4a2850 JavaThread "Unconstrained build operations Thread 40" [_thread_blocked, id=37700, stack(0x000000cf29f00000,0x000000cf2a000000)]
  0x000001e65b4a1410 JavaThread "Unconstrained build operations Thread 41" [_thread_blocked, id=26288, stack(0x000000cf2a000000,0x000000cf2a100000)]
  0x000001e6615060d0 JavaThread "Unconstrained build operations Thread 42" [_thread_blocked, id=20680, stack(0x000000cf2a100000,0x000000cf2a200000)]
  0x000001e661506af0 JavaThread "Unconstrained build operations Thread 43" [_thread_blocked, id=19240, stack(0x000000cf2a200000,0x000000cf2a300000)]
  0x000001e6684131a0 JavaThread "Unconstrained build operations Thread 44" [_thread_blocked, id=36196, stack(0x000000cf2a300000,0x000000cf2a400000)]
  0x000001e668411850 JavaThread "Unconstrained build operations Thread 45" [_thread_blocked, id=13364, stack(0x000000cf2a400000,0x000000cf2a500000)]
  0x000001e6684136b0 JavaThread "Unconstrained build operations Thread 46" [_thread_blocked, id=45960, stack(0x000000cf2a500000,0x000000cf2a600000)]
  0x000001e6684145e0 JavaThread "Unconstrained build operations Thread 47" [_thread_blocked, id=46536, stack(0x000000cf2a600000,0x000000cf2a700000)]
  0x000001e668413bc0 JavaThread "Unconstrained build operations Thread 48" [_thread_blocked, id=12652, stack(0x000000cf2a700000,0x000000cf2a800000)]
  0x000001e6684140d0 JavaThread "Unconstrained build operations Thread 49" [_thread_blocked, id=56412, stack(0x000000cf2a800000,0x000000cf2a900000)]
  0x000001e668410e30 JavaThread "Unconstrained build operations Thread 50" [_thread_blocked, id=41448, stack(0x000000cf2a900000,0x000000cf2aa00000)]
  0x000001e668412c90 JavaThread "Unconstrained build operations Thread 51" [_thread_blocked, id=5828, stack(0x000000cf2aa00000,0x000000cf2ab00000)]
  0x000001e668412270 JavaThread "Unconstrained build operations Thread 52" [_thread_blocked, id=53908, stack(0x000000cf2ab00000,0x000000cf2ac00000)]
  0x000001e668412780 JavaThread "Unconstrained build operations Thread 53" [_thread_blocked, id=32280, stack(0x000000cf2ac00000,0x000000cf2ad00000)]
  0x000001e668414af0 JavaThread "Unconstrained build operations Thread 54" [_thread_blocked, id=33140, stack(0x000000cf2ad00000,0x000000cf2ae00000)]
  0x000001e668411340 JavaThread "Unconstrained build operations Thread 55" [_thread_blocked, id=44572, stack(0x000000cf2ae00000,0x000000cf2af00000)]
  0x000001e668415000 JavaThread "Unconstrained build operations Thread 56" [_thread_blocked, id=41204, stack(0x000000cf2af00000,0x000000cf2b000000)]
  0x000001e668415510 JavaThread "Unconstrained build operations Thread 57" [_thread_blocked, id=49284, stack(0x000000cf2b000000,0x000000cf2b100000)]
  0x000001e668411d60 JavaThread "Unconstrained build operations Thread 58" [_thread_blocked, id=19824, stack(0x000000cf2b100000,0x000000cf2b200000)]
  0x000001e668417370 JavaThread "Unconstrained build operations Thread 59" [_thread_blocked, id=32712, stack(0x000000cf2b200000,0x000000cf2b300000)]
  0x000001e668416950 JavaThread "Unconstrained build operations Thread 60" [_thread_blocked, id=39272, stack(0x000000cf2b300000,0x000000cf2b400000)]
  0x000001e668417d90 JavaThread "Unconstrained build operations Thread 61" [_thread_blocked, id=40556, stack(0x000000cf2b400000,0x000000cf2b500000)]
  0x000001e668415a20 JavaThread "Unconstrained build operations Thread 62" [_thread_blocked, id=21856, stack(0x000000cf2b500000,0x000000cf2b600000)]
  0x000001e668417880 JavaThread "Unconstrained build operations Thread 63" [_thread_blocked, id=50344, stack(0x000000cf2b600000,0x000000cf2b700000)]
  0x000001e6684182a0 JavaThread "Unconstrained build operations Thread 64" [_thread_blocked, id=14256, stack(0x000000cf2b700000,0x000000cf2b800000)]
  0x000001e6684187b0 JavaThread "Unconstrained build operations Thread 65" [_thread_blocked, id=41864, stack(0x000000cf2b800000,0x000000cf2b900000)]
  0x000001e668416e60 JavaThread "Unconstrained build operations Thread 66" [_thread_blocked, id=9076, stack(0x000000cf2b900000,0x000000cf2ba00000)]
  0x000001e668415f30 JavaThread "Unconstrained build operations Thread 67" [_thread_blocked, id=34716, stack(0x000000cf2ba00000,0x000000cf2bb00000)]
  0x000001e668416440 JavaThread "Unconstrained build operations Thread 68" [_thread_blocked, id=54168, stack(0x000000cf2bb00000,0x000000cf2bc00000)]
  0x000001e65c9fa6f0 JavaThread "Unconstrained build operations Thread 69" [_thread_blocked, id=20924, stack(0x000000cf22000000,0x000000cf22100000)]
  0x000001e65c9f6f40 JavaThread "Unconstrained build operations Thread 70" [_thread_blocked, id=23928, stack(0x000000cf22100000,0x000000cf22200000)]
  0x000001e65c9f8380 JavaThread "Unconstrained build operations Thread 71" [_thread_blocked, id=34012, stack(0x000000cf22200000,0x000000cf22300000)]
  0x000001e65c9f7450 JavaThread "Unconstrained build operations Thread 72" [_thread_blocked, id=26240, stack(0x000000cf25300000,0x000000cf25400000)]
  0x000001e65c9f7e70 JavaThread "Unconstrained build operations Thread 73" [_thread_blocked, id=56072, stack(0x000000cf25700000,0x000000cf25800000)]
  0x000001e65c9f9cd0 JavaThread "Unconstrained build operations Thread 74" [_thread_blocked, id=8384, stack(0x000000cf2bc00000,0x000000cf2bd00000)]
  0x000001e65c9fa1e0 JavaThread "Unconstrained build operations Thread 75" [_thread_blocked, id=53200, stack(0x000000cf2bd00000,0x000000cf2be00000)]
  0x000001e65c9f7960 JavaThread "Unconstrained build operations Thread 76" [_thread_blocked, id=49468, stack(0x000000cf2be00000,0x000000cf2bf00000)]
  0x000001e65c9f8890 JavaThread "Unconstrained build operations Thread 77" [_thread_blocked, id=19032, stack(0x000000cf2bf00000,0x000000cf2c000000)]
  0x000001e65c9f8da0 JavaThread "Unconstrained build operations Thread 78" [_thread_blocked, id=30124, stack(0x000000cf2c000000,0x000000cf2c100000)]
  0x000001e65c9f92b0 JavaThread "Unconstrained build operations Thread 79" [_thread_blocked, id=53464, stack(0x000000cf2c100000,0x000000cf2c200000)]
  0x000001e6662452a0 JavaThread "Unconstrained build operations Thread 80" [_thread_blocked, id=38100, stack(0x000000cf2c200000,0x000000cf2c300000)]
  0x000001e666242510 JavaThread "Unconstrained build operations Thread 81" [_thread_blocked, id=54680, stack(0x000000cf2c300000,0x000000cf2c400000)]
  0x000001e6662457b0 JavaThread "Unconstrained build operations Thread 82" [_thread_blocked, id=44356, stack(0x000000cf2c400000,0x000000cf2c500000)]
  0x000001e666244370 JavaThread "Unconstrained build operations Thread 83" [_thread_blocked, id=54676, stack(0x000000cf2c500000,0x000000cf2c600000)]
  0x000001e666242000 JavaThread "Unconstrained build operations Thread 84" [_thread_blocked, id=54448, stack(0x000000cf2c600000,0x000000cf2c700000)]
  0x000001e666243950 JavaThread "Unconstrained build operations Thread 85" [_thread_blocked, id=21708, stack(0x000000cf2c700000,0x000000cf2c800000)]
  0x000001e666243440 JavaThread "Unconstrained build operations Thread 86" [_thread_blocked, id=22068, stack(0x000000cf2c800000,0x000000cf2c900000)]
  0x000001e666245cc0 JavaThread "Unconstrained build operations Thread 87" [_thread_blocked, id=39324, stack(0x000000cf2c900000,0x000000cf2ca00000)]
  0x000001e666242f30 JavaThread "Unconstrained build operations Thread 88" [_thread_blocked, id=40576, stack(0x000000cf2ca00000,0x000000cf2cb00000)]
  0x000001e666244d90 JavaThread "Unconstrained build operations Thread 89" [_thread_blocked, id=17968, stack(0x000000cf2cb00000,0x000000cf2cc00000)]
  0x000001e6662461d0 JavaThread "Unconstrained build operations Thread 90" [_thread_blocked, id=55568, stack(0x000000cf2cc00000,0x000000cf2cd00000)]
  0x000001e666243e60 JavaThread "Unconstrained build operations Thread 91" [_thread_blocked, id=41312, stack(0x000000cf2cd00000,0x000000cf2ce00000)]
  0x000001e666244880 JavaThread "Unconstrained build operations Thread 92" [_thread_blocked, id=6020, stack(0x000000cf2ce00000,0x000000cf2cf00000)]
  0x000001e666242a20 JavaThread "Unconstrained build operations Thread 93" [_thread_blocked, id=7848, stack(0x000000cf2cf00000,0x000000cf2d000000)]
  0x000001e666248540 JavaThread "Unconstrained build operations Thread 94" [_thread_blocked, id=54828, stack(0x000000cf2d000000,0x000000cf2d100000)]
  0x000001e666249470 JavaThread "Unconstrained build operations Thread 95" [_thread_blocked, id=54880, stack(0x000000cf2d100000,0x000000cf2d200000)]
  0x000001e666248a50 JavaThread "Unconstrained build operations Thread 96" [_thread_blocked, id=53240, stack(0x000000cf2d200000,0x000000cf2d300000)]
  0x000001e6662466e0 JavaThread "Unconstrained build operations Thread 97" [_thread_blocked, id=6868, stack(0x000000cf2d300000,0x000000cf2d400000)]
  0x000001e666248f60 JavaThread "Unconstrained build operations Thread 98" [_thread_blocked, id=21836, stack(0x000000cf2d400000,0x000000cf2d500000)]
  0x000001e666247100 JavaThread "Unconstrained build operations Thread 99" [_thread_blocked, id=7484, stack(0x000000cf2d500000,0x000000cf2d600000)]
  0x000001e666249980 JavaThread "Unconstrained build operations Thread 100" [_thread_blocked, id=32828, stack(0x000000cf2d600000,0x000000cf2d700000)]
  0x000001e666246bf0 JavaThread "build event listener" [_thread_blocked, id=46264, stack(0x000000cf2d900000,0x000000cf2da00000)]
  0x000001e666247610 JavaThread "Problems report writer" [_thread_blocked, id=1544, stack(0x000000cf2da00000,0x000000cf2db00000)]
  0x000001e65c9f97c0 JavaThread "Unconstrained build operations Thread 101" [_thread_blocked, id=49964, stack(0x000000cf2db00000,0x000000cf2dc00000)]
  0x000001e65f885650 JavaThread "Unconstrained build operations Thread 102" [_thread_blocked, id=7436, stack(0x000000cf2dc00000,0x000000cf2dd00000)]
  0x000001e65f883d00 JavaThread "Unconstrained build operations Thread 103" [_thread_blocked, id=54976, stack(0x000000cf2dd00000,0x000000cf2de00000)]
  0x000001e65f882dd0 JavaThread "Unconstrained build operations Thread 104" [_thread_blocked, id=9536, stack(0x000000cf2de00000,0x000000cf2df00000)]
  0x000001e65f8832e0 JavaThread "Unconstrained build operations Thread 105" [_thread_blocked, id=35680, stack(0x000000cf2df00000,0x000000cf2e000000)]
  0x000001e65f885b60 JavaThread "Unconstrained build operations Thread 106" [_thread_blocked, id=46812, stack(0x000000cf2e000000,0x000000cf2e100000)]
  0x000001e65f885140 JavaThread "Unconstrained build operations Thread 107" [_thread_blocked, id=43556, stack(0x000000cf2e100000,0x000000cf2e200000)]
  0x000001e65f8837f0 JavaThread "Unconstrained build operations Thread 108" [_thread_blocked, id=42948, stack(0x000000cf2e200000,0x000000cf2e300000)]
  0x000001e65f884720 JavaThread "Unconstrained build operations Thread 109" [_thread_blocked, id=45880, stack(0x000000cf2e600000,0x000000cf2e700000)]
  0x000001e65f884210 JavaThread "Unconstrained build operations Thread 110" [_thread_blocked, id=31904, stack(0x000000cf2e700000,0x000000cf2e800000)]
  0x000001e65f884c30 JavaThread "Unconstrained build operations Thread 111" [_thread_blocked, id=56664, stack(0x000000cf2e800000,0x000000cf2e900000)]
  0x000001e65f8823b0 JavaThread "Unconstrained build operations Thread 112" [_thread_blocked, id=17740, stack(0x000000cf2e900000,0x000000cf2ea00000)]
  0x000001e65f886070 JavaThread "Unconstrained build operations Thread 113" [_thread_blocked, id=32696, stack(0x000000cf2ea00000,0x000000cf2eb00000)]
  0x000001e65f8828c0 JavaThread "Unconstrained build operations Thread 114" [_thread_blocked, id=14868, stack(0x000000cf2eb00000,0x000000cf2ec00000)]
  0x000001e65f887ed0 JavaThread "Unconstrained build operations Thread 115" [_thread_blocked, id=39504, stack(0x000000cf2ec00000,0x000000cf2ed00000)]
  0x000001e65f8883e0 JavaThread "Unconstrained build operations Thread 116" [_thread_blocked, id=30628, stack(0x000000cf2ed00000,0x000000cf2ee00000)]
  0x000001e65f8879c0 JavaThread "Unconstrained build operations Thread 117" [_thread_blocked, id=33580, stack(0x000000cf2f200000,0x000000cf2f300000)]
  0x000001e65f8888f0 JavaThread "Unconstrained build operations Thread 118" [_thread_blocked, id=18096, stack(0x000000cf2f300000,0x000000cf2f400000)]
  0x000001e65f888e00 JavaThread "Unconstrained build operations Thread 119" [_thread_blocked, id=4648, stack(0x000000cf2f900000,0x000000cf2fa00000)]
  0x000001e65f886a90 JavaThread "Unconstrained build operations Thread 120" [_thread_blocked, id=18588, stack(0x000000cf30000000,0x000000cf30100000)]
  0x000001e65deba5d0 JavaThread "Cache worker for execution history cache (C:\Users\fuadh\projects\friends_hangout_app\android\.gradle\8.13\executionHistory)" [_thread_blocked, id=37052, stack(0x000000cf30600000,0x000000cf30700000)]
  0x000001e65debe290 JavaThread "WorkerExecutor Queue" [_thread_blocked, id=39532, stack(0x000000cf23600000,0x000000cf23700000)]
  0x000001e65debc430 JavaThread "WorkerExecutor Queue Thread 2" [_thread_blocked, id=30392, stack(0x000000cf27800000,0x000000cf27900000)]
  0x000001e65debdd80 JavaThread "WorkerExecutor Queue Thread 5" [_thread_blocked, id=22652, stack(0x000000cf28600000,0x000000cf28700000)]
  0x000001e65debf1c0 JavaThread "WorkerExecutor Queue Thread 6" [_thread_blocked, id=54400, stack(0x000000cf28900000,0x000000cf28a00000)]
  0x000001e65debf6d0 JavaThread "WorkerExecutor Queue Thread 7" [_thread_blocked, id=36496, stack(0x000000cf28a00000,0x000000cf28b00000)]
  0x000001e65dec0600 JavaThread "WorkerExecutor Queue Thread 9" [_thread_blocked, id=13644, stack(0x000000cf28c00000,0x000000cf28d00000)]
  0x000001e65dec1020 JavaThread "WorkerExecutor Queue Thread 12" [_thread_blocked, id=49124, stack(0x000000cf28800000,0x000000cf28900000)]
  0x000001e65dec42c0 JavaThread "WorkerExecutor Queue Thread 14" [_thread_blocked, id=19988, stack(0x000000cf28e00000,0x000000cf28f00000)]
  0x000001e65dec2460 JavaThread "WorkerExecutor Queue Thread 15" [_thread_blocked, id=4368, stack(0x000000cf28500000,0x000000cf28600000)]
  0x000001e65debd360 JavaThread "Cache worker for Java compile cache (C:\Users\fuadh\.gradle\caches\8.13\javaCompile)" [_thread_blocked, id=52640, stack(0x000000cf2d700000,0x000000cf2d800000)]
  0x000001e65dec47d0 JavaThread "RMI Scheduler(0)" daemon [_thread_blocked, id=47672, stack(0x000000cf28f00000,0x000000cf29000000)]
  0x000001e65dec51f0 JavaThread "RMI GC Daemon" daemon [_thread_blocked, id=45036, stack(0x000000cf2f100000,0x000000cf2f200000)]
  0x000001e65dec1f50 JavaThread "RMI TCP Accept-0" daemon [_thread_in_native, id=41508, stack(0x000000cf2ff00000,0x000000cf30000000)]
  0x000001e65dec38a0 JavaThread "RMI Reaper" [_thread_blocked, id=56816, stack(0x000000cf30700000,0x000000cf30800000)]
  0x000001e65dec6b40 JavaThread "Build operations" [_thread_blocked, id=4948, stack(0x000000cf30900000,0x000000cf30a00000)]
  0x000001e65dec6630 JavaThread "Build operations Thread 2" [_thread_blocked, id=9696, stack(0x000000cf30a00000,0x000000cf30b00000)]
  0x000001e65dec7050 JavaThread "Build operations Thread 3" [_thread_blocked, id=4416, stack(0x000000cf30b00000,0x000000cf30c00000)]
  0x000001e65dec7560 JavaThread "Build operations Thread 4" [_thread_blocked, id=54244, stack(0x000000cf30c00000,0x000000cf30d00000)]
  0x000001e65dec3db0 JavaThread "Build operations Thread 5" [_thread_blocked, id=22128, stack(0x000000cf30d00000,0x000000cf30e00000)]
  0x000001e65dec7a70 JavaThread "Build operations Thread 6" [_thread_blocked, id=40824, stack(0x000000cf30e00000,0x000000cf30f00000)]
  0x000001e67f2076c0 JavaThread "Build operations Thread 7" [_thread_blocked, id=29960, stack(0x000000cf30f00000,0x000000cf31000000)]
  0x000001e67f2085f0 JavaThread "Build operations Thread 8" [_thread_blocked, id=23884, stack(0x000000cf31000000,0x000000cf31100000)]
  0x000001e67f204e40 JavaThread "Build operations Thread 9" [_thread_blocked, id=49644, stack(0x000000cf31100000,0x000000cf31200000)]
  0x000001e67f206ca0 JavaThread "Build operations Thread 10" [_thread_blocked, id=8296, stack(0x000000cf31200000,0x000000cf31300000)]
  0x000001e67f205d70 JavaThread "Build operations Thread 11" [_thread_blocked, id=37500, stack(0x000000cf31300000,0x000000cf31400000)]
  0x000001e65deb8c80 JavaThread "Build operations Thread 12" [_thread_blocked, id=51228, stack(0x000000cf31400000,0x000000cf31500000)]
  0x000001e65dec2e80 JavaThread "WorkerExecutor Queue Thread 16" [_thread_blocked, id=2164, stack(0x000000cf31600000,0x000000cf31700000)]
  0x000001e6667c2900 JavaThread "pool-5-thread-1" [_thread_blocked, id=10456, stack(0x000000cf2fe00000,0x000000cf2ff00000)]
  0x000001e6667bfb70 JavaThread "stderr" [_thread_in_native, id=38408, stack(0x000000cf28b00000,0x000000cf28c00000)]
  0x000001e6667c0590 JavaThread "stderr" [_thread_in_native, id=53172, stack(0x000000cf2fc00000,0x000000cf2fd00000)]
  0x000001e6667c4250 JavaThread "stdout" [_thread_in_native, id=28920, stack(0x000000cf30800000,0x000000cf30900000)]
  0x000001e6667c0aa0 JavaThread "stdout" [_thread_in_native, id=1628, stack(0x000000cf31700000,0x000000cf31800000)]
  0x000001e6667c4760 JavaThread "stderr" [_thread_in_native, id=23292, stack(0x000000cf31800000,0x000000cf31900000)]
  0x000001e6667c14c0 JavaThread "stdout" [_thread_in_native, id=38196, stack(0x000000cf31900000,0x000000cf31a00000)]
  0x000001e6667c6ad0 JavaThread "stderr" [_thread_in_native, id=23184, stack(0x000000cf31a00000,0x000000cf31b00000)]
  0x000001e6667c7f10 JavaThread "stdout" [_thread_in_native, id=51184, stack(0x000000cf31b00000,0x000000cf31c00000)]
  0x000001e6667c65c0 JavaThread "stderr" [_thread_in_native, id=27452, stack(0x000000cf31c00000,0x000000cf31d00000)]
  0x000001e6667c5ba0 JavaThread "stdout" [_thread_in_native, id=15252, stack(0x000000cf31d00000,0x000000cf31e00000)]
  0x000001e6667c8420 JavaThread "stderr" [_thread_in_native, id=17112, stack(0x000000cf31e00000,0x000000cf31f00000)]
  0x000001e6667c8930 JavaThread "stdout" [_thread_in_native, id=15000, stack(0x000000cf31f00000,0x000000cf32000000)]
  0x000001e6667c5180 JavaThread "stderr" [_thread_in_native, id=49364, stack(0x000000cf32200000,0x000000cf32300000)]
  0x000001e6667c9350 JavaThread "stdout" [_thread_in_native, id=55352, stack(0x000000cf32300000,0x000000cf32400000)]
  0x000001e6667c60b0 JavaThread "stderr" [_thread_in_native, id=30492, stack(0x000000cf32400000,0x000000cf32500000)]
  0x000001e6667cd010 JavaThread "stdout" [_thread_in_native, id=42924, stack(0x000000cf32500000,0x000000cf32600000)]
  0x000001e6667ccb00 JavaThread "RMI TCP Connection(idle)" daemon [_thread_blocked, id=15480, stack(0x000000cf32600000,0x000000cf32700000)]
  0x000001e6667cdf40 JavaThread "WorkerExecutor Queue Thread 18" [_thread_blocked, id=50476, stack(0x000000cf2d800000,0x000000cf2d900000)]
  0x000001e6693a39a0 JavaThread "WorkerExecutor Queue Thread 19" [_thread_blocked, id=8044, stack(0x000000cf28d00000,0x000000cf28e00000)]
  0x000001e668ec0e60 JavaThread "Java2D Disposer" daemon [_thread_blocked, id=38256, stack(0x000000cf28700000,0x000000cf28800000)]
  0x000001e668ec1880 JavaThread "AWT-Windows" daemon [_thread_in_native, id=47072, stack(0x000000cf33c00000,0x000000cf33d00000)]
  0x000001e65bcb3d80 JavaThread "DefaultDispatcher-worker-1" daemon [_thread_blocked, id=19280, stack(0x000000cf33f00000,0x000000cf34000000)]
  0x000001e6667a6520 JavaThread "DefaultDispatcher-worker-1" daemon [_thread_blocked, id=42680, stack(0x000000cf34000000,0x000000cf34100000)]
  0x000001e667c958f0 JavaThread "DefaultDispatcher-worker-4" daemon [_thread_blocked, id=36372, stack(0x000000cf34100000,0x000000cf34200000)]
  0x000001e668ec1d90 JavaThread "DefaultDispatcher-worker-2" daemon [_thread_blocked, id=33120, stack(0x000000cf34200000,0x000000cf34300000)]
  0x000001e6693a2f80 JavaThread "DefaultDispatcher-worker-8" daemon [_thread_blocked, id=20244, stack(0x000000cf34300000,0x000000cf34400000)]
  0x000001e660809aa0 JavaThread "DefaultDispatcher-worker-9" daemon [_thread_blocked, id=16620, stack(0x000000cf34400000,0x000000cf34500000)]
  0x000001e669abdde0 JavaThread "DefaultDispatcher-worker-2" daemon [_thread_blocked, id=38700, stack(0x000000cf34500000,0x000000cf34600000)]
  0x000001e6667a6a30 JavaThread "DefaultDispatcher-worker-5" daemon [_thread_blocked, id=55612, stack(0x000000cf34600000,0x000000cf34700000)]
  0x000001e65c8b60d0 JavaThread "DefaultDispatcher-worker-6" daemon [_thread_blocked, id=48684, stack(0x000000cf34700000,0x000000cf34800000)]
  0x000001e6607b2550 JavaThread "DefaultDispatcher-worker-7" daemon [_thread_blocked, id=26324, stack(0x000000cf34800000,0x000000cf34900000)]
  0x000001e6667a50e0 JavaThread "DefaultDispatcher-worker-3" daemon [_thread_blocked, id=39884, stack(0x000000cf34900000,0x000000cf34a00000)]
  0x000001e6607b0c00 JavaThread "DefaultDispatcher-worker-3" daemon [_thread_blocked, id=37304, stack(0x000000cf34a00000,0x000000cf34b00000)]
  0x000001e6667a55f0 JavaThread "DefaultDispatcher-worker-10" daemon [_thread_blocked, id=55184, stack(0x000000cf34b00000,0x000000cf34c00000)]
  0x000001e668ad5bf0 JavaThread "DefaultDispatcher-worker-4" daemon [_thread_blocked, id=24060, stack(0x000000cf34c00000,0x000000cf34d00000)]
  0x000001e6693a3490 JavaThread "DefaultDispatcher-worker-12" daemon [_thread_blocked, id=56356, stack(0x000000cf34d00000,0x000000cf34e00000)]
  0x000001e6667a5b00 JavaThread "DefaultDispatcher-worker-11" daemon [_thread_blocked, id=33544, stack(0x000000cf34e00000,0x000000cf34f00000)]
  0x000001e669abceb0 JavaThread "DefaultDispatcher-worker-5" daemon [_thread_blocked, id=52876, stack(0x000000cf34f00000,0x000000cf35000000)]
  0x000001e65dc65610 JavaThread "DefaultDispatcher-worker-6" daemon [_thread_blocked, id=12576, stack(0x000000cf35000000,0x000000cf35100000)]
  0x000001e6697c2ed0 JavaThread "Periodic tasks thread" daemon [_thread_blocked, id=34212, stack(0x000000cf33e00000,0x000000cf33f00000)]
  0x000001e6697c38f0 JavaThread "ApplicationImpl pooled thread 1" [_thread_blocked, id=22960, stack(0x000000cf35100000,0x000000cf35200000)]
  0x000001e6607b1110 JavaThread "ForkJoinPool.commonPool-worker-12" daemon [_thread_blocked, id=12260, stack(0x000000cf35200000,0x000000cf35300000)]
  0x000001e6607b1b30 JavaThread "ForkJoinPool.commonPool-worker-13" daemon [_thread_blocked, id=33724, stack(0x000000cf35300000,0x000000cf35400000)]
  0x000001e667c96310 JavaThread "ForkJoinPool.commonPool-worker-14" daemon [_thread_blocked, id=26892, stack(0x000000cf31500000,0x000000cf31600000)]
  0x000001e668ec22a0 JavaThread "ForkJoinPool.commonPool-worker-15" daemon [_thread_blocked, id=29528, stack(0x000000cf32800000,0x000000cf32900000)]
  0x000001e684d6d460 JavaThread "C2 CompilerThread1" daemon [_thread_blocked, id=4712, stack(0x000000cf2fd00000,0x000000cf2fe00000)]
  0x000001e6608cd2f0 JavaThread "Keep-Alive-Timer" daemon [_thread_blocked, id=52036, stack(0x000000cf32900000,0x000000cf32a00000)]

Other Threads:
=>0x000001e67e018470 VMThread "VM Thread" [stack: 0x000000cf22900000,0x000000cf22a00000] [id=42960]
  0x000001e672dd0580 WatcherThread [stack: 0x000000cf23500000,0x000000cf23600000] [id=9172]
  0x000001e67de819a0 GCTaskThread "GC Thread#0" [stack: 0x000000cf22400000,0x000000cf22500000] [id=49800]
  0x000001e67f0b44a0 GCTaskThread "GC Thread#1" [stack: 0x000000cf23700000,0x000000cf23800000] [id=3116]
  0x000001e67ede9ff0 GCTaskThread "GC Thread#2" [stack: 0x000000cf23800000,0x000000cf23900000] [id=45812]
  0x000001e67f0b6e20 GCTaskThread "GC Thread#3" [stack: 0x000000cf23900000,0x000000cf23a00000] [id=20908]
  0x000001e67f0b70e0 GCTaskThread "GC Thread#4" [stack: 0x000000cf23a00000,0x000000cf23b00000] [id=9512]
  0x000001e67f1eb820 GCTaskThread "GC Thread#5" [stack: 0x000000cf23b00000,0x000000cf23c00000] [id=46204]
  0x000001e65a10a750 GCTaskThread "GC Thread#6" [stack: 0x000000cf23d00000,0x000000cf23e00000] [id=13940]
  0x000001e65bbba9f0 GCTaskThread "GC Thread#7" [stack: 0x000000cf24c00000,0x000000cf24d00000] [id=12616]
  0x000001e65bbbb4f0 GCTaskThread "GC Thread#8" [stack: 0x000000cf24d00000,0x000000cf24e00000] [id=49052]
  0x000001e65bbbb7b0 GCTaskThread "GC Thread#9" [stack: 0x000000cf24e00000,0x000000cf24f00000] [id=29932]
  0x000001e67de933d0 ConcurrentGCThread "G1 Main Marker" [stack: 0x000000cf22500000,0x000000cf22600000] [id=35264]
  0x000001e67de94ab0 ConcurrentGCThread "G1 Conc#0" [stack: 0x000000cf22600000,0x000000cf22700000] [id=39612]
  0x000001e65bbbbff0 ConcurrentGCThread "G1 Conc#1" [stack: 0x000000cf24f00000,0x000000cf25000000] [id=18372]
  0x000001e65bbbbd30 ConcurrentGCThread "G1 Conc#2" [stack: 0x000000cf25000000,0x000000cf25100000] [id=12632]
  0x000001e67df44a30 ConcurrentGCThread "G1 Refine#0" [stack: 0x000000cf22700000,0x000000cf22800000] [id=27272]
  0x000001e65c610c30 ConcurrentGCThread "G1 Refine#1" [stack: 0x000000cf25400000,0x000000cf25500000] [id=56976]
  0x000001e65c60e020 ConcurrentGCThread "G1 Refine#2" [stack: 0x000000cf25500000,0x000000cf25600000] [id=7208]
  0x000001e65fb52430 ConcurrentGCThread "G1 Refine#3" [stack: 0x000000cf2fa00000,0x000000cf2fb00000] [id=17448]
  0x000001e65aae5fa0 ConcurrentGCThread "G1 Refine#4" [stack: 0x000000cf2fb00000,0x000000cf2fc00000] [id=39580]
  0x000001e65c898bb0 ConcurrentGCThread "G1 Refine#5" [stack: 0x000000cf30100000,0x000000cf30200000] [id=53364]
  0x000001e65c89ac00 ConcurrentGCThread "G1 Refine#6" [stack: 0x000000cf30200000,0x000000cf30300000] [id=21652]
  0x000001e65c89a910 ConcurrentGCThread "G1 Refine#7" [stack: 0x000000cf30300000,0x000000cf30400000] [id=30460]
  0x000001e65c89aef0 ConcurrentGCThread "G1 Refine#8" [stack: 0x000000cf30400000,0x000000cf30500000] [id=30064]
  0x000001e65c89b4d0 ConcurrentGCThread "G1 Refine#9" [stack: 0x000000cf30500000,0x000000cf30600000] [id=23792]
  0x000001e67df45210 ConcurrentGCThread "G1 Service" [stack: 0x000000cf22800000,0x000000cf22900000] [id=25252]

Threads with active compile tasks:
C2 CompilerThread1  1152757 57620   !   4       org.gradle.internal.properties.annotations.AbstractTypeMetadataWalker$InstanceTypeMetadataWalker::walkNestedChild (93 bytes)

VM state: at safepoint (normal execution)

VM Mutex/Monitor currently owned by a thread:  ([mutex/lock_event])
[0x000001e672dcc450] Threads_lock - owner thread: 0x000001e67e018470
[0x000001e672dcc330] Heap_lock - owner thread: 0x000001e6693a39a0
[0x000001e672dccf00] Compile_lock - owner thread: 0x000001e65debf6d0

Heap address: 0x0000000600000000, size: 8192 MB, Compressed Oops mode: Zero based, Oop shift amount: 3

CDS archive(s) mapped at: [0x000001e621000000-0x000001e621bb0000-0x000001e621bb0000), size 12255232, SharedBaseAddress: 0x000001e621000000, ArchiveRelocationMode: 1.
Compressed class space mapped at: 0x000001e622000000-0x000001e656000000, reserved size: 872415232
Narrow klass base: 0x000001e621000000, Narrow klass shift: 0, Narrow klass range: 0x100000000

GC Precious Log:
 CPUs: 12 total, 12 available
 Memory: 16171M
 Large Page Support: Disabled
 NUMA Support: Disabled
 Compressed Oops: Enabled (Zero based)
 Heap Region Size: 4M
 Heap Min Capacity: 8M
 Heap Initial Capacity: 256M
 Heap Max Capacity: 8G
 Pre-touch: Disabled
 Parallel Workers: 10
 Concurrent Workers: 3
 Concurrent Refinement Workers: 10
 Periodic GC: Disabled

Heap:
 garbage-first heap   total 4706304K, used 798759K [0x0000000600000000, 0x0000000800000000)
  region size 4096K, 11 young (45056K), 11 survivors (45056K)
 Metaspace       used 334737K, committed 338560K, reserved 1179648K
  class space    used 42723K, committed 44544K, reserved 851968K

Heap Regions: E=young(eden), S=young(survivor), O=old, HS=humongous(starts), HC=humongous(continues), CS=collection set, F=free, OA=open archive, CA=closed archive, TAMS=top-at-mark-start (previous, next)
|   0|0x0000000600000000, 0x0000000600400000, 0x0000000600400000|100%|HS|  |TAMS 0x0000000600400000, 0x0000000600000000| Complete 
|   1|0x0000000600400000, 0x0000000600800000, 0x0000000600800000|100%| O|  |TAMS 0x0000000600800000, 0x0000000600400000| Untracked 
|   2|0x0000000600800000, 0x0000000600c00000, 0x0000000600c00000|100%| O|  |TAMS 0x0000000600c00000, 0x0000000600800000| Updating 
|   3|0x0000000600c00000, 0x0000000601000000, 0x0000000601000000|100%| O|  |TAMS 0x0000000601000000, 0x0000000600c00000| Updating 
|   4|0x0000000601000000, 0x0000000601400000, 0x0000000601400000|100%| O|  |TAMS 0x0000000601400000, 0x0000000601000000| Untracked 
|   5|0x0000000601400000, 0x0000000601800000, 0x0000000601800000|100%| O|  |TAMS 0x0000000601800000, 0x0000000601400000| Untracked 
|   6|0x0000000601800000, 0x0000000601c00000, 0x0000000601c00000|100%| O|  |TAMS 0x0000000601c00000, 0x0000000601800000| Untracked 
|   7|0x0000000601c00000, 0x0000000602000000, 0x0000000602000000|100%|HS|  |TAMS 0x0000000602000000, 0x0000000601c00000| Complete 
|   8|0x0000000602000000, 0x0000000602400000, 0x0000000602400000|100%| O|  |TAMS 0x0000000602400000, 0x0000000602000000| Updating 
|   9|0x0000000602400000, 0x0000000602800000, 0x0000000602800000|100%| O|  |TAMS 0x0000000602800000, 0x0000000602400000| Updating 
|  10|0x0000000602800000, 0x0000000602c00000, 0x0000000602c00000|100%|HS|  |TAMS 0x0000000602c00000, 0x0000000602800000| Complete 
|  11|0x0000000602c00000, 0x0000000603000000, 0x0000000603000000|100%| O|  |TAMS 0x0000000603000000, 0x0000000602c00000| Updating 
|  12|0x0000000603000000, 0x0000000603400000, 0x0000000603400000|100%| O|  |TAMS 0x0000000603400000, 0x0000000603000000| Updating 
|  13|0x0000000603400000, 0x0000000603800000, 0x0000000603800000|100%|HS|  |TAMS 0x0000000603800000, 0x0000000603400000| Complete 
|  14|0x0000000603800000, 0x0000000603c00000, 0x0000000603c00000|100%| O|  |TAMS 0x0000000603c00000, 0x0000000603800000| Untracked 
|  15|0x0000000603c00000, 0x0000000604000000, 0x0000000604000000|100%| O|  |TAMS 0x0000000604000000, 0x0000000603c00000| Updating 
|  16|0x0000000604000000, 0x0000000604400000, 0x0000000604400000|100%| O|  |TAMS 0x0000000604400000, 0x0000000604000000| Updating 
|  17|0x0000000604400000, 0x0000000604800000, 0x0000000604800000|100%|HS|  |TAMS 0x0000000604800000, 0x0000000604400000| Complete 
|  18|0x0000000604800000, 0x0000000604c00000, 0x0000000604c00000|100%| O|  |TAMS 0x0000000604c00000, 0x0000000604800000| Updating 
|  19|0x0000000604c00000, 0x0000000605000000, 0x0000000605000000|100%| O|  |TAMS 0x0000000605000000, 0x0000000604c00000| Updating 
|  20|0x0000000605000000, 0x0000000605400000, 0x0000000605400000|100%|HS|  |TAMS 0x0000000605400000, 0x0000000605000000| Complete 
|  21|0x0000000605400000, 0x0000000605800000, 0x0000000605800000|100%| O|  |TAMS 0x0000000605800000, 0x0000000605400000| Untracked 
|  22|0x0000000605800000, 0x0000000605c00000, 0x0000000605c00000|100%| O|  |TAMS 0x0000000605c00000, 0x0000000605800000| Untracked 
|  23|0x0000000605c00000, 0x0000000606000000, 0x0000000606000000|100%|HS|  |TAMS 0x0000000606000000, 0x0000000605c00000| Complete 
|  24|0x0000000606000000, 0x0000000606400000, 0x0000000606400000|100%| O|  |TAMS 0x0000000606400000, 0x0000000606000000| Updating 
|  25|0x0000000606400000, 0x0000000606800000, 0x0000000606800000|100%| O|  |TAMS 0x0000000606800000, 0x0000000606400000| Untracked 
|  26|0x0000000606800000, 0x0000000606c00000, 0x0000000606c00000|100%| O|  |TAMS 0x0000000606c00000, 0x0000000606800000| Updating 
|  27|0x0000000606c00000, 0x0000000607000000, 0x0000000607000000|100%| O|  |TAMS 0x0000000607000000, 0x0000000606c00000| Untracked 
|  28|0x0000000607000000, 0x0000000607400000, 0x0000000607400000|100%| O|  |TAMS 0x0000000607400000, 0x0000000607000000| Untracked 
|  29|0x0000000607400000, 0x0000000607800000, 0x0000000607800000|100%| O|  |TAMS 0x0000000607800000, 0x0000000607400000| Updating 
|  30|0x0000000607800000, 0x0000000607c00000, 0x0000000607c00000|100%| O|  |TAMS 0x0000000607c00000, 0x0000000607800000| Untracked 
|  31|0x0000000607c00000, 0x0000000608000000, 0x0000000608000000|100%| O|  |TAMS 0x0000000608000000, 0x0000000607c00000| Untracked 
|  32|0x0000000608000000, 0x0000000608400000, 0x0000000608400000|100%| O|  |TAMS 0x0000000608400000, 0x0000000608000000| Updating 
|  33|0x0000000608400000, 0x0000000608800000, 0x0000000608800000|100%| O|  |TAMS 0x0000000608800000, 0x0000000608400000| Updating 
|  34|0x0000000608800000, 0x0000000608c00000, 0x0000000608c00000|100%| O|  |TAMS 0x0000000608c00000, 0x0000000608800000| Untracked 
|  35|0x0000000608c00000, 0x0000000609000000, 0x0000000609000000|100%| O|  |TAMS 0x0000000609000000, 0x0000000608c00000| Untracked 
|  36|0x0000000609000000, 0x0000000609400000, 0x0000000609400000|100%| O|  |TAMS 0x0000000609400000, 0x0000000609000000| Untracked 
|  37|0x0000000609400000, 0x0000000609800000, 0x0000000609800000|100%| O|  |TAMS 0x0000000609800000, 0x0000000609400000| Untracked 
|  38|0x0000000609800000, 0x0000000609c00000, 0x0000000609c00000|100%| O|  |TAMS 0x0000000609c00000, 0x0000000609800000| Untracked 
|  39|0x0000000609c00000, 0x000000060a000000, 0x000000060a000000|100%| O|  |TAMS 0x000000060a000000, 0x0000000609c00000| Untracked 
|  40|0x000000060a000000, 0x000000060a400000, 0x000000060a400000|100%| O|  |TAMS 0x000000060a400000, 0x000000060a000000| Updating 
|  41|0x000000060a400000, 0x000000060a800000, 0x000000060a800000|100%| O|  |TAMS 0x000000060a800000, 0x000000060a400000| Untracked 
|  42|0x000000060a800000, 0x000000060ac00000, 0x000000060ac00000|100%| O|  |TAMS 0x000000060ac00000, 0x000000060a800000| Untracked 
|  43|0x000000060ac00000, 0x000000060b000000, 0x000000060b000000|100%| O|  |TAMS 0x000000060b000000, 0x000000060ac00000| Updating 
|  44|0x000000060b000000, 0x000000060b400000, 0x000000060b400000|100%| O|  |TAMS 0x000000060b400000, 0x000000060b000000| Untracked 
|  45|0x000000060b400000, 0x000000060b800000, 0x000000060b800000|100%| O|  |TAMS 0x000000060b800000, 0x000000060b400000| Updating 
|  46|0x000000060b800000, 0x000000060bc00000, 0x000000060bc00000|100%| O|  |TAMS 0x000000060bc00000, 0x000000060b800000| Updating 
|  47|0x000000060bc00000, 0x000000060c000000, 0x000000060c000000|100%| O|  |TAMS 0x000000060c000000, 0x000000060bc00000| Untracked 
|  48|0x000000060c000000, 0x000000060c400000, 0x000000060c400000|100%| O|  |TAMS 0x000000060c400000, 0x000000060c000000| Untracked 
|  49|0x000000060c400000, 0x000000060c800000, 0x000000060c800000|100%| O|  |TAMS 0x000000060c800000, 0x000000060c400000| Untracked 
|  50|0x000000060c800000, 0x000000060cc00000, 0x000000060cc00000|100%| O|  |TAMS 0x000000060cc00000, 0x000000060c800000| Untracked 
|  51|0x000000060cc00000, 0x000000060d000000, 0x000000060d000000|100%| O|  |TAMS 0x000000060d000000, 0x000000060cc00000| Untracked 
|  52|0x000000060d000000, 0x000000060d400000, 0x000000060d400000|100%| O|  |TAMS 0x000000060d400000, 0x000000060d000000| Updating 
|  53|0x000000060d400000, 0x000000060d800000, 0x000000060d800000|100%| O|  |TAMS 0x000000060d800000, 0x000000060d400000| Updating 
|  54|0x000000060d800000, 0x000000060dc00000, 0x000000060dc00000|100%| O|  |TAMS 0x000000060dc00000, 0x000000060d800000| Updating 
|  55|0x000000060dc00000, 0x000000060e000000, 0x000000060e000000|100%| O|  |TAMS 0x000000060e000000, 0x000000060dc00000| Untracked 
|  56|0x000000060e000000, 0x000000060e400000, 0x000000060e400000|100%| O|  |TAMS 0x000000060e400000, 0x000000060e000000| Untracked 
|  57|0x000000060e400000, 0x000000060e800000, 0x000000060e800000|100%| O|  |TAMS 0x000000060e800000, 0x000000060e400000| Untracked 
|  58|0x000000060e800000, 0x000000060ec00000, 0x000000060ec00000|100%| O|  |TAMS 0x000000060ec00000, 0x000000060e800000| Untracked 
|  59|0x000000060ec00000, 0x000000060f000000, 0x000000060f000000|100%| O|  |TAMS 0x000000060f000000, 0x000000060ec00000| Updating 
|  60|0x000000060f000000, 0x000000060f400000, 0x000000060f400000|100%| O|  |TAMS 0x000000060f400000, 0x000000060f000000| Updating 
|  61|0x000000060f400000, 0x000000060f800000, 0x000000060f800000|100%| O|  |TAMS 0x000000060f800000, 0x000000060f400000| Untracked 
|  62|0x000000060f800000, 0x000000060fc00000, 0x000000060fc00000|100%| O|  |TAMS 0x000000060fc00000, 0x000000060f800000| Updating 
|  63|0x000000060fc00000, 0x0000000610000000, 0x0000000610000000|100%| O|  |TAMS 0x0000000610000000, 0x000000060fc00000| Updating 
|  64|0x0000000610000000, 0x0000000610400000, 0x0000000610400000|100%| O|  |TAMS 0x0000000610400000, 0x0000000610000000| Updating 
|  65|0x0000000610400000, 0x0000000610800000, 0x0000000610800000|100%| O|  |TAMS 0x0000000610800000, 0x0000000610400000| Updating 
|  66|0x0000000610800000, 0x0000000610c00000, 0x0000000610c00000|100%| O|  |TAMS 0x0000000610c00000, 0x0000000610800000| Updating 
|  67|0x0000000610c00000, 0x0000000611000000, 0x0000000611000000|100%| O|  |TAMS 0x0000000611000000, 0x0000000610c00000| Untracked 
|  68|0x0000000611000000, 0x0000000611400000, 0x0000000611400000|100%| O|  |TAMS 0x0000000611400000, 0x0000000611000000| Untracked 
|  69|0x0000000611400000, 0x0000000611800000, 0x0000000611800000|100%| O|  |TAMS 0x0000000611800000, 0x0000000611400000| Untracked 
|  70|0x0000000611800000, 0x0000000611c00000, 0x0000000611c00000|100%| O|  |TAMS 0x0000000611c00000, 0x0000000611800000| Untracked 
|  71|0x0000000611c00000, 0x0000000612000000, 0x0000000612000000|100%| O|  |TAMS 0x0000000612000000, 0x0000000611c00000| Untracked 
|  72|0x0000000612000000, 0x0000000612400000, 0x0000000612400000|100%| O|  |TAMS 0x0000000612400000, 0x0000000612000000| Untracked 
|  73|0x0000000612400000, 0x0000000612800000, 0x0000000612800000|100%| O|  |TAMS 0x0000000612800000, 0x0000000612400000| Updating 
|  74|0x0000000612800000, 0x0000000612c00000, 0x0000000612c00000|100%| O|  |TAMS 0x0000000612c00000, 0x0000000612800000| Untracked 
|  75|0x0000000612c00000, 0x0000000613000000, 0x0000000613000000|100%| O|  |TAMS 0x0000000613000000, 0x0000000612c00000| Untracked 
|  76|0x0000000613000000, 0x0000000613400000, 0x0000000613400000|100%| O|  |TAMS 0x0000000613400000, 0x0000000613000000| Untracked 
|  77|0x0000000613400000, 0x0000000613800000, 0x0000000613800000|100%| O|  |TAMS 0x0000000613800000, 0x0000000613400000| Updating 
|  78|0x0000000613800000, 0x0000000613c00000, 0x0000000613c00000|100%| O|  |TAMS 0x0000000613c00000, 0x0000000613800000| Updating 
|  79|0x0000000613c00000, 0x0000000614000000, 0x0000000614000000|100%| O|  |TAMS 0x0000000613c00000, 0x0000000613c00000| Untracked 
|  80|0x0000000614000000, 0x0000000614400000, 0x0000000614400000|100%| O|  |TAMS 0x0000000614400000, 0x0000000614000000| Untracked 
|  81|0x0000000614400000, 0x0000000614800000, 0x0000000614800000|100%| O|  |TAMS 0x0000000614800000, 0x0000000614400000| Untracked 
|  82|0x0000000614800000, 0x0000000614c00000, 0x0000000614c00000|100%| O|  |TAMS 0x0000000614c00000, 0x0000000614800000| Updating 
|  83|0x0000000614c00000, 0x0000000615000000, 0x0000000615000000|100%| O|  |TAMS 0x0000000615000000, 0x0000000614c00000| Untracked 
|  84|0x0000000615000000, 0x0000000615400000, 0x0000000615400000|100%| O|  |TAMS 0x0000000615400000, 0x0000000615000000| Updating 
|  85|0x0000000615400000, 0x0000000615800000, 0x0000000615800000|100%| O|  |TAMS 0x0000000615800000, 0x0000000615400000| Updating 
|  86|0x0000000615800000, 0x0000000615c00000, 0x0000000615c00000|100%| O|  |TAMS 0x0000000615c00000, 0x0000000615800000| Updating 
|  87|0x0000000615c00000, 0x0000000616000000, 0x0000000616000000|100%| O|  |TAMS 0x0000000616000000, 0x0000000615c00000| Updating 
|  88|0x0000000616000000, 0x0000000616400000, 0x0000000616400000|100%| O|  |TAMS 0x0000000616400000, 0x0000000616000000| Updating 
|  89|0x0000000616400000, 0x0000000616800000, 0x0000000616800000|100%| O|  |TAMS 0x0000000616800000, 0x0000000616400000| Updating 
|  90|0x0000000616800000, 0x0000000616c00000, 0x0000000616c00000|100%| O|  |TAMS 0x0000000616c00000, 0x0000000616800000| Untracked 
|  91|0x0000000616c00000, 0x0000000617000000, 0x0000000617000000|100%| O|  |TAMS 0x0000000617000000, 0x0000000616c00000| Untracked 
|  92|0x0000000617000000, 0x0000000617400000, 0x0000000617400000|100%| O|  |TAMS 0x0000000617000000, 0x0000000617000000| Untracked 
|  93|0x0000000617400000, 0x0000000617800000, 0x0000000617800000|100%| O|  |TAMS 0x0000000617400000, 0x0000000617400000| Untracked 
|  94|0x0000000617800000, 0x0000000617c00000, 0x0000000617c00000|100%| O|  |TAMS 0x0000000617c00000, 0x0000000617800000| Updating 
|  95|0x0000000617c00000, 0x0000000618000000, 0x0000000618000000|100%| O|  |TAMS 0x0000000618000000, 0x0000000617c00000| Untracked 
|  96|0x0000000618000000, 0x0000000618400000, 0x0000000618400000|100%| O|  |TAMS 0x0000000618400000, 0x0000000618000000| Updating 
|  97|0x0000000618400000, 0x0000000618800000, 0x0000000618800000|100%| O|  |TAMS 0x0000000618800000, 0x0000000618400000| Updating 
|  98|0x0000000618800000, 0x0000000618c00000, 0x0000000618c00000|100%| O|  |TAMS 0x0000000618c00000, 0x0000000618800000| Untracked 
|  99|0x0000000618c00000, 0x0000000619000000, 0x0000000619000000|100%| O|  |TAMS 0x0000000618c00000, 0x0000000618c00000| Untracked 
| 100|0x0000000619000000, 0x0000000619400000, 0x0000000619400000|100%| O|  |TAMS 0x0000000619000000, 0x0000000619000000| Untracked 
| 101|0x0000000619400000, 0x0000000619800000, 0x0000000619800000|100%| O|  |TAMS 0x0000000619800000, 0x0000000619400000| Untracked 
| 102|0x0000000619800000, 0x0000000619c00000, 0x0000000619c00000|100%| O|  |TAMS 0x0000000619c00000, 0x0000000619800000| Untracked 
| 103|0x0000000619c00000, 0x000000061a000000, 0x000000061a000000|100%| O|  |TAMS 0x000000061a000000, 0x0000000619c00000| Untracked 
| 104|0x000000061a000000, 0x000000061a400000, 0x000000061a400000|100%| O|  |TAMS 0x000000061a400000, 0x000000061a000000| Untracked 
| 105|0x000000061a400000, 0x000000061a800000, 0x000000061a800000|100%| O|  |TAMS 0x000000061a800000, 0x000000061a400000| Updating 
| 106|0x000000061a800000, 0x000000061ac00000, 0x000000061ac00000|100%| O|  |TAMS 0x000000061ac00000, 0x000000061a800000| Untracked 
| 107|0x000000061ac00000, 0x000000061b000000, 0x000000061b000000|100%| O|  |TAMS 0x000000061b000000, 0x000000061ac00000| Untracked 
| 108|0x000000061b000000, 0x000000061b400000, 0x000000061b400000|100%| O|  |TAMS 0x000000061b400000, 0x000000061b000000| Untracked 
| 109|0x000000061b400000, 0x000000061b800000, 0x000000061b800000|100%| O|  |TAMS 0x000000061b800000, 0x000000061b400000| Updating 
| 110|0x000000061b800000, 0x000000061bc00000, 0x000000061bc00000|100%| O|  |TAMS 0x000000061bc00000, 0x000000061b800000| Untracked 
| 111|0x000000061bc00000, 0x000000061c000000, 0x000000061c000000|100%| O|  |TAMS 0x000000061c000000, 0x000000061bc00000| Untracked 
| 112|0x000000061c000000, 0x000000061c400000, 0x000000061c400000|100%| O|  |TAMS 0x000000061c000000, 0x000000061c000000| Untracked 
| 113|0x000000061c400000, 0x000000061c800000, 0x000000061c800000|100%| O|  |TAMS 0x000000061c800000, 0x000000061c400000| Updating 
| 114|0x000000061c800000, 0x000000061cc00000, 0x000000061cc00000|100%| O|  |TAMS 0x000000061cc00000, 0x000000061c800000| Untracked 
| 115|0x000000061cc00000, 0x000000061d000000, 0x000000061d000000|100%| O|  |TAMS 0x000000061d000000, 0x000000061cc00000| Untracked 
| 116|0x000000061d000000, 0x000000061d400000, 0x000000061d400000|100%| O|  |TAMS 0x000000061d400000, 0x000000061d000000| Untracked 
| 117|0x000000061d400000, 0x000000061d800000, 0x000000061d800000|100%| O|  |TAMS 0x000000061d800000, 0x000000061d400000| Updating 
| 118|0x000000061d800000, 0x000000061dc00000, 0x000000061dc00000|100%| O|  |TAMS 0x000000061dc00000, 0x000000061d800000| Untracked 
| 119|0x000000061dc00000, 0x000000061e000000, 0x000000061e000000|100%| O|  |TAMS 0x000000061e000000, 0x000000061dc00000| Untracked 
| 120|0x000000061e000000, 0x000000061e400000, 0x000000061e400000|100%| O|  |TAMS 0x000000061e400000, 0x000000061e000000| Updating 
| 121|0x000000061e400000, 0x000000061e800000, 0x000000061e800000|100%| O|  |TAMS 0x000000061e800000, 0x000000061e400000| Untracked 
| 122|0x000000061e800000, 0x000000061ec00000, 0x000000061ec00000|100%| O|  |TAMS 0x000000061ec00000, 0x000000061e800000| Untracked 
| 123|0x000000061ec00000, 0x000000061f000000, 0x000000061f000000|100%| O|  |TAMS 0x000000061f000000, 0x000000061ec00000| Untracked 
| 124|0x000000061f000000, 0x000000061f400000, 0x000000061f400000|100%| O|  |TAMS 0x000000061f400000, 0x000000061f000000| Untracked 
| 125|0x000000061f400000, 0x000000061f800000, 0x000000061f800000|100%| O|  |TAMS 0x000000061f800000, 0x000000061f400000| Updating 
| 126|0x000000061f800000, 0x000000061fc00000, 0x000000061fc00000|100%| O|  |TAMS 0x000000061fc00000, 0x000000061f800000| Updating 
| 127|0x000000061fc00000, 0x0000000620000000, 0x0000000620000000|100%| O|  |TAMS 0x0000000620000000, 0x000000061fc00000| Updating 
| 128|0x0000000620000000, 0x0000000620400000, 0x0000000620400000|100%| O|  |TAMS 0x0000000620400000, 0x0000000620000000| Updating 
| 129|0x0000000620400000, 0x0000000620800000, 0x0000000620800000|100%| O|  |TAMS 0x0000000620800000, 0x0000000620400000| Updating 
| 130|0x0000000620800000, 0x0000000620c00000, 0x0000000620c00000|100%| O|  |TAMS 0x0000000620c00000, 0x0000000620800000| Untracked 
| 131|0x0000000620c00000, 0x0000000621000000, 0x0000000621000000|100%| O|  |TAMS 0x0000000621000000, 0x0000000620c00000| Untracked 
| 132|0x0000000621000000, 0x0000000621400000, 0x0000000621400000|100%| O|  |TAMS 0x0000000621400000, 0x0000000621000000| Untracked 
| 133|0x0000000621400000, 0x0000000621800000, 0x0000000621800000|100%| O|  |TAMS 0x0000000621800000, 0x0000000621400000| Untracked 
| 134|0x0000000621800000, 0x0000000621c00000, 0x0000000621c00000|100%| O|  |TAMS 0x0000000621c00000, 0x0000000621800000| Untracked 
| 135|0x0000000621c00000, 0x0000000622000000, 0x0000000622000000|100%| O|  |TAMS 0x0000000622000000, 0x0000000621c00000| Untracked 
| 136|0x0000000622000000, 0x0000000622400000, 0x0000000622400000|100%| O|  |TAMS 0x0000000622400000, 0x0000000622000000| Untracked 
| 137|0x0000000622400000, 0x0000000622800000, 0x0000000622800000|100%| O|  |TAMS 0x0000000622800000, 0x0000000622400000| Untracked 
| 138|0x0000000622800000, 0x0000000622c00000, 0x0000000622c00000|100%| O|  |TAMS 0x0000000622c00000, 0x0000000622800000| Untracked 
| 139|0x0000000622c00000, 0x0000000623000000, 0x0000000623000000|100%| O|  |TAMS 0x0000000623000000, 0x0000000622c00000| Untracked 
| 140|0x0000000623000000, 0x0000000623400000, 0x0000000623400000|100%| O|  |TAMS 0x0000000623400000, 0x0000000623000000| Untracked 
| 141|0x0000000623400000, 0x0000000623800000, 0x0000000623800000|100%| O|  |TAMS 0x0000000623800000, 0x0000000623400000| Untracked 
| 142|0x0000000623800000, 0x0000000623c00000, 0x0000000623c00000|100%| O|  |TAMS 0x0000000623c00000, 0x0000000623800000| Untracked 
| 143|0x0000000623c00000, 0x0000000624000000, 0x0000000624000000|100%| O|  |TAMS 0x0000000624000000, 0x0000000623c00000| Untracked 
| 144|0x0000000624000000, 0x0000000624400000, 0x0000000624400000|100%| O|  |TAMS 0x0000000624400000, 0x0000000624000000| Untracked 
| 145|0x0000000624400000, 0x0000000624800000, 0x0000000624800000|100%| O|  |TAMS 0x0000000624800000, 0x0000000624400000| Untracked 
| 146|0x0000000624800000, 0x0000000624c00000, 0x0000000624c00000|100%| O|  |TAMS 0x0000000624c00000, 0x0000000624800000| Untracked 
| 147|0x0000000624c00000, 0x0000000625000000, 0x0000000625000000|100%| O|  |TAMS 0x0000000625000000, 0x0000000624c00000| Untracked 
| 148|0x0000000625000000, 0x0000000625400000, 0x0000000625400000|100%| O|  |TAMS 0x0000000625400000, 0x0000000625000000| Untracked 
| 149|0x0000000625400000, 0x0000000625800000, 0x0000000625800000|100%| O|  |TAMS 0x0000000625800000, 0x0000000625400000| Untracked 
| 150|0x0000000625800000, 0x0000000625c00000, 0x0000000625c00000|100%| O|  |TAMS 0x0000000625c00000, 0x0000000625800000| Untracked 
| 151|0x0000000625c00000, 0x0000000626000000, 0x0000000626000000|100%| O|  |TAMS 0x0000000626000000, 0x0000000625c00000| Untracked 
| 152|0x0000000626000000, 0x0000000626400000, 0x0000000626400000|100%| O|  |TAMS 0x0000000626400000, 0x0000000626000000| Untracked 
| 153|0x0000000626400000, 0x0000000626800000, 0x0000000626800000|100%| O|  |TAMS 0x0000000626800000, 0x0000000626400000| Untracked 
| 154|0x0000000626800000, 0x0000000626c00000, 0x0000000626c00000|100%| O|  |TAMS 0x0000000626c00000, 0x0000000626800000| Untracked 
| 155|0x0000000626c00000, 0x0000000627000000, 0x0000000627000000|100%| O|  |TAMS 0x0000000627000000, 0x0000000626c00000| Untracked 
| 156|0x0000000627000000, 0x0000000627400000, 0x0000000627400000|100%| O|  |TAMS 0x0000000627400000, 0x0000000627000000| Untracked 
| 157|0x0000000627400000, 0x0000000627800000, 0x0000000627800000|100%| O|  |TAMS 0x0000000627610400, 0x0000000627400000| Updating 
| 158|0x0000000627800000, 0x0000000627c00000, 0x0000000627c00000|100%| O|  |TAMS 0x0000000627800000, 0x0000000627800000| Untracked 
| 159|0x0000000627c00000, 0x0000000628000000, 0x0000000628000000|100%| O|  |TAMS 0x0000000627c00000, 0x0000000627c00000| Untracked 
| 160|0x0000000628000000, 0x0000000628400000, 0x0000000628400000|100%| O|  |TAMS 0x0000000628000000, 0x0000000628000000| Untracked 
| 161|0x0000000628400000, 0x0000000628800000, 0x0000000628800000|100%| O|  |TAMS 0x0000000628400000, 0x0000000628400000| Untracked 
| 162|0x0000000628800000, 0x0000000628c00000, 0x0000000628c00000|100%| O|  |TAMS 0x0000000628800000, 0x0000000628800000| Untracked 
| 163|0x0000000628c00000, 0x0000000629000000, 0x0000000629000000|100%| O|  |TAMS 0x0000000628c00000, 0x0000000628c00000| Untracked 
| 164|0x0000000629000000, 0x0000000629400000, 0x0000000629400000|100%| O|  |TAMS 0x0000000629000000, 0x0000000629000000| Untracked 
| 165|0x0000000629400000, 0x0000000629800000, 0x0000000629800000|100%| O|  |TAMS 0x0000000629400000, 0x0000000629400000| Untracked 
| 166|0x0000000629800000, 0x0000000629c00000, 0x0000000629c00000|100%| O|  |TAMS 0x0000000629800000, 0x0000000629800000| Untracked 
| 167|0x0000000629c00000, 0x000000062a000000, 0x000000062a000000|100%| O|  |TAMS 0x0000000629c00000, 0x0000000629c00000| Untracked 
| 168|0x000000062a000000, 0x000000062a400000, 0x000000062a400000|100%| O|  |TAMS 0x000000062a000000, 0x000000062a000000| Untracked 
| 169|0x000000062a400000, 0x000000062a800000, 0x000000062a800000|100%| O|  |TAMS 0x000000062a400000, 0x000000062a400000| Untracked 
| 170|0x000000062a800000, 0x000000062ac00000, 0x000000062ac00000|100%| O|  |TAMS 0x000000062a800000, 0x000000062a800000| Untracked 
| 171|0x000000062ac00000, 0x000000062b000000, 0x000000062b000000|100%| O|  |TAMS 0x000000062ac00000, 0x000000062ac00000| Untracked 
| 172|0x000000062b000000, 0x000000062b400000, 0x000000062b400000|100%| O|  |TAMS 0x000000062b000000, 0x000000062b000000| Untracked 
| 173|0x000000062b400000, 0x000000062b800000, 0x000000062b800000|100%| O|  |TAMS 0x000000062b400000, 0x000000062b400000| Untracked 
| 174|0x000000062b800000, 0x000000062bc00000, 0x000000062bc00000|100%| O|  |TAMS 0x000000062b800000, 0x000000062b800000| Untracked 
| 175|0x000000062bc00000, 0x000000062c000000, 0x000000062c000000|100%| O|  |TAMS 0x000000062bc00000, 0x000000062bc00000| Untracked 
| 176|0x000000062c000000, 0x000000062c400000, 0x000000062c400000|100%| O|  |TAMS 0x000000062c000000, 0x000000062c000000| Untracked 
| 177|0x000000062c400000, 0x000000062c800000, 0x000000062c800000|100%| O|  |TAMS 0x000000062c400000, 0x000000062c400000| Untracked 
| 178|0x000000062c800000, 0x000000062cc00000, 0x000000062cc00000|100%| O|  |TAMS 0x000000062c800000, 0x000000062c800000| Untracked 
| 179|0x000000062cc00000, 0x000000062d000000, 0x000000062d000000|100%| O|  |TAMS 0x000000062cc00000, 0x000000062cc00000| Untracked 
| 180|0x000000062d000000, 0x000000062d400000, 0x000000062d400000|100%| O|  |TAMS 0x000000062d000000, 0x000000062d000000| Untracked 
| 181|0x000000062d400000, 0x000000062d800000, 0x000000062d800000|100%| O|  |TAMS 0x000000062d400000, 0x000000062d400000| Untracked 
| 182|0x000000062d800000, 0x000000062dc00000, 0x000000062dc00000|100%| O|  |TAMS 0x000000062d800000, 0x000000062d800000| Untracked 
| 183|0x000000062dc00000, 0x000000062e000000, 0x000000062e000000|100%| O|  |TAMS 0x000000062dc00000, 0x000000062dc00000| Untracked 
| 184|0x000000062e000000, 0x000000062e272400, 0x000000062e400000| 61%| O|  |TAMS 0x000000062e000000, 0x000000062e000000| Untracked 
| 185|0x000000062e400000, 0x000000062e400000, 0x000000062e800000|  0%| F|  |TAMS 0x000000062e400000, 0x000000062e400000| Untracked 
| 186|0x000000062e800000, 0x000000062e800000, 0x000000062ec00000|  0%| F|  |TAMS 0x000000062e800000, 0x000000062e800000| Untracked 
| 187|0x000000062ec00000, 0x000000062ec00000, 0x000000062f000000|  0%| F|  |TAMS 0x000000062ec00000, 0x000000062ec00000| Untracked 
| 188|0x000000062f000000, 0x000000062f000000, 0x000000062f400000|  0%| F|  |TAMS 0x000000062f000000, 0x000000062f000000| Untracked 
| 189|0x000000062f400000, 0x000000062f400000, 0x000000062f800000|  0%| F|  |TAMS 0x000000062f400000, 0x000000062f400000| Untracked 
| 190|0x000000062f800000, 0x000000062f800000, 0x000000062fc00000|  0%| F|  |TAMS 0x000000062f800000, 0x000000062f800000| Untracked 
| 191|0x000000062fc00000, 0x000000062fc00000, 0x0000000630000000|  0%| F|  |TAMS 0x000000062fc00000, 0x000000062fc00000| Untracked 
| 192|0x0000000630000000, 0x0000000630000000, 0x0000000630400000|  0%| F|  |TAMS 0x0000000630000000, 0x0000000630000000| Untracked 
| 193|0x0000000630400000, 0x0000000630400000, 0x0000000630800000|  0%| F|  |TAMS 0x0000000630400000, 0x0000000630400000| Untracked 
| 194|0x0000000630800000, 0x0000000630800000, 0x0000000630c00000|  0%| F|  |TAMS 0x0000000630800000, 0x0000000630800000| Untracked 
| 195|0x0000000630c00000, 0x0000000630c00000, 0x0000000631000000|  0%| F|  |TAMS 0x0000000630c00000, 0x0000000630c00000| Untracked 
| 196|0x0000000631000000, 0x0000000631000000, 0x0000000631400000|  0%| F|  |TAMS 0x0000000631000000, 0x0000000631000000| Untracked 
| 197|0x0000000631400000, 0x0000000631400000, 0x0000000631800000|  0%| F|  |TAMS 0x0000000631400000, 0x0000000631400000| Untracked 
| 198|0x0000000631800000, 0x0000000631800000, 0x0000000631c00000|  0%| F|  |TAMS 0x0000000631800000, 0x0000000631800000| Untracked 
| 199|0x0000000631c00000, 0x0000000631c00000, 0x0000000632000000|  0%| F|  |TAMS 0x0000000631c00000, 0x0000000631c00000| Untracked 
| 200|0x0000000632000000, 0x0000000632000000, 0x0000000632400000|  0%| F|  |TAMS 0x0000000632000000, 0x0000000632000000| Untracked 
| 201|0x0000000632400000, 0x0000000632400000, 0x0000000632800000|  0%| F|  |TAMS 0x0000000632400000, 0x0000000632400000| Untracked 
| 202|0x0000000632800000, 0x0000000632800000, 0x0000000632c00000|  0%| F|  |TAMS 0x0000000632800000, 0x0000000632800000| Untracked 
| 203|0x0000000632c00000, 0x0000000632c00000, 0x0000000633000000|  0%| F|  |TAMS 0x0000000632c00000, 0x0000000632c00000| Untracked 
| 204|0x0000000633000000, 0x0000000633000000, 0x0000000633400000|  0%| F|  |TAMS 0x0000000633000000, 0x0000000633000000| Untracked 
| 205|0x0000000633400000, 0x0000000633400000, 0x0000000633800000|  0%| F|  |TAMS 0x0000000633400000, 0x0000000633400000| Untracked 
| 206|0x0000000633800000, 0x0000000633800000, 0x0000000633c00000|  0%| F|  |TAMS 0x0000000633800000, 0x0000000633800000| Untracked 
| 207|0x0000000633c00000, 0x0000000633c00000, 0x0000000634000000|  0%| F|  |TAMS 0x0000000633c00000, 0x0000000633c00000| Untracked 
| 208|0x0000000634000000, 0x0000000634000000, 0x0000000634400000|  0%| F|  |TAMS 0x0000000634000000, 0x0000000634000000| Untracked 
| 209|0x0000000634400000, 0x0000000634400000, 0x0000000634800000|  0%| F|  |TAMS 0x0000000634400000, 0x0000000634400000| Untracked 
| 210|0x0000000634800000, 0x0000000634800000, 0x0000000634c00000|  0%| F|  |TAMS 0x0000000634800000, 0x0000000634800000| Untracked 
| 211|0x0000000634c00000, 0x0000000634c00000, 0x0000000635000000|  0%| F|  |TAMS 0x0000000634c00000, 0x0000000634c00000| Untracked 
| 212|0x0000000635000000, 0x0000000635000000, 0x0000000635400000|  0%| F|  |TAMS 0x0000000635000000, 0x0000000635000000| Untracked 
| 213|0x0000000635400000, 0x0000000635400000, 0x0000000635800000|  0%| F|  |TAMS 0x0000000635400000, 0x0000000635400000| Untracked 
| 214|0x0000000635800000, 0x0000000635800000, 0x0000000635c00000|  0%| F|  |TAMS 0x0000000635800000, 0x0000000635800000| Untracked 
| 215|0x0000000635c00000, 0x0000000635c00000, 0x0000000636000000|  0%| F|  |TAMS 0x0000000635c00000, 0x0000000635c00000| Untracked 
| 216|0x0000000636000000, 0x0000000636000000, 0x0000000636400000|  0%| F|  |TAMS 0x0000000636000000, 0x0000000636000000| Untracked 
| 217|0x0000000636400000, 0x0000000636400000, 0x0000000636800000|  0%| F|  |TAMS 0x0000000636400000, 0x0000000636400000| Untracked 
| 218|0x0000000636800000, 0x0000000636800000, 0x0000000636c00000|  0%| F|  |TAMS 0x0000000636800000, 0x0000000636800000| Untracked 
| 219|0x0000000636c00000, 0x0000000636c00000, 0x0000000637000000|  0%| F|  |TAMS 0x0000000636c00000, 0x0000000636c00000| Untracked 
| 220|0x0000000637000000, 0x0000000637000000, 0x0000000637400000|  0%| F|  |TAMS 0x0000000637000000, 0x0000000637000000| Untracked 
| 221|0x0000000637400000, 0x0000000637400000, 0x0000000637800000|  0%| F|  |TAMS 0x0000000637400000, 0x0000000637400000| Untracked 
| 222|0x0000000637800000, 0x0000000637800000, 0x0000000637c00000|  0%| F|  |TAMS 0x0000000637800000, 0x0000000637800000| Untracked 
| 223|0x0000000637c00000, 0x0000000637c00000, 0x0000000638000000|  0%| F|  |TAMS 0x0000000637c00000, 0x0000000637c00000| Untracked 
| 224|0x0000000638000000, 0x0000000638000000, 0x0000000638400000|  0%| F|  |TAMS 0x0000000638000000, 0x0000000638000000| Untracked 
| 225|0x0000000638400000, 0x0000000638400000, 0x0000000638800000|  0%| F|  |TAMS 0x0000000638400000, 0x0000000638400000| Untracked 
| 226|0x0000000638800000, 0x0000000638800000, 0x0000000638c00000|  0%| F|  |TAMS 0x0000000638800000, 0x0000000638800000| Untracked 
| 227|0x0000000638c00000, 0x0000000638c00000, 0x0000000639000000|  0%| F|  |TAMS 0x0000000638c00000, 0x0000000638c00000| Untracked 
| 228|0x0000000639000000, 0x0000000639000000, 0x0000000639400000|  0%| F|  |TAMS 0x0000000639000000, 0x0000000639000000| Untracked 
| 229|0x0000000639400000, 0x0000000639400000, 0x0000000639800000|  0%| F|  |TAMS 0x0000000639400000, 0x0000000639400000| Untracked 
| 230|0x0000000639800000, 0x0000000639800000, 0x0000000639c00000|  0%| F|  |TAMS 0x0000000639800000, 0x0000000639800000| Untracked 
| 231|0x0000000639c00000, 0x0000000639c00000, 0x000000063a000000|  0%| F|  |TAMS 0x0000000639c00000, 0x0000000639c00000| Untracked 
| 232|0x000000063a000000, 0x000000063a000000, 0x000000063a400000|  0%| F|  |TAMS 0x000000063a000000, 0x000000063a000000| Untracked 
| 233|0x000000063a400000, 0x000000063a400000, 0x000000063a800000|  0%| F|  |TAMS 0x000000063a400000, 0x000000063a400000| Untracked 
| 234|0x000000063a800000, 0x000000063a800000, 0x000000063ac00000|  0%| F|  |TAMS 0x000000063a800000, 0x000000063a800000| Untracked 
| 235|0x000000063ac00000, 0x000000063ac00000, 0x000000063b000000|  0%| F|  |TAMS 0x000000063ac00000, 0x000000063ac00000| Untracked 
| 236|0x000000063b000000, 0x000000063b000000, 0x000000063b400000|  0%| F|  |TAMS 0x000000063b000000, 0x000000063b000000| Untracked 
| 237|0x000000063b400000, 0x000000063b400000, 0x000000063b800000|  0%| F|  |TAMS 0x000000063b400000, 0x000000063b400000| Untracked 
| 238|0x000000063b800000, 0x000000063b800000, 0x000000063bc00000|  0%| F|  |TAMS 0x000000063b800000, 0x000000063b800000| Untracked 
| 239|0x000000063bc00000, 0x000000063bc00000, 0x000000063c000000|  0%| F|  |TAMS 0x000000063bc00000, 0x000000063bc00000| Untracked 
| 240|0x000000063c000000, 0x000000063c000000, 0x000000063c400000|  0%| F|  |TAMS 0x000000063c000000, 0x000000063c000000| Untracked 
| 241|0x000000063c400000, 0x000000063c400000, 0x000000063c800000|  0%| F|  |TAMS 0x000000063c400000, 0x000000063c400000| Untracked 
| 242|0x000000063c800000, 0x000000063c800000, 0x000000063cc00000|  0%| F|  |TAMS 0x000000063c800000, 0x000000063c800000| Untracked 
| 243|0x000000063cc00000, 0x000000063cc00000, 0x000000063d000000|  0%| F|  |TAMS 0x000000063cc00000, 0x000000063cc00000| Untracked 
| 244|0x000000063d000000, 0x000000063d000000, 0x000000063d400000|  0%| F|  |TAMS 0x000000063d000000, 0x000000063d000000| Untracked 
| 245|0x000000063d400000, 0x000000063d400000, 0x000000063d800000|  0%| F|  |TAMS 0x000000063d400000, 0x000000063d400000| Untracked 
| 246|0x000000063d800000, 0x000000063d800000, 0x000000063dc00000|  0%| F|  |TAMS 0x000000063d800000, 0x000000063d800000| Untracked 
| 247|0x000000063dc00000, 0x000000063dc00000, 0x000000063e000000|  0%| F|  |TAMS 0x000000063dc00000, 0x000000063dc00000| Untracked 
| 248|0x000000063e000000, 0x000000063e000000, 0x000000063e400000|  0%| F|  |TAMS 0x000000063e000000, 0x000000063e000000| Untracked 
| 249|0x000000063e400000, 0x000000063e400000, 0x000000063e800000|  0%| F|  |TAMS 0x000000063e400000, 0x000000063e400000| Untracked 
| 250|0x000000063e800000, 0x000000063e800000, 0x000000063ec00000|  0%| F|  |TAMS 0x000000063e800000, 0x000000063e800000| Untracked 
| 251|0x000000063ec00000, 0x000000063ec00000, 0x000000063f000000|  0%| F|  |TAMS 0x000000063ec00000, 0x000000063ec00000| Untracked 
| 252|0x000000063f000000, 0x000000063f000000, 0x000000063f400000|  0%| F|  |TAMS 0x000000063f000000, 0x000000063f000000| Untracked 
| 253|0x000000063f400000, 0x000000063f400000, 0x000000063f800000|  0%| F|  |TAMS 0x000000063f400000, 0x000000063f400000| Untracked 
| 254|0x000000063f800000, 0x000000063f800000, 0x000000063fc00000|  0%| F|  |TAMS 0x000000063f800000, 0x000000063f800000| Untracked 
| 255|0x000000063fc00000, 0x000000063fc00000, 0x0000000640000000|  0%| F|  |TAMS 0x000000063fc00000, 0x000000063fc00000| Untracked 
| 256|0x0000000640000000, 0x0000000640000000, 0x0000000640400000|  0%| F|  |TAMS 0x0000000640000000, 0x0000000640000000| Untracked 
| 257|0x0000000640400000, 0x0000000640400000, 0x0000000640800000|  0%| F|  |TAMS 0x0000000640400000, 0x0000000640400000| Untracked 
| 258|0x0000000640800000, 0x0000000640800000, 0x0000000640c00000|  0%| F|  |TAMS 0x0000000640800000, 0x0000000640800000| Untracked 
| 259|0x0000000640c00000, 0x0000000640c00000, 0x0000000641000000|  0%| F|  |TAMS 0x0000000640c00000, 0x0000000640c00000| Untracked 
| 260|0x0000000641000000, 0x0000000641000000, 0x0000000641400000|  0%| F|  |TAMS 0x0000000641000000, 0x0000000641000000| Untracked 
| 261|0x0000000641400000, 0x0000000641400000, 0x0000000641800000|  0%| F|  |TAMS 0x0000000641400000, 0x0000000641400000| Untracked 
| 262|0x0000000641800000, 0x0000000641800000, 0x0000000641c00000|  0%| F|  |TAMS 0x0000000641800000, 0x0000000641800000| Untracked 
| 263|0x0000000641c00000, 0x0000000641c00000, 0x0000000642000000|  0%| F|  |TAMS 0x0000000641c00000, 0x0000000641c00000| Untracked 
| 264|0x0000000642000000, 0x0000000642000000, 0x0000000642400000|  0%| F|  |TAMS 0x0000000642000000, 0x0000000642000000| Untracked 
| 265|0x0000000642400000, 0x0000000642400000, 0x0000000642800000|  0%| F|  |TAMS 0x0000000642400000, 0x0000000642400000| Untracked 
| 266|0x0000000642800000, 0x0000000642800000, 0x0000000642c00000|  0%| F|  |TAMS 0x0000000642800000, 0x0000000642800000| Untracked 
| 267|0x0000000642c00000, 0x0000000642c00000, 0x0000000643000000|  0%| F|  |TAMS 0x0000000642c00000, 0x0000000642c00000| Untracked 
| 268|0x0000000643000000, 0x0000000643000000, 0x0000000643400000|  0%| F|  |TAMS 0x0000000643000000, 0x0000000643000000| Untracked 
| 269|0x0000000643400000, 0x0000000643400000, 0x0000000643800000|  0%| F|  |TAMS 0x0000000643400000, 0x0000000643400000| Untracked 
| 270|0x0000000643800000, 0x0000000643800000, 0x0000000643c00000|  0%| F|  |TAMS 0x0000000643800000, 0x0000000643800000| Untracked 
| 271|0x0000000643c00000, 0x0000000643c00000, 0x0000000644000000|  0%| F|  |TAMS 0x0000000643c00000, 0x0000000643c00000| Untracked 
| 272|0x0000000644000000, 0x0000000644000000, 0x0000000644400000|  0%| F|  |TAMS 0x0000000644000000, 0x0000000644000000| Untracked 
| 273|0x0000000644400000, 0x0000000644400000, 0x0000000644800000|  0%| F|  |TAMS 0x0000000644400000, 0x0000000644400000| Untracked 
| 274|0x0000000644800000, 0x0000000644800000, 0x0000000644c00000|  0%| F|  |TAMS 0x0000000644800000, 0x0000000644800000| Untracked 
| 275|0x0000000644c00000, 0x0000000644c00000, 0x0000000645000000|  0%| F|  |TAMS 0x0000000644c00000, 0x0000000644c00000| Untracked 
| 276|0x0000000645000000, 0x0000000645000000, 0x0000000645400000|  0%| F|  |TAMS 0x0000000645000000, 0x0000000645000000| Untracked 
| 277|0x0000000645400000, 0x0000000645400000, 0x0000000645800000|  0%| F|  |TAMS 0x0000000645400000, 0x0000000645400000| Untracked 
| 278|0x0000000645800000, 0x0000000645800000, 0x0000000645c00000|  0%| F|  |TAMS 0x0000000645800000, 0x0000000645800000| Untracked 
| 279|0x0000000645c00000, 0x0000000645c00000, 0x0000000646000000|  0%| F|  |TAMS 0x0000000645c00000, 0x0000000645c00000| Untracked 
| 280|0x0000000646000000, 0x0000000646000000, 0x0000000646400000|  0%| F|  |TAMS 0x0000000646000000, 0x0000000646000000| Untracked 
| 281|0x0000000646400000, 0x0000000646400000, 0x0000000646800000|  0%| F|  |TAMS 0x0000000646400000, 0x0000000646400000| Untracked 
| 282|0x0000000646800000, 0x0000000646800000, 0x0000000646c00000|  0%| F|  |TAMS 0x0000000646800000, 0x0000000646800000| Untracked 
| 283|0x0000000646c00000, 0x0000000646c00000, 0x0000000647000000|  0%| F|  |TAMS 0x0000000646c00000, 0x0000000646c00000| Untracked 
| 284|0x0000000647000000, 0x0000000647000000, 0x0000000647400000|  0%| F|  |TAMS 0x0000000647000000, 0x0000000647000000| Untracked 
| 285|0x0000000647400000, 0x0000000647400000, 0x0000000647800000|  0%| F|  |TAMS 0x0000000647400000, 0x0000000647400000| Untracked 
| 286|0x0000000647800000, 0x0000000647800000, 0x0000000647c00000|  0%| F|  |TAMS 0x0000000647800000, 0x0000000647800000| Untracked 
| 287|0x0000000647c00000, 0x0000000647c00000, 0x0000000648000000|  0%| F|  |TAMS 0x0000000647c00000, 0x0000000647c00000| Untracked 
| 288|0x0000000648000000, 0x0000000648000000, 0x0000000648400000|  0%| F|  |TAMS 0x0000000648000000, 0x0000000648000000| Untracked 
| 289|0x0000000648400000, 0x0000000648400000, 0x0000000648800000|  0%| F|  |TAMS 0x0000000648400000, 0x0000000648400000| Untracked 
| 290|0x0000000648800000, 0x0000000648800000, 0x0000000648c00000|  0%| F|  |TAMS 0x0000000648800000, 0x0000000648800000| Untracked 
| 291|0x0000000648c00000, 0x0000000648c00000, 0x0000000649000000|  0%| F|  |TAMS 0x0000000648c00000, 0x0000000648c00000| Untracked 
| 292|0x0000000649000000, 0x0000000649000000, 0x0000000649400000|  0%| F|  |TAMS 0x0000000649000000, 0x0000000649000000| Untracked 
| 293|0x0000000649400000, 0x0000000649400000, 0x0000000649800000|  0%| F|  |TAMS 0x0000000649400000, 0x0000000649400000| Untracked 
| 294|0x0000000649800000, 0x0000000649800000, 0x0000000649c00000|  0%| F|  |TAMS 0x0000000649800000, 0x0000000649800000| Untracked 
| 295|0x0000000649c00000, 0x0000000649c00000, 0x000000064a000000|  0%| F|  |TAMS 0x0000000649c00000, 0x0000000649c00000| Untracked 
| 296|0x000000064a000000, 0x000000064a000000, 0x000000064a400000|  0%| F|  |TAMS 0x000000064a000000, 0x000000064a000000| Untracked 
| 297|0x000000064a400000, 0x000000064a400000, 0x000000064a800000|  0%| F|  |TAMS 0x000000064a400000, 0x000000064a400000| Untracked 
| 298|0x000000064a800000, 0x000000064a800000, 0x000000064ac00000|  0%| F|  |TAMS 0x000000064a800000, 0x000000064a800000| Untracked 
| 299|0x000000064ac00000, 0x000000064ac00000, 0x000000064b000000|  0%| F|  |TAMS 0x000000064ac00000, 0x000000064ac00000| Untracked 
| 300|0x000000064b000000, 0x000000064b000000, 0x000000064b400000|  0%| F|  |TAMS 0x000000064b000000, 0x000000064b000000| Untracked 
| 301|0x000000064b400000, 0x000000064b400000, 0x000000064b800000|  0%| F|  |TAMS 0x000000064b400000, 0x000000064b400000| Untracked 
| 302|0x000000064b800000, 0x000000064b800000, 0x000000064bc00000|  0%| F|  |TAMS 0x000000064b800000, 0x000000064b800000| Untracked 
| 303|0x000000064bc00000, 0x000000064bc00000, 0x000000064c000000|  0%| F|  |TAMS 0x000000064bc00000, 0x000000064bc00000| Untracked 
| 304|0x000000064c000000, 0x000000064c000000, 0x000000064c400000|  0%| F|  |TAMS 0x000000064c000000, 0x000000064c000000| Untracked 
| 305|0x000000064c400000, 0x000000064c400000, 0x000000064c800000|  0%| F|  |TAMS 0x000000064c400000, 0x000000064c400000| Untracked 
| 306|0x000000064c800000, 0x000000064c800000, 0x000000064cc00000|  0%| F|  |TAMS 0x000000064c800000, 0x000000064c800000| Untracked 
| 307|0x000000064cc00000, 0x000000064cc00000, 0x000000064d000000|  0%| F|  |TAMS 0x000000064cc00000, 0x000000064cc00000| Untracked 
| 308|0x000000064d000000, 0x000000064d000000, 0x000000064d400000|  0%| F|  |TAMS 0x000000064d000000, 0x000000064d000000| Untracked 
| 309|0x000000064d400000, 0x000000064d400000, 0x000000064d800000|  0%| F|  |TAMS 0x000000064d400000, 0x000000064d400000| Untracked 
| 310|0x000000064d800000, 0x000000064d800000, 0x000000064dc00000|  0%| F|  |TAMS 0x000000064d800000, 0x000000064d800000| Untracked 
| 311|0x000000064dc00000, 0x000000064dc00000, 0x000000064e000000|  0%| F|  |TAMS 0x000000064dc00000, 0x000000064dc00000| Untracked 
| 312|0x000000064e000000, 0x000000064e000000, 0x000000064e400000|  0%| F|  |TAMS 0x000000064e000000, 0x000000064e000000| Untracked 
| 313|0x000000064e400000, 0x000000064e400000, 0x000000064e800000|  0%| F|  |TAMS 0x000000064e400000, 0x000000064e400000| Untracked 
| 314|0x000000064e800000, 0x000000064e800000, 0x000000064ec00000|  0%| F|  |TAMS 0x000000064e800000, 0x000000064e800000| Untracked 
| 315|0x000000064ec00000, 0x000000064ec00000, 0x000000064f000000|  0%| F|  |TAMS 0x000000064ec00000, 0x000000064ec00000| Untracked 
| 316|0x000000064f000000, 0x000000064f000000, 0x000000064f400000|  0%| F|  |TAMS 0x000000064f000000, 0x000000064f000000| Untracked 
| 317|0x000000064f400000, 0x000000064f400000, 0x000000064f800000|  0%| F|  |TAMS 0x000000064f400000, 0x000000064f400000| Untracked 
| 318|0x000000064f800000, 0x000000064f800000, 0x000000064fc00000|  0%| F|  |TAMS 0x000000064f800000, 0x000000064f800000| Untracked 
| 319|0x000000064fc00000, 0x000000064fc00000, 0x0000000650000000|  0%| F|  |TAMS 0x000000064fc00000, 0x000000064fc00000| Untracked 
| 320|0x0000000650000000, 0x0000000650000000, 0x0000000650400000|  0%| F|  |TAMS 0x0000000650000000, 0x0000000650000000| Untracked 
| 321|0x0000000650400000, 0x0000000650400000, 0x0000000650800000|  0%| F|  |TAMS 0x0000000650400000, 0x0000000650400000| Untracked 
| 322|0x0000000650800000, 0x0000000650800000, 0x0000000650c00000|  0%| F|  |TAMS 0x0000000650800000, 0x0000000650800000| Untracked 
| 323|0x0000000650c00000, 0x0000000650c00000, 0x0000000651000000|  0%| F|  |TAMS 0x0000000650c00000, 0x0000000650c00000| Untracked 
| 324|0x0000000651000000, 0x0000000651000000, 0x0000000651400000|  0%| F|  |TAMS 0x0000000651000000, 0x0000000651000000| Untracked 
| 325|0x0000000651400000, 0x0000000651400000, 0x0000000651800000|  0%| F|  |TAMS 0x0000000651400000, 0x0000000651400000| Untracked 
| 326|0x0000000651800000, 0x0000000651800000, 0x0000000651c00000|  0%| F|  |TAMS 0x0000000651800000, 0x0000000651800000| Untracked 
| 327|0x0000000651c00000, 0x0000000651c00000, 0x0000000652000000|  0%| F|  |TAMS 0x0000000651c00000, 0x0000000651c00000| Untracked 
| 328|0x0000000652000000, 0x0000000652000000, 0x0000000652400000|  0%| F|  |TAMS 0x0000000652000000, 0x0000000652000000| Untracked 
| 329|0x0000000652400000, 0x0000000652400000, 0x0000000652800000|  0%| F|  |TAMS 0x0000000652400000, 0x0000000652400000| Untracked 
| 330|0x0000000652800000, 0x0000000652800000, 0x0000000652c00000|  0%| F|  |TAMS 0x0000000652800000, 0x0000000652800000| Untracked 
| 331|0x0000000652c00000, 0x0000000652c00000, 0x0000000653000000|  0%| F|  |TAMS 0x0000000652c00000, 0x0000000652c00000| Untracked 
| 332|0x0000000653000000, 0x0000000653000000, 0x0000000653400000|  0%| F|  |TAMS 0x0000000653000000, 0x0000000653000000| Untracked 
| 333|0x0000000653400000, 0x0000000653400000, 0x0000000653800000|  0%| F|  |TAMS 0x0000000653400000, 0x0000000653400000| Untracked 
| 334|0x0000000653800000, 0x0000000653800000, 0x0000000653c00000|  0%| F|  |TAMS 0x0000000653800000, 0x0000000653800000| Untracked 
| 335|0x0000000653c00000, 0x0000000653c00000, 0x0000000654000000|  0%| F|  |TAMS 0x0000000653c00000, 0x0000000653c00000| Untracked 
| 336|0x0000000654000000, 0x0000000654000000, 0x0000000654400000|  0%| F|  |TAMS 0x0000000654000000, 0x0000000654000000| Untracked 
| 337|0x0000000654400000, 0x0000000654400000, 0x0000000654800000|  0%| F|  |TAMS 0x0000000654400000, 0x0000000654400000| Untracked 
| 338|0x0000000654800000, 0x0000000654800000, 0x0000000654c00000|  0%| F|  |TAMS 0x0000000654800000, 0x0000000654800000| Untracked 
| 339|0x0000000654c00000, 0x0000000654c00000, 0x0000000655000000|  0%| F|  |TAMS 0x0000000654c00000, 0x0000000654c00000| Untracked 
| 340|0x0000000655000000, 0x0000000655000000, 0x0000000655400000|  0%| F|  |TAMS 0x0000000655000000, 0x0000000655000000| Untracked 
| 341|0x0000000655400000, 0x0000000655400000, 0x0000000655800000|  0%| F|  |TAMS 0x0000000655400000, 0x0000000655400000| Untracked 
| 342|0x0000000655800000, 0x0000000655800000, 0x0000000655c00000|  0%| F|  |TAMS 0x0000000655800000, 0x0000000655800000| Untracked 
| 343|0x0000000655c00000, 0x0000000655c00000, 0x0000000656000000|  0%| F|  |TAMS 0x0000000655c00000, 0x0000000655c00000| Untracked 
| 344|0x0000000656000000, 0x0000000656000000, 0x0000000656400000|  0%| F|  |TAMS 0x0000000656000000, 0x0000000656000000| Untracked 
| 345|0x0000000656400000, 0x0000000656400000, 0x0000000656800000|  0%| F|  |TAMS 0x0000000656400000, 0x0000000656400000| Untracked 
| 346|0x0000000656800000, 0x0000000656800000, 0x0000000656c00000|  0%| F|  |TAMS 0x0000000656800000, 0x0000000656800000| Untracked 
| 347|0x0000000656c00000, 0x0000000656c00000, 0x0000000657000000|  0%| F|  |TAMS 0x0000000656c00000, 0x0000000656c00000| Untracked 
| 348|0x0000000657000000, 0x0000000657000000, 0x0000000657400000|  0%| F|  |TAMS 0x0000000657000000, 0x0000000657000000| Untracked 
| 349|0x0000000657400000, 0x0000000657400000, 0x0000000657800000|  0%| F|  |TAMS 0x0000000657400000, 0x0000000657400000| Untracked 
| 350|0x0000000657800000, 0x0000000657800000, 0x0000000657c00000|  0%| F|  |TAMS 0x0000000657800000, 0x0000000657800000| Untracked 
| 351|0x0000000657c00000, 0x0000000657c00000, 0x0000000658000000|  0%| F|  |TAMS 0x0000000657c00000, 0x0000000657c00000| Untracked 
| 352|0x0000000658000000, 0x0000000658000000, 0x0000000658400000|  0%| F|  |TAMS 0x0000000658000000, 0x0000000658000000| Untracked 
| 353|0x0000000658400000, 0x0000000658400000, 0x0000000658800000|  0%| F|  |TAMS 0x0000000658400000, 0x0000000658400000| Untracked 
| 354|0x0000000658800000, 0x0000000658800000, 0x0000000658c00000|  0%| F|  |TAMS 0x0000000658800000, 0x0000000658800000| Untracked 
| 355|0x0000000658c00000, 0x0000000658c00000, 0x0000000659000000|  0%| F|  |TAMS 0x0000000658c00000, 0x0000000658c00000| Untracked 
| 356|0x0000000659000000, 0x0000000659000000, 0x0000000659400000|  0%| F|  |TAMS 0x0000000659000000, 0x0000000659000000| Untracked 
| 357|0x0000000659400000, 0x0000000659400000, 0x0000000659800000|  0%| F|  |TAMS 0x0000000659400000, 0x0000000659400000| Untracked 
| 358|0x0000000659800000, 0x0000000659800000, 0x0000000659c00000|  0%| F|  |TAMS 0x0000000659800000, 0x0000000659800000| Untracked 
| 359|0x0000000659c00000, 0x0000000659c00000, 0x000000065a000000|  0%| F|  |TAMS 0x0000000659c00000, 0x0000000659c00000| Untracked 
| 360|0x000000065a000000, 0x000000065a000000, 0x000000065a400000|  0%| F|  |TAMS 0x000000065a000000, 0x000000065a000000| Untracked 
| 361|0x000000065a400000, 0x000000065a400000, 0x000000065a800000|  0%| F|  |TAMS 0x000000065a400000, 0x000000065a400000| Untracked 
| 362|0x000000065a800000, 0x000000065a800000, 0x000000065ac00000|  0%| F|  |TAMS 0x000000065a800000, 0x000000065a800000| Untracked 
| 363|0x000000065ac00000, 0x000000065ac00000, 0x000000065b000000|  0%| F|  |TAMS 0x000000065ac00000, 0x000000065ac00000| Untracked 
| 364|0x000000065b000000, 0x000000065b000000, 0x000000065b400000|  0%| F|  |TAMS 0x000000065b000000, 0x000000065b000000| Untracked 
| 365|0x000000065b400000, 0x000000065b400000, 0x000000065b800000|  0%| F|  |TAMS 0x000000065b400000, 0x000000065b400000| Untracked 
| 366|0x000000065b800000, 0x000000065b800000, 0x000000065bc00000|  0%| F|  |TAMS 0x000000065b800000, 0x000000065b800000| Untracked 
| 367|0x000000065bc00000, 0x000000065bc00000, 0x000000065c000000|  0%| F|  |TAMS 0x000000065bc00000, 0x000000065bc00000| Untracked 
| 368|0x000000065c000000, 0x000000065c000000, 0x000000065c400000|  0%| F|  |TAMS 0x000000065c000000, 0x000000065c000000| Untracked 
| 369|0x000000065c400000, 0x000000065c400000, 0x000000065c800000|  0%| F|  |TAMS 0x000000065c400000, 0x000000065c400000| Untracked 
| 370|0x000000065c800000, 0x000000065c800000, 0x000000065cc00000|  0%| F|  |TAMS 0x000000065c800000, 0x000000065c800000| Untracked 
| 371|0x000000065cc00000, 0x000000065cc00000, 0x000000065d000000|  0%| F|  |TAMS 0x000000065cc00000, 0x000000065cc00000| Untracked 
| 372|0x000000065d000000, 0x000000065d000000, 0x000000065d400000|  0%| F|  |TAMS 0x000000065d000000, 0x000000065d000000| Untracked 
| 373|0x000000065d400000, 0x000000065d400000, 0x000000065d800000|  0%| F|  |TAMS 0x000000065d400000, 0x000000065d400000| Untracked 
| 374|0x000000065d800000, 0x000000065d800000, 0x000000065dc00000|  0%| F|  |TAMS 0x000000065d800000, 0x000000065d800000| Untracked 
| 375|0x000000065dc00000, 0x000000065dc00000, 0x000000065e000000|  0%| F|  |TAMS 0x000000065dc00000, 0x000000065dc00000| Untracked 
| 376|0x000000065e000000, 0x000000065e000000, 0x000000065e400000|  0%| F|  |TAMS 0x000000065e000000, 0x000000065e000000| Untracked 
| 377|0x000000065e400000, 0x000000065e400000, 0x000000065e800000|  0%| F|  |TAMS 0x000000065e400000, 0x000000065e400000| Untracked 
| 378|0x000000065e800000, 0x000000065e800000, 0x000000065ec00000|  0%| F|  |TAMS 0x000000065e800000, 0x000000065e800000| Untracked 
| 379|0x000000065ec00000, 0x000000065ec00000, 0x000000065f000000|  0%| F|  |TAMS 0x000000065ec00000, 0x000000065ec00000| Untracked 
| 380|0x000000065f000000, 0x000000065f000000, 0x000000065f400000|  0%| F|  |TAMS 0x000000065f000000, 0x000000065f000000| Untracked 
| 381|0x000000065f400000, 0x000000065f400000, 0x000000065f800000|  0%| F|  |TAMS 0x000000065f400000, 0x000000065f400000| Untracked 
| 382|0x000000065f800000, 0x000000065f800000, 0x000000065fc00000|  0%| F|  |TAMS 0x000000065f800000, 0x000000065f800000| Untracked 
| 383|0x000000065fc00000, 0x000000065fc00000, 0x0000000660000000|  0%| F|  |TAMS 0x000000065fc00000, 0x000000065fc00000| Untracked 
| 384|0x0000000660000000, 0x0000000660000000, 0x0000000660400000|  0%| F|  |TAMS 0x0000000660000000, 0x0000000660000000| Untracked 
| 385|0x0000000660400000, 0x0000000660400000, 0x0000000660800000|  0%| F|  |TAMS 0x0000000660400000, 0x0000000660400000| Untracked 
| 386|0x0000000660800000, 0x0000000660800000, 0x0000000660c00000|  0%| F|  |TAMS 0x0000000660800000, 0x0000000660800000| Untracked 
| 387|0x0000000660c00000, 0x0000000660c00000, 0x0000000661000000|  0%| F|  |TAMS 0x0000000660c00000, 0x0000000660c00000| Untracked 
| 388|0x0000000661000000, 0x0000000661000000, 0x0000000661400000|  0%| F|  |TAMS 0x0000000661000000, 0x0000000661000000| Untracked 
| 389|0x0000000661400000, 0x0000000661400000, 0x0000000661800000|  0%| F|  |TAMS 0x0000000661400000, 0x0000000661400000| Untracked 
| 390|0x0000000661800000, 0x0000000661800000, 0x0000000661c00000|  0%| F|  |TAMS 0x0000000661800000, 0x0000000661800000| Untracked 
| 391|0x0000000661c00000, 0x0000000661c00000, 0x0000000662000000|  0%| F|  |TAMS 0x0000000661c00000, 0x0000000661c00000| Untracked 
| 392|0x0000000662000000, 0x0000000662000000, 0x0000000662400000|  0%| F|  |TAMS 0x0000000662000000, 0x0000000662000000| Untracked 
| 393|0x0000000662400000, 0x0000000662400000, 0x0000000662800000|  0%| F|  |TAMS 0x0000000662400000, 0x0000000662400000| Untracked 
| 394|0x0000000662800000, 0x0000000662800000, 0x0000000662c00000|  0%| F|  |TAMS 0x0000000662800000, 0x0000000662800000| Untracked 
| 395|0x0000000662c00000, 0x0000000662c00000, 0x0000000663000000|  0%| F|  |TAMS 0x0000000662c00000, 0x0000000662c00000| Untracked 
| 396|0x0000000663000000, 0x0000000663000000, 0x0000000663400000|  0%| F|  |TAMS 0x0000000663000000, 0x0000000663000000| Untracked 
| 397|0x0000000663400000, 0x0000000663400000, 0x0000000663800000|  0%| F|  |TAMS 0x0000000663400000, 0x0000000663400000| Untracked 
| 398|0x0000000663800000, 0x0000000663800000, 0x0000000663c00000|  0%| F|  |TAMS 0x0000000663800000, 0x0000000663800000| Untracked 
| 399|0x0000000663c00000, 0x0000000663c00000, 0x0000000664000000|  0%| F|  |TAMS 0x0000000663c00000, 0x0000000663c00000| Untracked 
| 400|0x0000000664000000, 0x0000000664000000, 0x0000000664400000|  0%| F|  |TAMS 0x0000000664000000, 0x0000000664000000| Untracked 
| 401|0x0000000664400000, 0x0000000664400000, 0x0000000664800000|  0%| F|  |TAMS 0x0000000664400000, 0x0000000664400000| Untracked 
| 402|0x0000000664800000, 0x0000000664800000, 0x0000000664c00000|  0%| F|  |TAMS 0x0000000664800000, 0x0000000664800000| Untracked 
| 403|0x0000000664c00000, 0x0000000664c00000, 0x0000000665000000|  0%| F|  |TAMS 0x0000000664c00000, 0x0000000664c00000| Untracked 
| 404|0x0000000665000000, 0x0000000665000000, 0x0000000665400000|  0%| F|  |TAMS 0x0000000665000000, 0x0000000665000000| Untracked 
| 405|0x0000000665400000, 0x0000000665400000, 0x0000000665800000|  0%| F|  |TAMS 0x0000000665400000, 0x0000000665400000| Untracked 
| 406|0x0000000665800000, 0x0000000665800000, 0x0000000665c00000|  0%| F|  |TAMS 0x0000000665800000, 0x0000000665800000| Untracked 
| 407|0x0000000665c00000, 0x0000000665c00000, 0x0000000666000000|  0%| F|  |TAMS 0x0000000665c00000, 0x0000000665c00000| Untracked 
| 408|0x0000000666000000, 0x0000000666000000, 0x0000000666400000|  0%| F|  |TAMS 0x0000000666000000, 0x0000000666000000| Untracked 
| 409|0x0000000666400000, 0x0000000666400000, 0x0000000666800000|  0%| F|  |TAMS 0x0000000666400000, 0x0000000666400000| Untracked 
| 410|0x0000000666800000, 0x0000000666800000, 0x0000000666c00000|  0%| F|  |TAMS 0x0000000666800000, 0x0000000666800000| Untracked 
| 411|0x0000000666c00000, 0x0000000666c00000, 0x0000000667000000|  0%| F|  |TAMS 0x0000000666c00000, 0x0000000666c00000| Untracked 
| 412|0x0000000667000000, 0x0000000667000000, 0x0000000667400000|  0%| F|  |TAMS 0x0000000667000000, 0x0000000667000000| Untracked 
| 413|0x0000000667400000, 0x0000000667400000, 0x0000000667800000|  0%| F|  |TAMS 0x0000000667400000, 0x0000000667400000| Untracked 
| 414|0x0000000667800000, 0x0000000667800000, 0x0000000667c00000|  0%| F|  |TAMS 0x0000000667800000, 0x0000000667800000| Untracked 
| 415|0x0000000667c00000, 0x0000000667c00000, 0x0000000668000000|  0%| F|  |TAMS 0x0000000667c00000, 0x0000000667c00000| Untracked 
| 416|0x0000000668000000, 0x0000000668000000, 0x0000000668400000|  0%| F|  |TAMS 0x0000000668000000, 0x0000000668000000| Untracked 
| 417|0x0000000668400000, 0x0000000668400000, 0x0000000668800000|  0%| F|  |TAMS 0x0000000668400000, 0x0000000668400000| Untracked 
| 418|0x0000000668800000, 0x0000000668800000, 0x0000000668c00000|  0%| F|  |TAMS 0x0000000668800000, 0x0000000668800000| Untracked 
| 419|0x0000000668c00000, 0x0000000668c00000, 0x0000000669000000|  0%| F|  |TAMS 0x0000000668c00000, 0x0000000668c00000| Untracked 
| 420|0x0000000669000000, 0x0000000669000000, 0x0000000669400000|  0%| F|  |TAMS 0x0000000669000000, 0x0000000669000000| Untracked 
| 421|0x0000000669400000, 0x0000000669400000, 0x0000000669800000|  0%| F|  |TAMS 0x0000000669400000, 0x0000000669400000| Untracked 
| 422|0x0000000669800000, 0x0000000669800000, 0x0000000669c00000|  0%| F|  |TAMS 0x0000000669800000, 0x0000000669800000| Untracked 
| 423|0x0000000669c00000, 0x0000000669c00000, 0x000000066a000000|  0%| F|  |TAMS 0x0000000669c00000, 0x0000000669c00000| Untracked 
| 424|0x000000066a000000, 0x000000066a000000, 0x000000066a400000|  0%| F|  |TAMS 0x000000066a000000, 0x000000066a000000| Untracked 
| 425|0x000000066a400000, 0x000000066a400000, 0x000000066a800000|  0%| F|  |TAMS 0x000000066a400000, 0x000000066a400000| Untracked 
| 426|0x000000066a800000, 0x000000066a800000, 0x000000066ac00000|  0%| F|  |TAMS 0x000000066a800000, 0x000000066a800000| Untracked 
| 427|0x000000066ac00000, 0x000000066ac00000, 0x000000066b000000|  0%| F|  |TAMS 0x000000066ac00000, 0x000000066ac00000| Untracked 
| 428|0x000000066b000000, 0x000000066b000000, 0x000000066b400000|  0%| F|  |TAMS 0x000000066b000000, 0x000000066b000000| Untracked 
| 429|0x000000066b400000, 0x000000066b400000, 0x000000066b800000|  0%| F|  |TAMS 0x000000066b400000, 0x000000066b400000| Untracked 
| 430|0x000000066b800000, 0x000000066b800000, 0x000000066bc00000|  0%| F|  |TAMS 0x000000066b800000, 0x000000066b800000| Untracked 
| 431|0x000000066bc00000, 0x000000066bc00000, 0x000000066c000000|  0%| F|  |TAMS 0x000000066bc00000, 0x000000066bc00000| Untracked 
| 432|0x000000066c000000, 0x000000066c000000, 0x000000066c400000|  0%| F|  |TAMS 0x000000066c000000, 0x000000066c000000| Untracked 
| 433|0x000000066c400000, 0x000000066c400000, 0x000000066c800000|  0%| F|  |TAMS 0x000000066c400000, 0x000000066c400000| Untracked 
| 434|0x000000066c800000, 0x000000066c800000, 0x000000066cc00000|  0%| F|  |TAMS 0x000000066c800000, 0x000000066c800000| Untracked 
| 435|0x000000066cc00000, 0x000000066cc00000, 0x000000066d000000|  0%| F|  |TAMS 0x000000066cc00000, 0x000000066cc00000| Untracked 
| 436|0x000000066d000000, 0x000000066d000000, 0x000000066d400000|  0%| F|  |TAMS 0x000000066d000000, 0x000000066d000000| Untracked 
| 437|0x000000066d400000, 0x000000066d400000, 0x000000066d800000|  0%| F|  |TAMS 0x000000066d400000, 0x000000066d400000| Untracked 
| 438|0x000000066d800000, 0x000000066d800000, 0x000000066dc00000|  0%| F|  |TAMS 0x000000066d800000, 0x000000066d800000| Untracked 
| 439|0x000000066dc00000, 0x000000066dc00000, 0x000000066e000000|  0%| F|  |TAMS 0x000000066dc00000, 0x000000066dc00000| Untracked 
| 440|0x000000066e000000, 0x000000066e000000, 0x000000066e400000|  0%| F|  |TAMS 0x000000066e000000, 0x000000066e000000| Untracked 
| 441|0x000000066e400000, 0x000000066e400000, 0x000000066e800000|  0%| F|  |TAMS 0x000000066e400000, 0x000000066e400000| Untracked 
| 442|0x000000066e800000, 0x000000066e800000, 0x000000066ec00000|  0%| F|  |TAMS 0x000000066e800000, 0x000000066e800000| Untracked 
| 443|0x000000066ec00000, 0x000000066ec00000, 0x000000066f000000|  0%| F|  |TAMS 0x000000066ec00000, 0x000000066ec00000| Untracked 
| 444|0x000000066f000000, 0x000000066f000000, 0x000000066f400000|  0%| F|  |TAMS 0x000000066f000000, 0x000000066f000000| Untracked 
| 445|0x000000066f400000, 0x000000066f400000, 0x000000066f800000|  0%| F|  |TAMS 0x000000066f400000, 0x000000066f400000| Untracked 
| 446|0x000000066f800000, 0x000000066f800000, 0x000000066fc00000|  0%| F|  |TAMS 0x000000066f800000, 0x000000066f800000| Untracked 
| 447|0x000000066fc00000, 0x000000066fc00000, 0x0000000670000000|  0%| F|  |TAMS 0x000000066fc00000, 0x000000066fc00000| Untracked 
| 448|0x0000000670000000, 0x0000000670000000, 0x0000000670400000|  0%| F|  |TAMS 0x0000000670000000, 0x0000000670000000| Untracked 
| 449|0x0000000670400000, 0x0000000670400000, 0x0000000670800000|  0%| F|  |TAMS 0x0000000670400000, 0x0000000670400000| Untracked 
| 450|0x0000000670800000, 0x0000000670800000, 0x0000000670c00000|  0%| F|  |TAMS 0x0000000670800000, 0x0000000670800000| Untracked 
| 451|0x0000000670c00000, 0x0000000670c00000, 0x0000000671000000|  0%| F|  |TAMS 0x0000000670c00000, 0x0000000670c00000| Untracked 
| 452|0x0000000671000000, 0x0000000671000000, 0x0000000671400000|  0%| F|  |TAMS 0x0000000671000000, 0x0000000671000000| Untracked 
| 453|0x0000000671400000, 0x0000000671400000, 0x0000000671800000|  0%| F|  |TAMS 0x0000000671400000, 0x0000000671400000| Untracked 
| 454|0x0000000671800000, 0x0000000671800000, 0x0000000671c00000|  0%| F|  |TAMS 0x0000000671800000, 0x0000000671800000| Untracked 
| 455|0x0000000671c00000, 0x0000000671c00000, 0x0000000672000000|  0%| F|  |TAMS 0x0000000671c00000, 0x0000000671c00000| Untracked 
| 456|0x0000000672000000, 0x0000000672000000, 0x0000000672400000|  0%| F|  |TAMS 0x0000000672000000, 0x0000000672000000| Untracked 
| 457|0x0000000672400000, 0x0000000672400000, 0x0000000672800000|  0%| F|  |TAMS 0x0000000672400000, 0x0000000672400000| Untracked 
| 458|0x0000000672800000, 0x0000000672800000, 0x0000000672c00000|  0%| F|  |TAMS 0x0000000672800000, 0x0000000672800000| Untracked 
| 459|0x0000000672c00000, 0x0000000672c00000, 0x0000000673000000|  0%| F|  |TAMS 0x0000000672c00000, 0x0000000672c00000| Untracked 
| 460|0x0000000673000000, 0x0000000673000000, 0x0000000673400000|  0%| F|  |TAMS 0x0000000673000000, 0x0000000673000000| Untracked 
| 461|0x0000000673400000, 0x0000000673400000, 0x0000000673800000|  0%| F|  |TAMS 0x0000000673400000, 0x0000000673400000| Untracked 
| 462|0x0000000673800000, 0x0000000673800000, 0x0000000673c00000|  0%| F|  |TAMS 0x0000000673800000, 0x0000000673800000| Untracked 
| 463|0x0000000673c00000, 0x0000000673c00000, 0x0000000674000000|  0%| F|  |TAMS 0x0000000673c00000, 0x0000000673c00000| Untracked 
| 464|0x0000000674000000, 0x0000000674000000, 0x0000000674400000|  0%| F|  |TAMS 0x0000000674000000, 0x0000000674000000| Untracked 
| 465|0x0000000674400000, 0x0000000674400000, 0x0000000674800000|  0%| F|  |TAMS 0x0000000674400000, 0x0000000674400000| Untracked 
| 466|0x0000000674800000, 0x0000000674800000, 0x0000000674c00000|  0%| F|  |TAMS 0x0000000674800000, 0x0000000674800000| Untracked 
| 467|0x0000000674c00000, 0x0000000674c00000, 0x0000000675000000|  0%| F|  |TAMS 0x0000000674c00000, 0x0000000674c00000| Untracked 
| 468|0x0000000675000000, 0x0000000675000000, 0x0000000675400000|  0%| F|  |TAMS 0x0000000675000000, 0x0000000675000000| Untracked 
| 469|0x0000000675400000, 0x0000000675400000, 0x0000000675800000|  0%| F|  |TAMS 0x0000000675400000, 0x0000000675400000| Untracked 
| 470|0x0000000675800000, 0x0000000675800000, 0x0000000675c00000|  0%| F|  |TAMS 0x0000000675800000, 0x0000000675800000| Untracked 
| 471|0x0000000675c00000, 0x0000000675c00000, 0x0000000676000000|  0%| F|  |TAMS 0x0000000675c00000, 0x0000000675c00000| Untracked 
| 472|0x0000000676000000, 0x0000000676000000, 0x0000000676400000|  0%| F|  |TAMS 0x0000000676000000, 0x0000000676000000| Untracked 
| 473|0x0000000676400000, 0x0000000676400000, 0x0000000676800000|  0%| F|  |TAMS 0x0000000676400000, 0x0000000676400000| Untracked 
| 474|0x0000000676800000, 0x0000000676800000, 0x0000000676c00000|  0%| F|  |TAMS 0x0000000676800000, 0x0000000676800000| Untracked 
| 475|0x0000000676c00000, 0x0000000676c00000, 0x0000000677000000|  0%| F|  |TAMS 0x0000000676c00000, 0x0000000676c00000| Untracked 
| 476|0x0000000677000000, 0x0000000677000000, 0x0000000677400000|  0%| F|  |TAMS 0x0000000677000000, 0x0000000677000000| Untracked 
| 477|0x0000000677400000, 0x0000000677400000, 0x0000000677800000|  0%| F|  |TAMS 0x0000000677400000, 0x0000000677400000| Untracked 
| 478|0x0000000677800000, 0x0000000677800000, 0x0000000677c00000|  0%| F|  |TAMS 0x0000000677800000, 0x0000000677800000| Untracked 
| 479|0x0000000677c00000, 0x0000000677c00000, 0x0000000678000000|  0%| F|  |TAMS 0x0000000677c00000, 0x0000000677c00000| Untracked 
| 480|0x0000000678000000, 0x0000000678000000, 0x0000000678400000|  0%| F|  |TAMS 0x0000000678000000, 0x0000000678000000| Untracked 
| 481|0x0000000678400000, 0x0000000678400000, 0x0000000678800000|  0%| F|  |TAMS 0x0000000678400000, 0x0000000678400000| Untracked 
| 482|0x0000000678800000, 0x0000000678800000, 0x0000000678c00000|  0%| F|  |TAMS 0x0000000678800000, 0x0000000678800000| Untracked 
| 483|0x0000000678c00000, 0x0000000678c00000, 0x0000000679000000|  0%| F|  |TAMS 0x0000000678c00000, 0x0000000678c00000| Untracked 
| 484|0x0000000679000000, 0x0000000679000000, 0x0000000679400000|  0%| F|  |TAMS 0x0000000679000000, 0x0000000679000000| Untracked 
| 485|0x0000000679400000, 0x0000000679400000, 0x0000000679800000|  0%| F|  |TAMS 0x0000000679400000, 0x0000000679400000| Untracked 
| 486|0x0000000679800000, 0x0000000679800000, 0x0000000679c00000|  0%| F|  |TAMS 0x0000000679800000, 0x0000000679800000| Untracked 
| 487|0x0000000679c00000, 0x0000000679c00000, 0x000000067a000000|  0%| F|  |TAMS 0x0000000679c00000, 0x0000000679c00000| Untracked 
| 488|0x000000067a000000, 0x000000067a000000, 0x000000067a400000|  0%| F|  |TAMS 0x000000067a000000, 0x000000067a000000| Untracked 
| 489|0x000000067a400000, 0x000000067a400000, 0x000000067a800000|  0%| F|  |TAMS 0x000000067a400000, 0x000000067a400000| Untracked 
| 490|0x000000067a800000, 0x000000067a800000, 0x000000067ac00000|  0%| F|  |TAMS 0x000000067a800000, 0x000000067a800000| Untracked 
| 491|0x000000067ac00000, 0x000000067ac00000, 0x000000067b000000|  0%| F|  |TAMS 0x000000067ac00000, 0x000000067ac00000| Untracked 
| 492|0x000000067b000000, 0x000000067b000000, 0x000000067b400000|  0%| F|  |TAMS 0x000000067b000000, 0x000000067b000000| Untracked 
| 493|0x000000067b400000, 0x000000067b400000, 0x000000067b800000|  0%| F|  |TAMS 0x000000067b400000, 0x000000067b400000| Untracked 
| 494|0x000000067b800000, 0x000000067b800000, 0x000000067bc00000|  0%| F|  |TAMS 0x000000067b800000, 0x000000067b800000| Untracked 
| 495|0x000000067bc00000, 0x000000067bc00000, 0x000000067c000000|  0%| F|  |TAMS 0x000000067bc00000, 0x000000067bc00000| Untracked 
| 496|0x000000067c000000, 0x000000067c000000, 0x000000067c400000|  0%| F|  |TAMS 0x000000067c000000, 0x000000067c000000| Untracked 
| 497|0x000000067c400000, 0x000000067c400000, 0x000000067c800000|  0%| F|  |TAMS 0x000000067c400000, 0x000000067c400000| Untracked 
| 498|0x000000067c800000, 0x000000067c800000, 0x000000067cc00000|  0%| F|  |TAMS 0x000000067c800000, 0x000000067c800000| Untracked 
| 499|0x000000067cc00000, 0x000000067cc00000, 0x000000067d000000|  0%| F|  |TAMS 0x000000067cc00000, 0x000000067cc00000| Untracked 
| 500|0x000000067d000000, 0x000000067d000000, 0x000000067d400000|  0%| F|  |TAMS 0x000000067d000000, 0x000000067d000000| Untracked 
| 501|0x000000067d400000, 0x000000067d400000, 0x000000067d800000|  0%| F|  |TAMS 0x000000067d400000, 0x000000067d400000| Untracked 
| 502|0x000000067d800000, 0x000000067d800000, 0x000000067dc00000|  0%| F|  |TAMS 0x000000067d800000, 0x000000067d800000| Untracked 
| 503|0x000000067dc00000, 0x000000067dc00000, 0x000000067e000000|  0%| F|  |TAMS 0x000000067dc00000, 0x000000067dc00000| Untracked 
| 504|0x000000067e000000, 0x000000067e000000, 0x000000067e400000|  0%| F|  |TAMS 0x000000067e000000, 0x000000067e000000| Untracked 
| 505|0x000000067e400000, 0x000000067e400000, 0x000000067e800000|  0%| F|  |TAMS 0x000000067e400000, 0x000000067e400000| Untracked 
| 506|0x000000067e800000, 0x000000067e800000, 0x000000067ec00000|  0%| F|  |TAMS 0x000000067e800000, 0x000000067e800000| Untracked 
| 507|0x000000067ec00000, 0x000000067ec00000, 0x000000067f000000|  0%| F|  |TAMS 0x000000067ec00000, 0x000000067ec00000| Untracked 
| 508|0x000000067f000000, 0x000000067f000000, 0x000000067f400000|  0%| F|  |TAMS 0x000000067f000000, 0x000000067f000000| Untracked 
| 509|0x000000067f400000, 0x000000067f400000, 0x000000067f800000|  0%| F|  |TAMS 0x000000067f400000, 0x000000067f400000| Untracked 
| 510|0x000000067f800000, 0x000000067f800000, 0x000000067fc00000|  0%| F|  |TAMS 0x000000067f800000, 0x000000067f800000| Untracked 
| 511|0x000000067fc00000, 0x000000067fc00000, 0x0000000680000000|  0%| F|  |TAMS 0x000000067fc00000, 0x000000067fc00000| Untracked 
| 512|0x0000000680000000, 0x0000000680000000, 0x0000000680400000|  0%| F|  |TAMS 0x0000000680000000, 0x0000000680000000| Untracked 
| 513|0x0000000680400000, 0x0000000680400000, 0x0000000680800000|  0%| F|  |TAMS 0x0000000680400000, 0x0000000680400000| Untracked 
| 514|0x0000000680800000, 0x0000000680800000, 0x0000000680c00000|  0%| F|  |TAMS 0x0000000680800000, 0x0000000680800000| Untracked 
| 515|0x0000000680c00000, 0x0000000680c00000, 0x0000000681000000|  0%| F|  |TAMS 0x0000000680c00000, 0x0000000680c00000| Untracked 
| 516|0x0000000681000000, 0x0000000681000000, 0x0000000681400000|  0%| F|  |TAMS 0x0000000681000000, 0x0000000681000000| Untracked 
| 517|0x0000000681400000, 0x0000000681400000, 0x0000000681800000|  0%| F|  |TAMS 0x0000000681400000, 0x0000000681400000| Untracked 
| 518|0x0000000681800000, 0x0000000681800000, 0x0000000681c00000|  0%| F|  |TAMS 0x0000000681800000, 0x0000000681800000| Untracked 
| 519|0x0000000681c00000, 0x0000000681c00000, 0x0000000682000000|  0%| F|  |TAMS 0x0000000681c00000, 0x0000000681c00000| Untracked 
| 520|0x0000000682000000, 0x0000000682000000, 0x0000000682400000|  0%| F|  |TAMS 0x0000000682000000, 0x0000000682000000| Untracked 
| 521|0x0000000682400000, 0x0000000682400000, 0x0000000682800000|  0%| F|  |TAMS 0x0000000682400000, 0x0000000682400000| Untracked 
| 522|0x0000000682800000, 0x0000000682800000, 0x0000000682c00000|  0%| F|  |TAMS 0x0000000682800000, 0x0000000682800000| Untracked 
| 523|0x0000000682c00000, 0x0000000682c00000, 0x0000000683000000|  0%| F|  |TAMS 0x0000000682c00000, 0x0000000682c00000| Untracked 
| 524|0x0000000683000000, 0x0000000683000000, 0x0000000683400000|  0%| F|  |TAMS 0x0000000683000000, 0x0000000683000000| Untracked 
| 525|0x0000000683400000, 0x0000000683400000, 0x0000000683800000|  0%| F|  |TAMS 0x0000000683400000, 0x0000000683400000| Untracked 
| 526|0x0000000683800000, 0x0000000683800000, 0x0000000683c00000|  0%| F|  |TAMS 0x0000000683800000, 0x0000000683800000| Untracked 
| 527|0x0000000683c00000, 0x0000000683c00000, 0x0000000684000000|  0%| F|  |TAMS 0x0000000683c00000, 0x0000000683c00000| Untracked 
| 528|0x0000000684000000, 0x0000000684000000, 0x0000000684400000|  0%| F|  |TAMS 0x0000000684000000, 0x0000000684000000| Untracked 
| 529|0x0000000684400000, 0x0000000684400000, 0x0000000684800000|  0%| F|  |TAMS 0x0000000684400000, 0x0000000684400000| Untracked 
| 530|0x0000000684800000, 0x0000000684800000, 0x0000000684c00000|  0%| F|  |TAMS 0x0000000684800000, 0x0000000684800000| Untracked 
| 531|0x0000000684c00000, 0x0000000684c00000, 0x0000000685000000|  0%| F|  |TAMS 0x0000000684c00000, 0x0000000684c00000| Untracked 
| 532|0x0000000685000000, 0x0000000685000000, 0x0000000685400000|  0%| F|  |TAMS 0x0000000685000000, 0x0000000685000000| Untracked 
| 533|0x0000000685400000, 0x0000000685400000, 0x0000000685800000|  0%| F|  |TAMS 0x0000000685400000, 0x0000000685400000| Untracked 
| 534|0x0000000685800000, 0x0000000685800000, 0x0000000685c00000|  0%| F|  |TAMS 0x0000000685800000, 0x0000000685800000| Untracked 
| 535|0x0000000685c00000, 0x0000000685c00000, 0x0000000686000000|  0%| F|  |TAMS 0x0000000685c00000, 0x0000000685c00000| Untracked 
| 536|0x0000000686000000, 0x0000000686000000, 0x0000000686400000|  0%| F|  |TAMS 0x0000000686000000, 0x0000000686000000| Untracked 
| 537|0x0000000686400000, 0x0000000686400000, 0x0000000686800000|  0%| F|  |TAMS 0x0000000686400000, 0x0000000686400000| Untracked 
| 538|0x0000000686800000, 0x0000000686800000, 0x0000000686c00000|  0%| F|  |TAMS 0x0000000686800000, 0x0000000686800000| Untracked 
| 539|0x0000000686c00000, 0x0000000686c00000, 0x0000000687000000|  0%| F|  |TAMS 0x0000000686c00000, 0x0000000686c00000| Untracked 
| 540|0x0000000687000000, 0x0000000687000000, 0x0000000687400000|  0%| F|  |TAMS 0x0000000687000000, 0x0000000687000000| Untracked 
| 541|0x0000000687400000, 0x0000000687400000, 0x0000000687800000|  0%| F|  |TAMS 0x0000000687400000, 0x0000000687400000| Untracked 
| 542|0x0000000687800000, 0x0000000687800000, 0x0000000687c00000|  0%| F|  |TAMS 0x0000000687800000, 0x0000000687800000| Untracked 
| 543|0x0000000687c00000, 0x0000000687c00000, 0x0000000688000000|  0%| F|  |TAMS 0x0000000687c00000, 0x0000000687c00000| Untracked 
| 544|0x0000000688000000, 0x0000000688000000, 0x0000000688400000|  0%| F|  |TAMS 0x0000000688000000, 0x0000000688000000| Untracked 
| 545|0x0000000688400000, 0x0000000688400000, 0x0000000688800000|  0%| F|  |TAMS 0x0000000688400000, 0x0000000688400000| Untracked 
| 546|0x0000000688800000, 0x0000000688800000, 0x0000000688c00000|  0%| F|  |TAMS 0x0000000688800000, 0x0000000688800000| Untracked 
| 547|0x0000000688c00000, 0x0000000688c00000, 0x0000000689000000|  0%| F|  |TAMS 0x0000000688c00000, 0x0000000688c00000| Untracked 
| 548|0x0000000689000000, 0x0000000689000000, 0x0000000689400000|  0%| F|  |TAMS 0x0000000689000000, 0x0000000689000000| Untracked 
| 549|0x0000000689400000, 0x0000000689400000, 0x0000000689800000|  0%| F|  |TAMS 0x0000000689400000, 0x0000000689400000| Untracked 
| 550|0x0000000689800000, 0x0000000689800000, 0x0000000689c00000|  0%| F|  |TAMS 0x0000000689800000, 0x0000000689800000| Untracked 
| 551|0x0000000689c00000, 0x0000000689c00000, 0x000000068a000000|  0%| F|  |TAMS 0x0000000689c00000, 0x0000000689c00000| Untracked 
| 552|0x000000068a000000, 0x000000068a000000, 0x000000068a400000|  0%| F|  |TAMS 0x000000068a000000, 0x000000068a000000| Untracked 
| 553|0x000000068a400000, 0x000000068a400000, 0x000000068a800000|  0%| F|  |TAMS 0x000000068a400000, 0x000000068a400000| Untracked 
| 554|0x000000068a800000, 0x000000068a800000, 0x000000068ac00000|  0%| F|  |TAMS 0x000000068a800000, 0x000000068a800000| Untracked 
| 555|0x000000068ac00000, 0x000000068ac00000, 0x000000068b000000|  0%| F|  |TAMS 0x000000068ac00000, 0x000000068ac00000| Untracked 
| 556|0x000000068b000000, 0x000000068b000000, 0x000000068b400000|  0%| F|  |TAMS 0x000000068b000000, 0x000000068b000000| Untracked 
| 557|0x000000068b400000, 0x000000068b400000, 0x000000068b800000|  0%| F|  |TAMS 0x000000068b400000, 0x000000068b400000| Untracked 
| 558|0x000000068b800000, 0x000000068b800000, 0x000000068bc00000|  0%| F|  |TAMS 0x000000068b800000, 0x000000068b800000| Untracked 
| 559|0x000000068bc00000, 0x000000068bc00000, 0x000000068c000000|  0%| F|  |TAMS 0x000000068bc00000, 0x000000068bc00000| Untracked 
| 560|0x000000068c000000, 0x000000068c000000, 0x000000068c400000|  0%| F|  |TAMS 0x000000068c000000, 0x000000068c000000| Untracked 
| 561|0x000000068c400000, 0x000000068c400000, 0x000000068c800000|  0%| F|  |TAMS 0x000000068c400000, 0x000000068c400000| Untracked 
| 562|0x000000068c800000, 0x000000068c800000, 0x000000068cc00000|  0%| F|  |TAMS 0x000000068c800000, 0x000000068c800000| Untracked 
| 563|0x000000068cc00000, 0x000000068cc00000, 0x000000068d000000|  0%| F|  |TAMS 0x000000068cc00000, 0x000000068cc00000| Untracked 
| 564|0x000000068d000000, 0x000000068d000000, 0x000000068d400000|  0%| F|  |TAMS 0x000000068d000000, 0x000000068d000000| Untracked 
| 565|0x000000068d400000, 0x000000068d400000, 0x000000068d800000|  0%| F|  |TAMS 0x000000068d400000, 0x000000068d400000| Untracked 
| 566|0x000000068d800000, 0x000000068d800000, 0x000000068dc00000|  0%| F|  |TAMS 0x000000068d800000, 0x000000068d800000| Untracked 
| 567|0x000000068dc00000, 0x000000068dc00000, 0x000000068e000000|  0%| F|  |TAMS 0x000000068dc00000, 0x000000068dc00000| Untracked 
| 568|0x000000068e000000, 0x000000068e000000, 0x000000068e400000|  0%| F|  |TAMS 0x000000068e000000, 0x000000068e000000| Untracked 
| 569|0x000000068e400000, 0x000000068e400000, 0x000000068e800000|  0%| F|  |TAMS 0x000000068e400000, 0x000000068e400000| Untracked 
| 570|0x000000068e800000, 0x000000068e800000, 0x000000068ec00000|  0%| F|  |TAMS 0x000000068e800000, 0x000000068e800000| Untracked 
| 571|0x000000068ec00000, 0x000000068ec00000, 0x000000068f000000|  0%| F|  |TAMS 0x000000068ec00000, 0x000000068ec00000| Untracked 
| 572|0x000000068f000000, 0x000000068f000000, 0x000000068f400000|  0%| F|  |TAMS 0x000000068f000000, 0x000000068f000000| Untracked 
| 573|0x000000068f400000, 0x000000068f400000, 0x000000068f800000|  0%| F|  |TAMS 0x000000068f400000, 0x000000068f400000| Untracked 
| 574|0x000000068f800000, 0x000000068f800000, 0x000000068fc00000|  0%| F|  |TAMS 0x000000068f800000, 0x000000068f800000| Untracked 
| 575|0x000000068fc00000, 0x000000068fc00000, 0x0000000690000000|  0%| F|  |TAMS 0x000000068fc00000, 0x000000068fc00000| Untracked 
| 576|0x0000000690000000, 0x0000000690000000, 0x0000000690400000|  0%| F|  |TAMS 0x0000000690000000, 0x0000000690000000| Untracked 
| 577|0x0000000690400000, 0x0000000690400000, 0x0000000690800000|  0%| F|  |TAMS 0x0000000690400000, 0x0000000690400000| Untracked 
| 578|0x0000000690800000, 0x0000000690800000, 0x0000000690c00000|  0%| F|  |TAMS 0x0000000690800000, 0x0000000690800000| Untracked 
| 579|0x0000000690c00000, 0x0000000690c00000, 0x0000000691000000|  0%| F|  |TAMS 0x0000000690c00000, 0x0000000690c00000| Untracked 
| 580|0x0000000691000000, 0x0000000691000000, 0x0000000691400000|  0%| F|  |TAMS 0x0000000691000000, 0x0000000691000000| Untracked 
| 581|0x0000000691400000, 0x0000000691400000, 0x0000000691800000|  0%| F|  |TAMS 0x0000000691400000, 0x0000000691400000| Untracked 
| 582|0x0000000691800000, 0x0000000691800000, 0x0000000691c00000|  0%| F|  |TAMS 0x0000000691800000, 0x0000000691800000| Untracked 
| 583|0x0000000691c00000, 0x0000000691c00000, 0x0000000692000000|  0%| F|  |TAMS 0x0000000691c00000, 0x0000000691c00000| Untracked 
| 584|0x0000000692000000, 0x0000000692000000, 0x0000000692400000|  0%| F|  |TAMS 0x0000000692000000, 0x0000000692000000| Untracked 
| 585|0x0000000692400000, 0x0000000692400000, 0x0000000692800000|  0%| F|  |TAMS 0x0000000692400000, 0x0000000692400000| Untracked 
| 586|0x0000000692800000, 0x0000000692800000, 0x0000000692c00000|  0%| F|  |TAMS 0x0000000692800000, 0x0000000692800000| Untracked 
| 587|0x0000000692c00000, 0x0000000692c00000, 0x0000000693000000|  0%| F|  |TAMS 0x0000000692c00000, 0x0000000692c00000| Untracked 
| 588|0x0000000693000000, 0x0000000693000000, 0x0000000693400000|  0%| F|  |TAMS 0x0000000693000000, 0x0000000693000000| Untracked 
| 589|0x0000000693400000, 0x0000000693400000, 0x0000000693800000|  0%| F|  |TAMS 0x0000000693400000, 0x0000000693400000| Untracked 
| 590|0x0000000693800000, 0x0000000693800000, 0x0000000693c00000|  0%| F|  |TAMS 0x0000000693800000, 0x0000000693800000| Untracked 
| 591|0x0000000693c00000, 0x0000000693c00000, 0x0000000694000000|  0%| F|  |TAMS 0x0000000693c00000, 0x0000000693c00000| Untracked 
| 592|0x0000000694000000, 0x0000000694000000, 0x0000000694400000|  0%| F|  |TAMS 0x0000000694000000, 0x0000000694000000| Untracked 
| 593|0x0000000694400000, 0x0000000694400000, 0x0000000694800000|  0%| F|  |TAMS 0x0000000694400000, 0x0000000694400000| Untracked 
| 594|0x0000000694800000, 0x0000000694800000, 0x0000000694c00000|  0%| F|  |TAMS 0x0000000694800000, 0x0000000694800000| Untracked 
| 595|0x0000000694c00000, 0x0000000694c00000, 0x0000000695000000|  0%| F|  |TAMS 0x0000000694c00000, 0x0000000694c00000| Untracked 
| 596|0x0000000695000000, 0x0000000695000000, 0x0000000695400000|  0%| F|  |TAMS 0x0000000695000000, 0x0000000695000000| Untracked 
| 597|0x0000000695400000, 0x0000000695400000, 0x0000000695800000|  0%| F|  |TAMS 0x0000000695400000, 0x0000000695400000| Untracked 
| 598|0x0000000695800000, 0x0000000695800000, 0x0000000695c00000|  0%| F|  |TAMS 0x0000000695800000, 0x0000000695800000| Untracked 
| 599|0x0000000695c00000, 0x0000000695c00000, 0x0000000696000000|  0%| F|  |TAMS 0x0000000695c00000, 0x0000000695c00000| Untracked 
| 600|0x0000000696000000, 0x0000000696000000, 0x0000000696400000|  0%| F|  |TAMS 0x0000000696000000, 0x0000000696000000| Untracked 
| 601|0x0000000696400000, 0x0000000696400000, 0x0000000696800000|  0%| F|  |TAMS 0x0000000696400000, 0x0000000696400000| Untracked 
| 602|0x0000000696800000, 0x0000000696800000, 0x0000000696c00000|  0%| F|  |TAMS 0x0000000696800000, 0x0000000696800000| Untracked 
| 603|0x0000000696c00000, 0x0000000696c00000, 0x0000000697000000|  0%| F|  |TAMS 0x0000000696c00000, 0x0000000696c00000| Untracked 
| 604|0x0000000697000000, 0x0000000697000000, 0x0000000697400000|  0%| F|  |TAMS 0x0000000697000000, 0x0000000697000000| Untracked 
| 605|0x0000000697400000, 0x0000000697400000, 0x0000000697800000|  0%| F|  |TAMS 0x0000000697400000, 0x0000000697400000| Untracked 
| 606|0x0000000697800000, 0x0000000697800000, 0x0000000697c00000|  0%| F|  |TAMS 0x0000000697800000, 0x0000000697800000| Untracked 
| 607|0x0000000697c00000, 0x0000000697c00000, 0x0000000698000000|  0%| F|  |TAMS 0x0000000697c00000, 0x0000000697c00000| Untracked 
| 608|0x0000000698000000, 0x0000000698000000, 0x0000000698400000|  0%| F|  |TAMS 0x0000000698000000, 0x0000000698000000| Untracked 
| 609|0x0000000698400000, 0x0000000698400000, 0x0000000698800000|  0%| F|  |TAMS 0x0000000698400000, 0x0000000698400000| Untracked 
| 610|0x0000000698800000, 0x0000000698800000, 0x0000000698c00000|  0%| F|  |TAMS 0x0000000698800000, 0x0000000698800000| Untracked 
| 611|0x0000000698c00000, 0x0000000698c00000, 0x0000000699000000|  0%| F|  |TAMS 0x0000000698c00000, 0x0000000698c00000| Untracked 
| 612|0x0000000699000000, 0x0000000699000000, 0x0000000699400000|  0%| F|  |TAMS 0x0000000699000000, 0x0000000699000000| Untracked 
| 613|0x0000000699400000, 0x0000000699400000, 0x0000000699800000|  0%| F|  |TAMS 0x0000000699400000, 0x0000000699400000| Untracked 
| 614|0x0000000699800000, 0x0000000699800000, 0x0000000699c00000|  0%| F|  |TAMS 0x0000000699800000, 0x0000000699800000| Untracked 
| 615|0x0000000699c00000, 0x0000000699c00000, 0x000000069a000000|  0%| F|  |TAMS 0x0000000699c00000, 0x0000000699c00000| Untracked 
| 616|0x000000069a000000, 0x000000069a000000, 0x000000069a400000|  0%| F|  |TAMS 0x000000069a000000, 0x000000069a000000| Untracked 
| 617|0x000000069a400000, 0x000000069a400000, 0x000000069a800000|  0%| F|  |TAMS 0x000000069a400000, 0x000000069a400000| Untracked 
| 618|0x000000069a800000, 0x000000069a800000, 0x000000069ac00000|  0%| F|  |TAMS 0x000000069a800000, 0x000000069a800000| Untracked 
| 619|0x000000069ac00000, 0x000000069ac00000, 0x000000069b000000|  0%| F|  |TAMS 0x000000069ac00000, 0x000000069ac00000| Untracked 
| 620|0x000000069b000000, 0x000000069b000000, 0x000000069b400000|  0%| F|  |TAMS 0x000000069b000000, 0x000000069b000000| Untracked 
| 621|0x000000069b400000, 0x000000069b400000, 0x000000069b800000|  0%| F|  |TAMS 0x000000069b400000, 0x000000069b400000| Untracked 
| 622|0x000000069b800000, 0x000000069b800000, 0x000000069bc00000|  0%| F|  |TAMS 0x000000069b800000, 0x000000069b800000| Untracked 
| 623|0x000000069bc00000, 0x000000069bc00000, 0x000000069c000000|  0%| F|  |TAMS 0x000000069bc00000, 0x000000069bc00000| Untracked 
| 624|0x000000069c000000, 0x000000069c000000, 0x000000069c400000|  0%| F|  |TAMS 0x000000069c000000, 0x000000069c000000| Untracked 
| 625|0x000000069c400000, 0x000000069c400000, 0x000000069c800000|  0%| F|  |TAMS 0x000000069c400000, 0x000000069c400000| Untracked 
| 626|0x000000069c800000, 0x000000069c800000, 0x000000069cc00000|  0%| F|  |TAMS 0x000000069c800000, 0x000000069c800000| Untracked 
| 627|0x000000069cc00000, 0x000000069cc00000, 0x000000069d000000|  0%| F|  |TAMS 0x000000069cc00000, 0x000000069cc00000| Untracked 
| 628|0x000000069d000000, 0x000000069d000000, 0x000000069d400000|  0%| F|  |TAMS 0x000000069d000000, 0x000000069d000000| Untracked 
| 629|0x000000069d400000, 0x000000069d400000, 0x000000069d800000|  0%| F|  |TAMS 0x000000069d400000, 0x000000069d400000| Untracked 
| 630|0x000000069d800000, 0x000000069d800000, 0x000000069dc00000|  0%| F|  |TAMS 0x000000069d800000, 0x000000069d800000| Untracked 
| 631|0x000000069dc00000, 0x000000069dc00000, 0x000000069e000000|  0%| F|  |TAMS 0x000000069dc00000, 0x000000069dc00000| Untracked 
| 632|0x000000069e000000, 0x000000069e000000, 0x000000069e400000|  0%| F|  |TAMS 0x000000069e000000, 0x000000069e000000| Untracked 
| 633|0x000000069e400000, 0x000000069e400000, 0x000000069e800000|  0%| F|  |TAMS 0x000000069e400000, 0x000000069e400000| Untracked 
| 634|0x000000069e800000, 0x000000069e800000, 0x000000069ec00000|  0%| F|  |TAMS 0x000000069e800000, 0x000000069e800000| Untracked 
| 635|0x000000069ec00000, 0x000000069ec00000, 0x000000069f000000|  0%| F|  |TAMS 0x000000069ec00000, 0x000000069ec00000| Untracked 
| 636|0x000000069f000000, 0x000000069f000000, 0x000000069f400000|  0%| F|  |TAMS 0x000000069f000000, 0x000000069f000000| Untracked 
| 637|0x000000069f400000, 0x000000069f400000, 0x000000069f800000|  0%| F|  |TAMS 0x000000069f400000, 0x000000069f400000| Untracked 
| 638|0x000000069f800000, 0x000000069f800000, 0x000000069fc00000|  0%| F|  |TAMS 0x000000069f800000, 0x000000069f800000| Untracked 
| 639|0x000000069fc00000, 0x000000069fc00000, 0x00000006a0000000|  0%| F|  |TAMS 0x000000069fc00000, 0x000000069fc00000| Untracked 
| 640|0x00000006a0000000, 0x00000006a0000000, 0x00000006a0400000|  0%| F|  |TAMS 0x00000006a0000000, 0x00000006a0000000| Untracked 
| 641|0x00000006a0400000, 0x00000006a0400000, 0x00000006a0800000|  0%| F|  |TAMS 0x00000006a0400000, 0x00000006a0400000| Untracked 
| 642|0x00000006a0800000, 0x00000006a0800000, 0x00000006a0c00000|  0%| F|  |TAMS 0x00000006a0800000, 0x00000006a0800000| Untracked 
| 643|0x00000006a0c00000, 0x00000006a0c00000, 0x00000006a1000000|  0%| F|  |TAMS 0x00000006a0c00000, 0x00000006a0c00000| Untracked 
| 644|0x00000006a1000000, 0x00000006a1000000, 0x00000006a1400000|  0%| F|  |TAMS 0x00000006a1000000, 0x00000006a1000000| Untracked 
| 645|0x00000006a1400000, 0x00000006a1400000, 0x00000006a1800000|  0%| F|  |TAMS 0x00000006a1400000, 0x00000006a1400000| Untracked 
| 646|0x00000006a1800000, 0x00000006a1800000, 0x00000006a1c00000|  0%| F|  |TAMS 0x00000006a1800000, 0x00000006a1800000| Untracked 
| 647|0x00000006a1c00000, 0x00000006a1c00000, 0x00000006a2000000|  0%| F|  |TAMS 0x00000006a1c00000, 0x00000006a1c00000| Untracked 
| 648|0x00000006a2000000, 0x00000006a2000000, 0x00000006a2400000|  0%| F|  |TAMS 0x00000006a2000000, 0x00000006a2000000| Untracked 
| 649|0x00000006a2400000, 0x00000006a2400000, 0x00000006a2800000|  0%| F|  |TAMS 0x00000006a2400000, 0x00000006a2400000| Untracked 
| 650|0x00000006a2800000, 0x00000006a2800000, 0x00000006a2c00000|  0%| F|  |TAMS 0x00000006a2800000, 0x00000006a2800000| Untracked 
| 651|0x00000006a2c00000, 0x00000006a2c00000, 0x00000006a3000000|  0%| F|  |TAMS 0x00000006a2c00000, 0x00000006a2c00000| Untracked 
| 652|0x00000006a3000000, 0x00000006a3000000, 0x00000006a3400000|  0%| F|  |TAMS 0x00000006a3000000, 0x00000006a3000000| Untracked 
| 653|0x00000006a3400000, 0x00000006a3400000, 0x00000006a3800000|  0%| F|  |TAMS 0x00000006a3400000, 0x00000006a3400000| Untracked 
| 654|0x00000006a3800000, 0x00000006a3800000, 0x00000006a3c00000|  0%| F|  |TAMS 0x00000006a3800000, 0x00000006a3800000| Untracked 
| 655|0x00000006a3c00000, 0x00000006a3c00000, 0x00000006a4000000|  0%| F|  |TAMS 0x00000006a3c00000, 0x00000006a3c00000| Untracked 
| 656|0x00000006a4000000, 0x00000006a4000000, 0x00000006a4400000|  0%| F|  |TAMS 0x00000006a4000000, 0x00000006a4000000| Untracked 
| 657|0x00000006a4400000, 0x00000006a4400000, 0x00000006a4800000|  0%| F|  |TAMS 0x00000006a4400000, 0x00000006a4400000| Untracked 
| 658|0x00000006a4800000, 0x00000006a4800000, 0x00000006a4c00000|  0%| F|  |TAMS 0x00000006a4800000, 0x00000006a4800000| Untracked 
| 659|0x00000006a4c00000, 0x00000006a4c00000, 0x00000006a5000000|  0%| F|  |TAMS 0x00000006a4c00000, 0x00000006a4c00000| Untracked 
| 660|0x00000006a5000000, 0x00000006a5000000, 0x00000006a5400000|  0%| F|  |TAMS 0x00000006a5000000, 0x00000006a5000000| Untracked 
| 661|0x00000006a5400000, 0x00000006a5400000, 0x00000006a5800000|  0%| F|  |TAMS 0x00000006a5400000, 0x00000006a5400000| Untracked 
| 662|0x00000006a5800000, 0x00000006a5800000, 0x00000006a5c00000|  0%| F|  |TAMS 0x00000006a5800000, 0x00000006a5800000| Untracked 
| 663|0x00000006a5c00000, 0x00000006a5c00000, 0x00000006a6000000|  0%| F|  |TAMS 0x00000006a5c00000, 0x00000006a5c00000| Untracked 
| 664|0x00000006a6000000, 0x00000006a6000000, 0x00000006a6400000|  0%| F|  |TAMS 0x00000006a6000000, 0x00000006a6000000| Untracked 
| 665|0x00000006a6400000, 0x00000006a6400000, 0x00000006a6800000|  0%| F|  |TAMS 0x00000006a6400000, 0x00000006a6400000| Untracked 
| 666|0x00000006a6800000, 0x00000006a6800000, 0x00000006a6c00000|  0%| F|  |TAMS 0x00000006a6800000, 0x00000006a6800000| Untracked 
| 667|0x00000006a6c00000, 0x00000006a6c00000, 0x00000006a7000000|  0%| F|  |TAMS 0x00000006a6c00000, 0x00000006a6c00000| Untracked 
| 668|0x00000006a7000000, 0x00000006a7000000, 0x00000006a7400000|  0%| F|  |TAMS 0x00000006a7000000, 0x00000006a7000000| Untracked 
| 669|0x00000006a7400000, 0x00000006a7400000, 0x00000006a7800000|  0%| F|  |TAMS 0x00000006a7400000, 0x00000006a7400000| Untracked 
| 670|0x00000006a7800000, 0x00000006a7800000, 0x00000006a7c00000|  0%| F|  |TAMS 0x00000006a7800000, 0x00000006a7800000| Untracked 
| 671|0x00000006a7c00000, 0x00000006a7c00000, 0x00000006a8000000|  0%| F|  |TAMS 0x00000006a7c00000, 0x00000006a7c00000| Untracked 
| 672|0x00000006a8000000, 0x00000006a8000000, 0x00000006a8400000|  0%| F|  |TAMS 0x00000006a8000000, 0x00000006a8000000| Untracked 
| 673|0x00000006a8400000, 0x00000006a8400000, 0x00000006a8800000|  0%| F|  |TAMS 0x00000006a8400000, 0x00000006a8400000| Untracked 
| 674|0x00000006a8800000, 0x00000006a8800000, 0x00000006a8c00000|  0%| F|  |TAMS 0x00000006a8800000, 0x00000006a8800000| Untracked 
| 675|0x00000006a8c00000, 0x00000006a8c00000, 0x00000006a9000000|  0%| F|  |TAMS 0x00000006a8c00000, 0x00000006a8c00000| Untracked 
| 676|0x00000006a9000000, 0x00000006a9000000, 0x00000006a9400000|  0%| F|  |TAMS 0x00000006a9000000, 0x00000006a9000000| Untracked 
| 677|0x00000006a9400000, 0x00000006a9400000, 0x00000006a9800000|  0%| F|  |TAMS 0x00000006a9400000, 0x00000006a9400000| Untracked 
| 678|0x00000006a9800000, 0x00000006a9800000, 0x00000006a9c00000|  0%| F|  |TAMS 0x00000006a9800000, 0x00000006a9800000| Untracked 
| 679|0x00000006a9c00000, 0x00000006a9c00000, 0x00000006aa000000|  0%| F|  |TAMS 0x00000006a9c00000, 0x00000006a9c00000| Untracked 
| 680|0x00000006aa000000, 0x00000006aa000000, 0x00000006aa400000|  0%| F|  |TAMS 0x00000006aa000000, 0x00000006aa000000| Untracked 
| 681|0x00000006aa400000, 0x00000006aa400000, 0x00000006aa800000|  0%| F|  |TAMS 0x00000006aa400000, 0x00000006aa400000| Untracked 
| 682|0x00000006aa800000, 0x00000006aa800000, 0x00000006aac00000|  0%| F|  |TAMS 0x00000006aa800000, 0x00000006aa800000| Untracked 
| 683|0x00000006aac00000, 0x00000006aac00000, 0x00000006ab000000|  0%| F|  |TAMS 0x00000006aac00000, 0x00000006aac00000| Untracked 
| 684|0x00000006ab000000, 0x00000006ab000000, 0x00000006ab400000|  0%| F|  |TAMS 0x00000006ab000000, 0x00000006ab000000| Untracked 
| 685|0x00000006ab400000, 0x00000006ab400000, 0x00000006ab800000|  0%| F|  |TAMS 0x00000006ab400000, 0x00000006ab400000| Untracked 
| 686|0x00000006ab800000, 0x00000006ab800000, 0x00000006abc00000|  0%| F|  |TAMS 0x00000006ab800000, 0x00000006ab800000| Untracked 
| 687|0x00000006abc00000, 0x00000006abc00000, 0x00000006ac000000|  0%| F|  |TAMS 0x00000006abc00000, 0x00000006abc00000| Untracked 
| 688|0x00000006ac000000, 0x00000006ac000000, 0x00000006ac400000|  0%| F|  |TAMS 0x00000006ac000000, 0x00000006ac000000| Untracked 
| 689|0x00000006ac400000, 0x00000006ac400000, 0x00000006ac800000|  0%| F|  |TAMS 0x00000006ac400000, 0x00000006ac400000| Untracked 
| 690|0x00000006ac800000, 0x00000006ac800000, 0x00000006acc00000|  0%| F|  |TAMS 0x00000006ac800000, 0x00000006ac800000| Untracked 
| 691|0x00000006acc00000, 0x00000006acc00000, 0x00000006ad000000|  0%| F|  |TAMS 0x00000006acc00000, 0x00000006acc00000| Untracked 
| 692|0x00000006ad000000, 0x00000006ad000000, 0x00000006ad400000|  0%| F|  |TAMS 0x00000006ad000000, 0x00000006ad000000| Untracked 
| 693|0x00000006ad400000, 0x00000006ad400000, 0x00000006ad800000|  0%| F|  |TAMS 0x00000006ad400000, 0x00000006ad400000| Untracked 
| 694|0x00000006ad800000, 0x00000006ad800000, 0x00000006adc00000|  0%| F|  |TAMS 0x00000006ad800000, 0x00000006ad800000| Untracked 
| 695|0x00000006adc00000, 0x00000006adc00000, 0x00000006ae000000|  0%| F|  |TAMS 0x00000006adc00000, 0x00000006adc00000| Untracked 
| 696|0x00000006ae000000, 0x00000006ae000000, 0x00000006ae400000|  0%| F|  |TAMS 0x00000006ae000000, 0x00000006ae000000| Untracked 
| 697|0x00000006ae400000, 0x00000006ae400000, 0x00000006ae800000|  0%| F|  |TAMS 0x00000006ae400000, 0x00000006ae400000| Untracked 
| 698|0x00000006ae800000, 0x00000006ae800000, 0x00000006aec00000|  0%| F|  |TAMS 0x00000006ae800000, 0x00000006ae800000| Untracked 
| 699|0x00000006aec00000, 0x00000006aec00000, 0x00000006af000000|  0%| F|  |TAMS 0x00000006aec00000, 0x00000006aec00000| Untracked 
| 700|0x00000006af000000, 0x00000006af000000, 0x00000006af400000|  0%| F|  |TAMS 0x00000006af000000, 0x00000006af000000| Untracked 
| 701|0x00000006af400000, 0x00000006af400000, 0x00000006af800000|  0%| F|  |TAMS 0x00000006af400000, 0x00000006af400000| Untracked 
| 702|0x00000006af800000, 0x00000006af800000, 0x00000006afc00000|  0%| F|  |TAMS 0x00000006af800000, 0x00000006af800000| Untracked 
| 703|0x00000006afc00000, 0x00000006afc00000, 0x00000006b0000000|  0%| F|  |TAMS 0x00000006afc00000, 0x00000006afc00000| Untracked 
| 704|0x00000006b0000000, 0x00000006b0000000, 0x00000006b0400000|  0%| F|  |TAMS 0x00000006b0000000, 0x00000006b0000000| Untracked 
| 705|0x00000006b0400000, 0x00000006b0400000, 0x00000006b0800000|  0%| F|  |TAMS 0x00000006b0400000, 0x00000006b0400000| Untracked 
| 706|0x00000006b0800000, 0x00000006b0800000, 0x00000006b0c00000|  0%| F|  |TAMS 0x00000006b0800000, 0x00000006b0800000| Untracked 
| 707|0x00000006b0c00000, 0x00000006b0c00000, 0x00000006b1000000|  0%| F|  |TAMS 0x00000006b0c00000, 0x00000006b0c00000| Untracked 
| 708|0x00000006b1000000, 0x00000006b1000000, 0x00000006b1400000|  0%| F|  |TAMS 0x00000006b1000000, 0x00000006b1000000| Untracked 
| 709|0x00000006b1400000, 0x00000006b1400000, 0x00000006b1800000|  0%| F|  |TAMS 0x00000006b1400000, 0x00000006b1400000| Untracked 
| 710|0x00000006b1800000, 0x00000006b1800000, 0x00000006b1c00000|  0%| F|  |TAMS 0x00000006b1800000, 0x00000006b1800000| Untracked 
| 711|0x00000006b1c00000, 0x00000006b1c00000, 0x00000006b2000000|  0%| F|  |TAMS 0x00000006b1c00000, 0x00000006b1c00000| Untracked 
| 712|0x00000006b2000000, 0x00000006b2000000, 0x00000006b2400000|  0%| F|  |TAMS 0x00000006b2000000, 0x00000006b2000000| Untracked 
| 713|0x00000006b2400000, 0x00000006b2400000, 0x00000006b2800000|  0%| F|  |TAMS 0x00000006b2400000, 0x00000006b2400000| Untracked 
| 714|0x00000006b2800000, 0x00000006b2800000, 0x00000006b2c00000|  0%| F|  |TAMS 0x00000006b2800000, 0x00000006b2800000| Untracked 
| 715|0x00000006b2c00000, 0x00000006b2c00000, 0x00000006b3000000|  0%| F|  |TAMS 0x00000006b2c00000, 0x00000006b2c00000| Untracked 
| 716|0x00000006b3000000, 0x00000006b3000000, 0x00000006b3400000|  0%| F|  |TAMS 0x00000006b3000000, 0x00000006b3000000| Untracked 
| 717|0x00000006b3400000, 0x00000006b3400000, 0x00000006b3800000|  0%| F|  |TAMS 0x00000006b3400000, 0x00000006b3400000| Untracked 
| 718|0x00000006b3800000, 0x00000006b3800000, 0x00000006b3c00000|  0%| F|  |TAMS 0x00000006b3800000, 0x00000006b3800000| Untracked 
| 719|0x00000006b3c00000, 0x00000006b3c00000, 0x00000006b4000000|  0%| F|  |TAMS 0x00000006b3c00000, 0x00000006b3c00000| Untracked 
| 720|0x00000006b4000000, 0x00000006b4000000, 0x00000006b4400000|  0%| F|  |TAMS 0x00000006b4000000, 0x00000006b4000000| Untracked 
| 721|0x00000006b4400000, 0x00000006b4400000, 0x00000006b4800000|  0%| F|  |TAMS 0x00000006b4400000, 0x00000006b4400000| Untracked 
| 722|0x00000006b4800000, 0x00000006b4800000, 0x00000006b4c00000|  0%| F|  |TAMS 0x00000006b4800000, 0x00000006b4800000| Untracked 
| 723|0x00000006b4c00000, 0x00000006b4c00000, 0x00000006b5000000|  0%| F|  |TAMS 0x00000006b4c00000, 0x00000006b4c00000| Untracked 
| 724|0x00000006b5000000, 0x00000006b5000000, 0x00000006b5400000|  0%| F|  |TAMS 0x00000006b5000000, 0x00000006b5000000| Untracked 
| 725|0x00000006b5400000, 0x00000006b5400000, 0x00000006b5800000|  0%| F|  |TAMS 0x00000006b5400000, 0x00000006b5400000| Untracked 
| 726|0x00000006b5800000, 0x00000006b5800000, 0x00000006b5c00000|  0%| F|  |TAMS 0x00000006b5800000, 0x00000006b5800000| Untracked 
| 727|0x00000006b5c00000, 0x00000006b5c00000, 0x00000006b6000000|  0%| F|  |TAMS 0x00000006b5c00000, 0x00000006b5c00000| Untracked 
| 728|0x00000006b6000000, 0x00000006b6000000, 0x00000006b6400000|  0%| F|  |TAMS 0x00000006b6000000, 0x00000006b6000000| Untracked 
| 729|0x00000006b6400000, 0x00000006b6400000, 0x00000006b6800000|  0%| F|  |TAMS 0x00000006b6400000, 0x00000006b6400000| Untracked 
| 730|0x00000006b6800000, 0x00000006b6800000, 0x00000006b6c00000|  0%| F|  |TAMS 0x00000006b6800000, 0x00000006b6800000| Untracked 
| 731|0x00000006b6c00000, 0x00000006b6c00000, 0x00000006b7000000|  0%| F|  |TAMS 0x00000006b6c00000, 0x00000006b6c00000| Untracked 
| 732|0x00000006b7000000, 0x00000006b7000000, 0x00000006b7400000|  0%| F|  |TAMS 0x00000006b7000000, 0x00000006b7000000| Untracked 
| 733|0x00000006b7400000, 0x00000006b7400000, 0x00000006b7800000|  0%| F|  |TAMS 0x00000006b7400000, 0x00000006b7400000| Untracked 
| 734|0x00000006b7800000, 0x00000006b7800000, 0x00000006b7c00000|  0%| F|  |TAMS 0x00000006b7800000, 0x00000006b7800000| Untracked 
| 735|0x00000006b7c00000, 0x00000006b7c00000, 0x00000006b8000000|  0%| F|  |TAMS 0x00000006b7c00000, 0x00000006b7c00000| Untracked 
| 736|0x00000006b8000000, 0x00000006b8000000, 0x00000006b8400000|  0%| F|  |TAMS 0x00000006b8000000, 0x00000006b8000000| Untracked 
| 737|0x00000006b8400000, 0x00000006b8400000, 0x00000006b8800000|  0%| F|  |TAMS 0x00000006b8400000, 0x00000006b8400000| Untracked 
| 738|0x00000006b8800000, 0x00000006b8800000, 0x00000006b8c00000|  0%| F|  |TAMS 0x00000006b8800000, 0x00000006b8800000| Untracked 
| 739|0x00000006b8c00000, 0x00000006b8c00000, 0x00000006b9000000|  0%| F|  |TAMS 0x00000006b8c00000, 0x00000006b8c00000| Untracked 
| 740|0x00000006b9000000, 0x00000006b9000000, 0x00000006b9400000|  0%| F|  |TAMS 0x00000006b9000000, 0x00000006b9000000| Untracked 
| 741|0x00000006b9400000, 0x00000006b9400000, 0x00000006b9800000|  0%| F|  |TAMS 0x00000006b9400000, 0x00000006b9400000| Untracked 
| 742|0x00000006b9800000, 0x00000006b9800000, 0x00000006b9c00000|  0%| F|  |TAMS 0x00000006b9800000, 0x00000006b9800000| Untracked 
| 743|0x00000006b9c00000, 0x00000006b9c00000, 0x00000006ba000000|  0%| F|  |TAMS 0x00000006b9c00000, 0x00000006b9c00000| Untracked 
| 744|0x00000006ba000000, 0x00000006ba000000, 0x00000006ba400000|  0%| F|  |TAMS 0x00000006ba000000, 0x00000006ba000000| Untracked 
| 745|0x00000006ba400000, 0x00000006ba400000, 0x00000006ba800000|  0%| F|  |TAMS 0x00000006ba400000, 0x00000006ba400000| Untracked 
| 746|0x00000006ba800000, 0x00000006ba800000, 0x00000006bac00000|  0%| F|  |TAMS 0x00000006ba800000, 0x00000006ba800000| Untracked 
| 747|0x00000006bac00000, 0x00000006bac00000, 0x00000006bb000000|  0%| F|  |TAMS 0x00000006bac00000, 0x00000006bac00000| Untracked 
| 748|0x00000006bb000000, 0x00000006bb000000, 0x00000006bb400000|  0%| F|  |TAMS 0x00000006bb000000, 0x00000006bb000000| Untracked 
| 749|0x00000006bb400000, 0x00000006bb400000, 0x00000006bb800000|  0%| F|  |TAMS 0x00000006bb400000, 0x00000006bb400000| Untracked 
| 750|0x00000006bb800000, 0x00000006bb800000, 0x00000006bbc00000|  0%| F|  |TAMS 0x00000006bb800000, 0x00000006bb800000| Untracked 
| 751|0x00000006bbc00000, 0x00000006bbc00000, 0x00000006bc000000|  0%| F|  |TAMS 0x00000006bbc00000, 0x00000006bbc00000| Untracked 
| 752|0x00000006bc000000, 0x00000006bc000000, 0x00000006bc400000|  0%| F|  |TAMS 0x00000006bc000000, 0x00000006bc000000| Untracked 
| 753|0x00000006bc400000, 0x00000006bc400000, 0x00000006bc800000|  0%| F|  |TAMS 0x00000006bc400000, 0x00000006bc400000| Untracked 
| 754|0x00000006bc800000, 0x00000006bc800000, 0x00000006bcc00000|  0%| F|  |TAMS 0x00000006bc800000, 0x00000006bc800000| Untracked 
| 755|0x00000006bcc00000, 0x00000006bcc00000, 0x00000006bd000000|  0%| F|  |TAMS 0x00000006bcc00000, 0x00000006bcc00000| Untracked 
| 756|0x00000006bd000000, 0x00000006bd000000, 0x00000006bd400000|  0%| F|  |TAMS 0x00000006bd000000, 0x00000006bd000000| Untracked 
| 757|0x00000006bd400000, 0x00000006bd400000, 0x00000006bd800000|  0%| F|  |TAMS 0x00000006bd400000, 0x00000006bd400000| Untracked 
| 758|0x00000006bd800000, 0x00000006bd800000, 0x00000006bdc00000|  0%| F|  |TAMS 0x00000006bd800000, 0x00000006bd800000| Untracked 
| 759|0x00000006bdc00000, 0x00000006bdc00000, 0x00000006be000000|  0%| F|  |TAMS 0x00000006bdc00000, 0x00000006bdc00000| Untracked 
| 760|0x00000006be000000, 0x00000006be000000, 0x00000006be400000|  0%| F|  |TAMS 0x00000006be000000, 0x00000006be000000| Untracked 
| 761|0x00000006be400000, 0x00000006be400000, 0x00000006be800000|  0%| F|  |TAMS 0x00000006be400000, 0x00000006be400000| Untracked 
| 762|0x00000006be800000, 0x00000006be800000, 0x00000006bec00000|  0%| F|  |TAMS 0x00000006be800000, 0x00000006be800000| Untracked 
| 763|0x00000006bec00000, 0x00000006bec00000, 0x00000006bf000000|  0%| F|  |TAMS 0x00000006bec00000, 0x00000006bec00000| Untracked 
| 764|0x00000006bf000000, 0x00000006bf000000, 0x00000006bf400000|  0%| F|  |TAMS 0x00000006bf000000, 0x00000006bf000000| Untracked 
| 765|0x00000006bf400000, 0x00000006bf400000, 0x00000006bf800000|  0%| F|  |TAMS 0x00000006bf400000, 0x00000006bf400000| Untracked 
| 766|0x00000006bf800000, 0x00000006bf800000, 0x00000006bfc00000|  0%| F|  |TAMS 0x00000006bf800000, 0x00000006bf800000| Untracked 
| 767|0x00000006bfc00000, 0x00000006bfc00000, 0x00000006c0000000|  0%| F|  |TAMS 0x00000006bfc00000, 0x00000006bfc00000| Untracked 
| 768|0x00000006c0000000, 0x00000006c0000000, 0x00000006c0400000|  0%| F|  |TAMS 0x00000006c0000000, 0x00000006c0000000| Untracked 
| 769|0x00000006c0400000, 0x00000006c0400000, 0x00000006c0800000|  0%| F|  |TAMS 0x00000006c0400000, 0x00000006c0400000| Untracked 
| 770|0x00000006c0800000, 0x00000006c0800000, 0x00000006c0c00000|  0%| F|  |TAMS 0x00000006c0800000, 0x00000006c0800000| Untracked 
| 771|0x00000006c0c00000, 0x00000006c0c00000, 0x00000006c1000000|  0%| F|  |TAMS 0x00000006c0c00000, 0x00000006c0c00000| Untracked 
| 772|0x00000006c1000000, 0x00000006c1000000, 0x00000006c1400000|  0%| F|  |TAMS 0x00000006c1000000, 0x00000006c1000000| Untracked 
| 773|0x00000006c1400000, 0x00000006c1400000, 0x00000006c1800000|  0%| F|  |TAMS 0x00000006c1400000, 0x00000006c1400000| Untracked 
| 774|0x00000006c1800000, 0x00000006c1800000, 0x00000006c1c00000|  0%| F|  |TAMS 0x00000006c1800000, 0x00000006c1800000| Untracked 
| 775|0x00000006c1c00000, 0x00000006c1c00000, 0x00000006c2000000|  0%| F|  |TAMS 0x00000006c1c00000, 0x00000006c1c00000| Untracked 
| 776|0x00000006c2000000, 0x00000006c2000000, 0x00000006c2400000|  0%| F|  |TAMS 0x00000006c2000000, 0x00000006c2000000| Untracked 
| 777|0x00000006c2400000, 0x00000006c2400000, 0x00000006c2800000|  0%| F|  |TAMS 0x00000006c2400000, 0x00000006c2400000| Untracked 
| 778|0x00000006c2800000, 0x00000006c2800000, 0x00000006c2c00000|  0%| F|  |TAMS 0x00000006c2800000, 0x00000006c2800000| Untracked 
| 779|0x00000006c2c00000, 0x00000006c2c00000, 0x00000006c3000000|  0%| F|  |TAMS 0x00000006c2c00000, 0x00000006c2c00000| Untracked 
| 780|0x00000006c3000000, 0x00000006c3000000, 0x00000006c3400000|  0%| F|  |TAMS 0x00000006c3000000, 0x00000006c3000000| Untracked 
| 781|0x00000006c3400000, 0x00000006c3400000, 0x00000006c3800000|  0%| F|  |TAMS 0x00000006c3400000, 0x00000006c3400000| Untracked 
| 782|0x00000006c3800000, 0x00000006c3800000, 0x00000006c3c00000|  0%| F|  |TAMS 0x00000006c3800000, 0x00000006c3800000| Untracked 
| 783|0x00000006c3c00000, 0x00000006c3c00000, 0x00000006c4000000|  0%| F|  |TAMS 0x00000006c3c00000, 0x00000006c3c00000| Untracked 
| 784|0x00000006c4000000, 0x00000006c4000000, 0x00000006c4400000|  0%| F|  |TAMS 0x00000006c4000000, 0x00000006c4000000| Untracked 
| 785|0x00000006c4400000, 0x00000006c4400000, 0x00000006c4800000|  0%| F|  |TAMS 0x00000006c4400000, 0x00000006c4400000| Untracked 
| 786|0x00000006c4800000, 0x00000006c4800000, 0x00000006c4c00000|  0%| F|  |TAMS 0x00000006c4800000, 0x00000006c4800000| Untracked 
| 787|0x00000006c4c00000, 0x00000006c4c00000, 0x00000006c5000000|  0%| F|  |TAMS 0x00000006c4c00000, 0x00000006c4c00000| Untracked 
| 788|0x00000006c5000000, 0x00000006c5000000, 0x00000006c5400000|  0%| F|  |TAMS 0x00000006c5000000, 0x00000006c5000000| Untracked 
| 789|0x00000006c5400000, 0x00000006c5400000, 0x00000006c5800000|  0%| F|  |TAMS 0x00000006c5400000, 0x00000006c5400000| Untracked 
| 790|0x00000006c5800000, 0x00000006c5800000, 0x00000006c5c00000|  0%| F|  |TAMS 0x00000006c5800000, 0x00000006c5800000| Untracked 
| 791|0x00000006c5c00000, 0x00000006c5c00000, 0x00000006c6000000|  0%| F|  |TAMS 0x00000006c5c00000, 0x00000006c5c00000| Untracked 
| 792|0x00000006c6000000, 0x00000006c6000000, 0x00000006c6400000|  0%| F|  |TAMS 0x00000006c6000000, 0x00000006c6000000| Untracked 
| 793|0x00000006c6400000, 0x00000006c6400000, 0x00000006c6800000|  0%| F|  |TAMS 0x00000006c6400000, 0x00000006c6400000| Untracked 
| 794|0x00000006c6800000, 0x00000006c6800000, 0x00000006c6c00000|  0%| F|  |TAMS 0x00000006c6800000, 0x00000006c6800000| Untracked 
| 795|0x00000006c6c00000, 0x00000006c6c00000, 0x00000006c7000000|  0%| F|  |TAMS 0x00000006c6c00000, 0x00000006c6c00000| Untracked 
| 796|0x00000006c7000000, 0x00000006c7000000, 0x00000006c7400000|  0%| F|  |TAMS 0x00000006c7000000, 0x00000006c7000000| Untracked 
| 797|0x00000006c7400000, 0x00000006c7400000, 0x00000006c7800000|  0%| F|  |TAMS 0x00000006c7400000, 0x00000006c7400000| Untracked 
| 798|0x00000006c7800000, 0x00000006c7800000, 0x00000006c7c00000|  0%| F|  |TAMS 0x00000006c7800000, 0x00000006c7800000| Untracked 
| 799|0x00000006c7c00000, 0x00000006c7c00000, 0x00000006c8000000|  0%| F|  |TAMS 0x00000006c7c00000, 0x00000006c7c00000| Untracked 
| 800|0x00000006c8000000, 0x00000006c8000000, 0x00000006c8400000|  0%| F|  |TAMS 0x00000006c8000000, 0x00000006c8000000| Untracked 
| 801|0x00000006c8400000, 0x00000006c8400000, 0x00000006c8800000|  0%| F|  |TAMS 0x00000006c8400000, 0x00000006c8400000| Untracked 
| 802|0x00000006c8800000, 0x00000006c8800000, 0x00000006c8c00000|  0%| F|  |TAMS 0x00000006c8800000, 0x00000006c8800000| Untracked 
| 803|0x00000006c8c00000, 0x00000006c8c00000, 0x00000006c9000000|  0%| F|  |TAMS 0x00000006c8c00000, 0x00000006c8c00000| Untracked 
| 804|0x00000006c9000000, 0x00000006c9000000, 0x00000006c9400000|  0%| F|  |TAMS 0x00000006c9000000, 0x00000006c9000000| Untracked 
| 805|0x00000006c9400000, 0x00000006c9400000, 0x00000006c9800000|  0%| F|  |TAMS 0x00000006c9400000, 0x00000006c9400000| Untracked 
| 806|0x00000006c9800000, 0x00000006c9800000, 0x00000006c9c00000|  0%| F|  |TAMS 0x00000006c9800000, 0x00000006c9800000| Untracked 
| 807|0x00000006c9c00000, 0x00000006c9c00000, 0x00000006ca000000|  0%| F|  |TAMS 0x00000006c9c00000, 0x00000006c9c00000| Untracked 
| 808|0x00000006ca000000, 0x00000006ca000000, 0x00000006ca400000|  0%| F|  |TAMS 0x00000006ca000000, 0x00000006ca000000| Untracked 
| 809|0x00000006ca400000, 0x00000006ca400000, 0x00000006ca800000|  0%| F|  |TAMS 0x00000006ca400000, 0x00000006ca400000| Untracked 
| 810|0x00000006ca800000, 0x00000006ca800000, 0x00000006cac00000|  0%| F|  |TAMS 0x00000006ca800000, 0x00000006ca800000| Untracked 
| 811|0x00000006cac00000, 0x00000006cac00000, 0x00000006cb000000|  0%| F|  |TAMS 0x00000006cac00000, 0x00000006cac00000| Untracked 
| 812|0x00000006cb000000, 0x00000006cb000000, 0x00000006cb400000|  0%| F|  |TAMS 0x00000006cb000000, 0x00000006cb000000| Untracked 
| 813|0x00000006cb400000, 0x00000006cb400000, 0x00000006cb800000|  0%| F|  |TAMS 0x00000006cb400000, 0x00000006cb400000| Untracked 
| 814|0x00000006cb800000, 0x00000006cb800000, 0x00000006cbc00000|  0%| F|  |TAMS 0x00000006cb800000, 0x00000006cb800000| Untracked 
| 815|0x00000006cbc00000, 0x00000006cbc00000, 0x00000006cc000000|  0%| F|  |TAMS 0x00000006cbc00000, 0x00000006cbc00000| Untracked 
| 816|0x00000006cc000000, 0x00000006cc000000, 0x00000006cc400000|  0%| F|  |TAMS 0x00000006cc000000, 0x00000006cc000000| Untracked 
| 817|0x00000006cc400000, 0x00000006cc400000, 0x00000006cc800000|  0%| F|  |TAMS 0x00000006cc400000, 0x00000006cc400000| Untracked 
| 818|0x00000006cc800000, 0x00000006cc800000, 0x00000006ccc00000|  0%| F|  |TAMS 0x00000006cc800000, 0x00000006cc800000| Untracked 
| 819|0x00000006ccc00000, 0x00000006ccc00000, 0x00000006cd000000|  0%| F|  |TAMS 0x00000006ccc00000, 0x00000006ccc00000| Untracked 
| 820|0x00000006cd000000, 0x00000006cd000000, 0x00000006cd400000|  0%| F|  |TAMS 0x00000006cd000000, 0x00000006cd000000| Untracked 
| 821|0x00000006cd400000, 0x00000006cd400000, 0x00000006cd800000|  0%| F|  |TAMS 0x00000006cd400000, 0x00000006cd400000| Untracked 
| 822|0x00000006cd800000, 0x00000006cd800000, 0x00000006cdc00000|  0%| F|  |TAMS 0x00000006cd800000, 0x00000006cd800000| Untracked 
| 823|0x00000006cdc00000, 0x00000006cdc00000, 0x00000006ce000000|  0%| F|  |TAMS 0x00000006cdc00000, 0x00000006cdc00000| Untracked 
| 824|0x00000006ce000000, 0x00000006ce000000, 0x00000006ce400000|  0%| F|  |TAMS 0x00000006ce000000, 0x00000006ce000000| Untracked 
| 825|0x00000006ce400000, 0x00000006ce400000, 0x00000006ce800000|  0%| F|  |TAMS 0x00000006ce400000, 0x00000006ce400000| Untracked 
| 826|0x00000006ce800000, 0x00000006ce800000, 0x00000006cec00000|  0%| F|  |TAMS 0x00000006ce800000, 0x00000006ce800000| Untracked 
| 827|0x00000006cec00000, 0x00000006cec00000, 0x00000006cf000000|  0%| F|  |TAMS 0x00000006cec00000, 0x00000006cec00000| Untracked 
| 828|0x00000006cf000000, 0x00000006cf000000, 0x00000006cf400000|  0%| F|  |TAMS 0x00000006cf000000, 0x00000006cf000000| Untracked 
| 829|0x00000006cf400000, 0x00000006cf400000, 0x00000006cf800000|  0%| F|  |TAMS 0x00000006cf400000, 0x00000006cf400000| Untracked 
| 830|0x00000006cf800000, 0x00000006cf800000, 0x00000006cfc00000|  0%| F|  |TAMS 0x00000006cf800000, 0x00000006cf800000| Untracked 
| 831|0x00000006cfc00000, 0x00000006cfc00000, 0x00000006d0000000|  0%| F|  |TAMS 0x00000006cfc00000, 0x00000006cfc00000| Untracked 
| 832|0x00000006d0000000, 0x00000006d0000000, 0x00000006d0400000|  0%| F|  |TAMS 0x00000006d0000000, 0x00000006d0000000| Untracked 
| 833|0x00000006d0400000, 0x00000006d0400000, 0x00000006d0800000|  0%| F|  |TAMS 0x00000006d0400000, 0x00000006d0400000| Untracked 
| 834|0x00000006d0800000, 0x00000006d0800000, 0x00000006d0c00000|  0%| F|  |TAMS 0x00000006d0800000, 0x00000006d0800000| Untracked 
| 835|0x00000006d0c00000, 0x00000006d0c00000, 0x00000006d1000000|  0%| F|  |TAMS 0x00000006d0c00000, 0x00000006d0c00000| Untracked 
| 836|0x00000006d1000000, 0x00000006d1000000, 0x00000006d1400000|  0%| F|  |TAMS 0x00000006d1000000, 0x00000006d1000000| Untracked 
| 837|0x00000006d1400000, 0x00000006d1400000, 0x00000006d1800000|  0%| F|  |TAMS 0x00000006d1400000, 0x00000006d1400000| Untracked 
| 838|0x00000006d1800000, 0x00000006d1800000, 0x00000006d1c00000|  0%| F|  |TAMS 0x00000006d1800000, 0x00000006d1800000| Untracked 
| 839|0x00000006d1c00000, 0x00000006d1c00000, 0x00000006d2000000|  0%| F|  |TAMS 0x00000006d1c00000, 0x00000006d1c00000| Untracked 
| 840|0x00000006d2000000, 0x00000006d2000000, 0x00000006d2400000|  0%| F|  |TAMS 0x00000006d2000000, 0x00000006d2000000| Untracked 
| 841|0x00000006d2400000, 0x00000006d2400000, 0x00000006d2800000|  0%| F|  |TAMS 0x00000006d2400000, 0x00000006d2400000| Untracked 
| 842|0x00000006d2800000, 0x00000006d2800000, 0x00000006d2c00000|  0%| F|  |TAMS 0x00000006d2800000, 0x00000006d2800000| Untracked 
| 843|0x00000006d2c00000, 0x00000006d2c00000, 0x00000006d3000000|  0%| F|  |TAMS 0x00000006d2c00000, 0x00000006d2c00000| Untracked 
| 844|0x00000006d3000000, 0x00000006d3000000, 0x00000006d3400000|  0%| F|  |TAMS 0x00000006d3000000, 0x00000006d3000000| Untracked 
| 845|0x00000006d3400000, 0x00000006d3400000, 0x00000006d3800000|  0%| F|  |TAMS 0x00000006d3400000, 0x00000006d3400000| Untracked 
| 846|0x00000006d3800000, 0x00000006d3800000, 0x00000006d3c00000|  0%| F|  |TAMS 0x00000006d3800000, 0x00000006d3800000| Untracked 
| 847|0x00000006d3c00000, 0x00000006d3c00000, 0x00000006d4000000|  0%| F|  |TAMS 0x00000006d3c00000, 0x00000006d3c00000| Untracked 
| 848|0x00000006d4000000, 0x00000006d4000000, 0x00000006d4400000|  0%| F|  |TAMS 0x00000006d4000000, 0x00000006d4000000| Untracked 
| 849|0x00000006d4400000, 0x00000006d4400000, 0x00000006d4800000|  0%| F|  |TAMS 0x00000006d4400000, 0x00000006d4400000| Untracked 
| 850|0x00000006d4800000, 0x00000006d4800000, 0x00000006d4c00000|  0%| F|  |TAMS 0x00000006d4800000, 0x00000006d4800000| Untracked 
| 851|0x00000006d4c00000, 0x00000006d4c00000, 0x00000006d5000000|  0%| F|  |TAMS 0x00000006d4c00000, 0x00000006d4c00000| Untracked 
| 852|0x00000006d5000000, 0x00000006d5000000, 0x00000006d5400000|  0%| F|  |TAMS 0x00000006d5000000, 0x00000006d5000000| Untracked 
| 853|0x00000006d5400000, 0x00000006d5400000, 0x00000006d5800000|  0%| F|  |TAMS 0x00000006d5400000, 0x00000006d5400000| Untracked 
| 854|0x00000006d5800000, 0x00000006d5800000, 0x00000006d5c00000|  0%| F|  |TAMS 0x00000006d5800000, 0x00000006d5800000| Untracked 
| 855|0x00000006d5c00000, 0x00000006d5c00000, 0x00000006d6000000|  0%| F|  |TAMS 0x00000006d5c00000, 0x00000006d5c00000| Untracked 
| 856|0x00000006d6000000, 0x00000006d6000000, 0x00000006d6400000|  0%| F|  |TAMS 0x00000006d6000000, 0x00000006d6000000| Untracked 
| 857|0x00000006d6400000, 0x00000006d6400000, 0x00000006d6800000|  0%| F|  |TAMS 0x00000006d6400000, 0x00000006d6400000| Untracked 
| 858|0x00000006d6800000, 0x00000006d6800000, 0x00000006d6c00000|  0%| F|  |TAMS 0x00000006d6800000, 0x00000006d6800000| Untracked 
| 859|0x00000006d6c00000, 0x00000006d6c00000, 0x00000006d7000000|  0%| F|  |TAMS 0x00000006d6c00000, 0x00000006d6c00000| Untracked 
| 860|0x00000006d7000000, 0x00000006d7000000, 0x00000006d7400000|  0%| F|  |TAMS 0x00000006d7000000, 0x00000006d7000000| Untracked 
| 861|0x00000006d7400000, 0x00000006d7400000, 0x00000006d7800000|  0%| F|  |TAMS 0x00000006d7400000, 0x00000006d7400000| Untracked 
| 862|0x00000006d7800000, 0x00000006d7800000, 0x00000006d7c00000|  0%| F|  |TAMS 0x00000006d7800000, 0x00000006d7800000| Untracked 
| 863|0x00000006d7c00000, 0x00000006d7c00000, 0x00000006d8000000|  0%| F|  |TAMS 0x00000006d7c00000, 0x00000006d7c00000| Untracked 
| 864|0x00000006d8000000, 0x00000006d8000000, 0x00000006d8400000|  0%| F|  |TAMS 0x00000006d8000000, 0x00000006d8000000| Untracked 
| 865|0x00000006d8400000, 0x00000006d8400000, 0x00000006d8800000|  0%| F|  |TAMS 0x00000006d8400000, 0x00000006d8400000| Untracked 
| 866|0x00000006d8800000, 0x00000006d8800000, 0x00000006d8c00000|  0%| F|  |TAMS 0x00000006d8800000, 0x00000006d8800000| Untracked 
| 867|0x00000006d8c00000, 0x00000006d8c00000, 0x00000006d9000000|  0%| F|  |TAMS 0x00000006d8c00000, 0x00000006d8c00000| Untracked 
| 868|0x00000006d9000000, 0x00000006d9000000, 0x00000006d9400000|  0%| F|  |TAMS 0x00000006d9000000, 0x00000006d9000000| Untracked 
| 869|0x00000006d9400000, 0x00000006d9400000, 0x00000006d9800000|  0%| F|  |TAMS 0x00000006d9400000, 0x00000006d9400000| Untracked 
| 870|0x00000006d9800000, 0x00000006d9800000, 0x00000006d9c00000|  0%| F|  |TAMS 0x00000006d9800000, 0x00000006d9800000| Untracked 
| 871|0x00000006d9c00000, 0x00000006d9c00000, 0x00000006da000000|  0%| F|  |TAMS 0x00000006d9c00000, 0x00000006d9c00000| Untracked 
| 872|0x00000006da000000, 0x00000006da000000, 0x00000006da400000|  0%| F|  |TAMS 0x00000006da000000, 0x00000006da000000| Untracked 
| 873|0x00000006da400000, 0x00000006da400000, 0x00000006da800000|  0%| F|  |TAMS 0x00000006da400000, 0x00000006da400000| Untracked 
| 874|0x00000006da800000, 0x00000006da800000, 0x00000006dac00000|  0%| F|  |TAMS 0x00000006da800000, 0x00000006da800000| Untracked 
| 875|0x00000006dac00000, 0x00000006dac00000, 0x00000006db000000|  0%| F|  |TAMS 0x00000006dac00000, 0x00000006dac00000| Untracked 
| 876|0x00000006db000000, 0x00000006db000000, 0x00000006db400000|  0%| F|  |TAMS 0x00000006db000000, 0x00000006db000000| Untracked 
| 877|0x00000006db400000, 0x00000006db400000, 0x00000006db800000|  0%| F|  |TAMS 0x00000006db400000, 0x00000006db400000| Untracked 
| 878|0x00000006db800000, 0x00000006db800000, 0x00000006dbc00000|  0%| F|  |TAMS 0x00000006db800000, 0x00000006db800000| Untracked 
| 879|0x00000006dbc00000, 0x00000006dbc00000, 0x00000006dc000000|  0%| F|  |TAMS 0x00000006dbc00000, 0x00000006dbc00000| Untracked 
| 880|0x00000006dc000000, 0x00000006dc000000, 0x00000006dc400000|  0%| F|  |TAMS 0x00000006dc000000, 0x00000006dc000000| Untracked 
| 881|0x00000006dc400000, 0x00000006dc400000, 0x00000006dc800000|  0%| F|  |TAMS 0x00000006dc400000, 0x00000006dc400000| Untracked 
| 882|0x00000006dc800000, 0x00000006dc800000, 0x00000006dcc00000|  0%| F|  |TAMS 0x00000006dc800000, 0x00000006dc800000| Untracked 
| 883|0x00000006dcc00000, 0x00000006dcc00000, 0x00000006dd000000|  0%| F|  |TAMS 0x00000006dcc00000, 0x00000006dcc00000| Untracked 
| 884|0x00000006dd000000, 0x00000006dd000000, 0x00000006dd400000|  0%| F|  |TAMS 0x00000006dd000000, 0x00000006dd000000| Untracked 
| 885|0x00000006dd400000, 0x00000006dd400000, 0x00000006dd800000|  0%| F|  |TAMS 0x00000006dd400000, 0x00000006dd400000| Untracked 
| 886|0x00000006dd800000, 0x00000006dd800000, 0x00000006ddc00000|  0%| F|  |TAMS 0x00000006dd800000, 0x00000006dd800000| Untracked 
| 887|0x00000006ddc00000, 0x00000006ddc00000, 0x00000006de000000|  0%| F|  |TAMS 0x00000006ddc00000, 0x00000006ddc00000| Untracked 
| 888|0x00000006de000000, 0x00000006de000000, 0x00000006de400000|  0%| F|  |TAMS 0x00000006de000000, 0x00000006de000000| Untracked 
| 889|0x00000006de400000, 0x00000006de400000, 0x00000006de800000|  0%| F|  |TAMS 0x00000006de400000, 0x00000006de400000| Untracked 
| 890|0x00000006de800000, 0x00000006de800000, 0x00000006dec00000|  0%| F|  |TAMS 0x00000006de800000, 0x00000006de800000| Untracked 
| 891|0x00000006dec00000, 0x00000006dec00000, 0x00000006df000000|  0%| F|  |TAMS 0x00000006dec00000, 0x00000006dec00000| Untracked 
| 892|0x00000006df000000, 0x00000006df000000, 0x00000006df400000|  0%| F|  |TAMS 0x00000006df000000, 0x00000006df000000| Untracked 
| 893|0x00000006df400000, 0x00000006df400000, 0x00000006df800000|  0%| F|  |TAMS 0x00000006df400000, 0x00000006df400000| Untracked 
| 894|0x00000006df800000, 0x00000006df800000, 0x00000006dfc00000|  0%| F|  |TAMS 0x00000006df800000, 0x00000006df800000| Untracked 
| 895|0x00000006dfc00000, 0x00000006dfc00000, 0x00000006e0000000|  0%| F|  |TAMS 0x00000006dfc00000, 0x00000006dfc00000| Untracked 
| 896|0x00000006e0000000, 0x00000006e0000000, 0x00000006e0400000|  0%| F|  |TAMS 0x00000006e0000000, 0x00000006e0000000| Untracked 
| 897|0x00000006e0400000, 0x00000006e0400000, 0x00000006e0800000|  0%| F|  |TAMS 0x00000006e0400000, 0x00000006e0400000| Untracked 
| 898|0x00000006e0800000, 0x00000006e0800000, 0x00000006e0c00000|  0%| F|  |TAMS 0x00000006e0800000, 0x00000006e0800000| Untracked 
| 899|0x00000006e0c00000, 0x00000006e0c00000, 0x00000006e1000000|  0%| F|  |TAMS 0x00000006e0c00000, 0x00000006e0c00000| Untracked 
| 900|0x00000006e1000000, 0x00000006e1000000, 0x00000006e1400000|  0%| F|  |TAMS 0x00000006e1000000, 0x00000006e1000000| Untracked 
| 901|0x00000006e1400000, 0x00000006e1400000, 0x00000006e1800000|  0%| F|  |TAMS 0x00000006e1400000, 0x00000006e1400000| Untracked 
| 902|0x00000006e1800000, 0x00000006e1800000, 0x00000006e1c00000|  0%| F|  |TAMS 0x00000006e1800000, 0x00000006e1800000| Untracked 
| 903|0x00000006e1c00000, 0x00000006e1c00000, 0x00000006e2000000|  0%| F|  |TAMS 0x00000006e1c00000, 0x00000006e1c00000| Untracked 
| 904|0x00000006e2000000, 0x00000006e2000000, 0x00000006e2400000|  0%| F|  |TAMS 0x00000006e2000000, 0x00000006e2000000| Untracked 
| 905|0x00000006e2400000, 0x00000006e2400000, 0x00000006e2800000|  0%| F|  |TAMS 0x00000006e2400000, 0x00000006e2400000| Untracked 
| 906|0x00000006e2800000, 0x00000006e2800000, 0x00000006e2c00000|  0%| F|  |TAMS 0x00000006e2800000, 0x00000006e2800000| Untracked 
| 907|0x00000006e2c00000, 0x00000006e2c00000, 0x00000006e3000000|  0%| F|  |TAMS 0x00000006e2c00000, 0x00000006e2c00000| Untracked 
| 908|0x00000006e3000000, 0x00000006e3000000, 0x00000006e3400000|  0%| F|  |TAMS 0x00000006e3000000, 0x00000006e3000000| Untracked 
| 909|0x00000006e3400000, 0x00000006e3400000, 0x00000006e3800000|  0%| F|  |TAMS 0x00000006e3400000, 0x00000006e3400000| Untracked 
| 910|0x00000006e3800000, 0x00000006e3800000, 0x00000006e3c00000|  0%| F|  |TAMS 0x00000006e3800000, 0x00000006e3800000| Untracked 
| 911|0x00000006e3c00000, 0x00000006e3c00000, 0x00000006e4000000|  0%| F|  |TAMS 0x00000006e3c00000, 0x00000006e3c00000| Untracked 
| 912|0x00000006e4000000, 0x00000006e4000000, 0x00000006e4400000|  0%| F|  |TAMS 0x00000006e4000000, 0x00000006e4000000| Untracked 
| 913|0x00000006e4400000, 0x00000006e4400000, 0x00000006e4800000|  0%| F|  |TAMS 0x00000006e4400000, 0x00000006e4400000| Untracked 
| 914|0x00000006e4800000, 0x00000006e4800000, 0x00000006e4c00000|  0%| F|  |TAMS 0x00000006e4800000, 0x00000006e4800000| Untracked 
| 915|0x00000006e4c00000, 0x00000006e4c00000, 0x00000006e5000000|  0%| F|  |TAMS 0x00000006e4c00000, 0x00000006e4c00000| Untracked 
| 916|0x00000006e5000000, 0x00000006e5000000, 0x00000006e5400000|  0%| F|  |TAMS 0x00000006e5000000, 0x00000006e5000000| Untracked 
| 917|0x00000006e5400000, 0x00000006e5400000, 0x00000006e5800000|  0%| F|  |TAMS 0x00000006e5400000, 0x00000006e5400000| Untracked 
| 918|0x00000006e5800000, 0x00000006e5800000, 0x00000006e5c00000|  0%| F|  |TAMS 0x00000006e5800000, 0x00000006e5800000| Untracked 
| 919|0x00000006e5c00000, 0x00000006e5c00000, 0x00000006e6000000|  0%| F|  |TAMS 0x00000006e5c00000, 0x00000006e5c00000| Untracked 
| 920|0x00000006e6000000, 0x00000006e6000000, 0x00000006e6400000|  0%| F|  |TAMS 0x00000006e6000000, 0x00000006e6000000| Untracked 
| 921|0x00000006e6400000, 0x00000006e6400000, 0x00000006e6800000|  0%| F|  |TAMS 0x00000006e6400000, 0x00000006e6400000| Untracked 
| 922|0x00000006e6800000, 0x00000006e6800000, 0x00000006e6c00000|  0%| F|  |TAMS 0x00000006e6800000, 0x00000006e6800000| Untracked 
| 923|0x00000006e6c00000, 0x00000006e6c00000, 0x00000006e7000000|  0%| F|  |TAMS 0x00000006e6c00000, 0x00000006e6c00000| Untracked 
| 924|0x00000006e7000000, 0x00000006e7000000, 0x00000006e7400000|  0%| F|  |TAMS 0x00000006e7000000, 0x00000006e7000000| Untracked 
| 925|0x00000006e7400000, 0x00000006e7400000, 0x00000006e7800000|  0%| F|  |TAMS 0x00000006e7400000, 0x00000006e7400000| Untracked 
| 926|0x00000006e7800000, 0x00000006e7800000, 0x00000006e7c00000|  0%| F|  |TAMS 0x00000006e7800000, 0x00000006e7800000| Untracked 
| 927|0x00000006e7c00000, 0x00000006e7c00000, 0x00000006e8000000|  0%| F|  |TAMS 0x00000006e7c00000, 0x00000006e7c00000| Untracked 
| 928|0x00000006e8000000, 0x00000006e8000000, 0x00000006e8400000|  0%| F|  |TAMS 0x00000006e8000000, 0x00000006e8000000| Untracked 
| 929|0x00000006e8400000, 0x00000006e8400000, 0x00000006e8800000|  0%| F|  |TAMS 0x00000006e8400000, 0x00000006e8400000| Untracked 
| 930|0x00000006e8800000, 0x00000006e8800000, 0x00000006e8c00000|  0%| F|  |TAMS 0x00000006e8800000, 0x00000006e8800000| Untracked 
| 931|0x00000006e8c00000, 0x00000006e8c00000, 0x00000006e9000000|  0%| F|  |TAMS 0x00000006e8c00000, 0x00000006e8c00000| Untracked 
| 932|0x00000006e9000000, 0x00000006e9000000, 0x00000006e9400000|  0%| F|  |TAMS 0x00000006e9000000, 0x00000006e9000000| Untracked 
| 933|0x00000006e9400000, 0x00000006e9400000, 0x00000006e9800000|  0%| F|  |TAMS 0x00000006e9400000, 0x00000006e9400000| Untracked 
| 934|0x00000006e9800000, 0x00000006e9800000, 0x00000006e9c00000|  0%| F|  |TAMS 0x00000006e9800000, 0x00000006e9800000| Untracked 
| 935|0x00000006e9c00000, 0x00000006e9c00000, 0x00000006ea000000|  0%| F|  |TAMS 0x00000006e9c00000, 0x00000006e9c00000| Untracked 
| 936|0x00000006ea000000, 0x00000006ea000000, 0x00000006ea400000|  0%| F|  |TAMS 0x00000006ea000000, 0x00000006ea000000| Untracked 
| 937|0x00000006ea400000, 0x00000006ea400000, 0x00000006ea800000|  0%| F|  |TAMS 0x00000006ea400000, 0x00000006ea400000| Untracked 
| 938|0x00000006ea800000, 0x00000006ea800000, 0x00000006eac00000|  0%| F|  |TAMS 0x00000006ea800000, 0x00000006ea800000| Untracked 
| 939|0x00000006eac00000, 0x00000006eac00000, 0x00000006eb000000|  0%| F|  |TAMS 0x00000006eac00000, 0x00000006eac00000| Untracked 
| 940|0x00000006eb000000, 0x00000006eb000000, 0x00000006eb400000|  0%| F|  |TAMS 0x00000006eb000000, 0x00000006eb000000| Untracked 
| 941|0x00000006eb400000, 0x00000006eb400000, 0x00000006eb800000|  0%| F|  |TAMS 0x00000006eb400000, 0x00000006eb400000| Untracked 
| 942|0x00000006eb800000, 0x00000006eb800000, 0x00000006ebc00000|  0%| F|  |TAMS 0x00000006eb800000, 0x00000006eb800000| Untracked 
| 943|0x00000006ebc00000, 0x00000006ebc00000, 0x00000006ec000000|  0%| F|  |TAMS 0x00000006ebc00000, 0x00000006ebc00000| Untracked 
| 944|0x00000006ec000000, 0x00000006ec000000, 0x00000006ec400000|  0%| F|  |TAMS 0x00000006ec000000, 0x00000006ec000000| Untracked 
| 945|0x00000006ec400000, 0x00000006ec400000, 0x00000006ec800000|  0%| F|  |TAMS 0x00000006ec400000, 0x00000006ec400000| Untracked 
| 946|0x00000006ec800000, 0x00000006ec800000, 0x00000006ecc00000|  0%| F|  |TAMS 0x00000006ec800000, 0x00000006ec800000| Untracked 
| 947|0x00000006ecc00000, 0x00000006ecc00000, 0x00000006ed000000|  0%| F|  |TAMS 0x00000006ecc00000, 0x00000006ecc00000| Untracked 
| 948|0x00000006ed000000, 0x00000006ed000000, 0x00000006ed400000|  0%| F|  |TAMS 0x00000006ed000000, 0x00000006ed000000| Untracked 
| 949|0x00000006ed400000, 0x00000006ed400000, 0x00000006ed800000|  0%| F|  |TAMS 0x00000006ed400000, 0x00000006ed400000| Untracked 
| 950|0x00000006ed800000, 0x00000006ed800000, 0x00000006edc00000|  0%| F|  |TAMS 0x00000006ed800000, 0x00000006ed800000| Untracked 
| 951|0x00000006edc00000, 0x00000006edc00000, 0x00000006ee000000|  0%| F|  |TAMS 0x00000006edc00000, 0x00000006edc00000| Untracked 
| 952|0x00000006ee000000, 0x00000006ee000000, 0x00000006ee400000|  0%| F|  |TAMS 0x00000006ee000000, 0x00000006ee000000| Untracked 
| 953|0x00000006ee400000, 0x00000006ee400000, 0x00000006ee800000|  0%| F|  |TAMS 0x00000006ee400000, 0x00000006ee400000| Untracked 
| 954|0x00000006ee800000, 0x00000006ee800000, 0x00000006eec00000|  0%| F|  |TAMS 0x00000006ee800000, 0x00000006ee800000| Untracked 
| 955|0x00000006eec00000, 0x00000006eec00000, 0x00000006ef000000|  0%| F|  |TAMS 0x00000006eec00000, 0x00000006eec00000| Untracked 
| 956|0x00000006ef000000, 0x00000006ef000000, 0x00000006ef400000|  0%| F|  |TAMS 0x00000006ef000000, 0x00000006ef000000| Untracked 
| 957|0x00000006ef400000, 0x00000006ef400000, 0x00000006ef800000|  0%| F|  |TAMS 0x00000006ef400000, 0x00000006ef400000| Untracked 
| 958|0x00000006ef800000, 0x00000006ef800000, 0x00000006efc00000|  0%| F|  |TAMS 0x00000006ef800000, 0x00000006ef800000| Untracked 
| 959|0x00000006efc00000, 0x00000006efc00000, 0x00000006f0000000|  0%| F|  |TAMS 0x00000006efc00000, 0x00000006efc00000| Untracked 
| 960|0x00000006f0000000, 0x00000006f0000000, 0x00000006f0400000|  0%| F|  |TAMS 0x00000006f0000000, 0x00000006f0000000| Untracked 
| 961|0x00000006f0400000, 0x00000006f0400000, 0x00000006f0800000|  0%| F|  |TAMS 0x00000006f0400000, 0x00000006f0400000| Untracked 
| 962|0x00000006f0800000, 0x00000006f0800000, 0x00000006f0c00000|  0%| F|  |TAMS 0x00000006f0800000, 0x00000006f0800000| Untracked 
| 963|0x00000006f0c00000, 0x00000006f0c00000, 0x00000006f1000000|  0%| F|  |TAMS 0x00000006f0c00000, 0x00000006f0c00000| Untracked 
| 964|0x00000006f1000000, 0x00000006f1000000, 0x00000006f1400000|  0%| F|  |TAMS 0x00000006f1000000, 0x00000006f1000000| Untracked 
| 965|0x00000006f1400000, 0x00000006f1400000, 0x00000006f1800000|  0%| F|  |TAMS 0x00000006f1400000, 0x00000006f1400000| Untracked 
| 966|0x00000006f1800000, 0x00000006f1800000, 0x00000006f1c00000|  0%| F|  |TAMS 0x00000006f1800000, 0x00000006f1800000| Untracked 
| 967|0x00000006f1c00000, 0x00000006f1c00000, 0x00000006f2000000|  0%| F|  |TAMS 0x00000006f1c00000, 0x00000006f1c00000| Untracked 
| 968|0x00000006f2000000, 0x00000006f2000000, 0x00000006f2400000|  0%| F|  |TAMS 0x00000006f2000000, 0x00000006f2000000| Untracked 
| 969|0x00000006f2400000, 0x00000006f2400000, 0x00000006f2800000|  0%| F|  |TAMS 0x00000006f2400000, 0x00000006f2400000| Untracked 
| 970|0x00000006f2800000, 0x00000006f2800000, 0x00000006f2c00000|  0%| F|  |TAMS 0x00000006f2800000, 0x00000006f2800000| Untracked 
| 971|0x00000006f2c00000, 0x00000006f2c00000, 0x00000006f3000000|  0%| F|  |TAMS 0x00000006f2c00000, 0x00000006f2c00000| Untracked 
| 972|0x00000006f3000000, 0x00000006f3000000, 0x00000006f3400000|  0%| F|  |TAMS 0x00000006f3000000, 0x00000006f3000000| Untracked 
| 973|0x00000006f3400000, 0x00000006f3400000, 0x00000006f3800000|  0%| F|  |TAMS 0x00000006f3400000, 0x00000006f3400000| Untracked 
| 974|0x00000006f3800000, 0x00000006f3800000, 0x00000006f3c00000|  0%| F|  |TAMS 0x00000006f3800000, 0x00000006f3800000| Untracked 
| 975|0x00000006f3c00000, 0x00000006f3c00000, 0x00000006f4000000|  0%| F|  |TAMS 0x00000006f3c00000, 0x00000006f3c00000| Untracked 
| 976|0x00000006f4000000, 0x00000006f4000000, 0x00000006f4400000|  0%| F|  |TAMS 0x00000006f4000000, 0x00000006f4000000| Untracked 
| 977|0x00000006f4400000, 0x00000006f4400000, 0x00000006f4800000|  0%| F|  |TAMS 0x00000006f4400000, 0x00000006f4400000| Untracked 
| 978|0x00000006f4800000, 0x00000006f4800000, 0x00000006f4c00000|  0%| F|  |TAMS 0x00000006f4800000, 0x00000006f4800000| Untracked 
| 979|0x00000006f4c00000, 0x00000006f4c00000, 0x00000006f5000000|  0%| F|  |TAMS 0x00000006f4c00000, 0x00000006f4c00000| Untracked 
| 980|0x00000006f5000000, 0x00000006f5000000, 0x00000006f5400000|  0%| F|  |TAMS 0x00000006f5000000, 0x00000006f5000000| Untracked 
| 981|0x00000006f5400000, 0x00000006f5400000, 0x00000006f5800000|  0%| F|  |TAMS 0x00000006f5400000, 0x00000006f5400000| Untracked 
| 982|0x00000006f5800000, 0x00000006f5800000, 0x00000006f5c00000|  0%| F|  |TAMS 0x00000006f5800000, 0x00000006f5800000| Untracked 
| 983|0x00000006f5c00000, 0x00000006f5c00000, 0x00000006f6000000|  0%| F|  |TAMS 0x00000006f5c00000, 0x00000006f5c00000| Untracked 
| 984|0x00000006f6000000, 0x00000006f6000000, 0x00000006f6400000|  0%| F|  |TAMS 0x00000006f6000000, 0x00000006f6000000| Untracked 
| 985|0x00000006f6400000, 0x00000006f6400000, 0x00000006f6800000|  0%| F|  |TAMS 0x00000006f6400000, 0x00000006f6400000| Untracked 
| 986|0x00000006f6800000, 0x00000006f6800000, 0x00000006f6c00000|  0%| F|  |TAMS 0x00000006f6800000, 0x00000006f6800000| Untracked 
| 987|0x00000006f6c00000, 0x00000006f6c00000, 0x00000006f7000000|  0%| F|  |TAMS 0x00000006f6c00000, 0x00000006f6c00000| Untracked 
| 988|0x00000006f7000000, 0x00000006f7000000, 0x00000006f7400000|  0%| F|  |TAMS 0x00000006f7000000, 0x00000006f7000000| Untracked 
| 989|0x00000006f7400000, 0x00000006f7400000, 0x00000006f7800000|  0%| F|  |TAMS 0x00000006f7400000, 0x00000006f7400000| Untracked 
| 990|0x00000006f7800000, 0x00000006f7800000, 0x00000006f7c00000|  0%| F|  |TAMS 0x00000006f7800000, 0x00000006f7800000| Untracked 
| 991|0x00000006f7c00000, 0x00000006f7c00000, 0x00000006f8000000|  0%| F|  |TAMS 0x00000006f7c00000, 0x00000006f7c00000| Untracked 
| 992|0x00000006f8000000, 0x00000006f8000000, 0x00000006f8400000|  0%| F|  |TAMS 0x00000006f8000000, 0x00000006f8000000| Untracked 
| 993|0x00000006f8400000, 0x00000006f8400000, 0x00000006f8800000|  0%| F|  |TAMS 0x00000006f8400000, 0x00000006f8400000| Untracked 
| 994|0x00000006f8800000, 0x00000006f8800000, 0x00000006f8c00000|  0%| F|  |TAMS 0x00000006f8800000, 0x00000006f8800000| Untracked 
| 995|0x00000006f8c00000, 0x00000006f8c00000, 0x00000006f9000000|  0%| F|  |TAMS 0x00000006f8c00000, 0x00000006f8c00000| Untracked 
| 996|0x00000006f9000000, 0x00000006f9000000, 0x00000006f9400000|  0%| F|  |TAMS 0x00000006f9000000, 0x00000006f9000000| Untracked 
| 997|0x00000006f9400000, 0x00000006f9400000, 0x00000006f9800000|  0%| F|  |TAMS 0x00000006f9400000, 0x00000006f9400000| Untracked 
| 998|0x00000006f9800000, 0x00000006f9800000, 0x00000006f9c00000|  0%| F|  |TAMS 0x00000006f9800000, 0x00000006f9800000| Untracked 
| 999|0x00000006f9c00000, 0x00000006f9c00000, 0x00000006fa000000|  0%| F|  |TAMS 0x00000006f9c00000, 0x00000006f9c00000| Untracked 
|1000|0x00000006fa000000, 0x00000006fa000000, 0x00000006fa400000|  0%| F|  |TAMS 0x00000006fa000000, 0x00000006fa000000| Untracked 
|1001|0x00000006fa400000, 0x00000006fa400000, 0x00000006fa800000|  0%| F|  |TAMS 0x00000006fa400000, 0x00000006fa400000| Untracked 
|1002|0x00000006fa800000, 0x00000006fa800000, 0x00000006fac00000|  0%| F|  |TAMS 0x00000006fa800000, 0x00000006fa800000| Untracked 
|1003|0x00000006fac00000, 0x00000006fac00000, 0x00000006fb000000|  0%| F|  |TAMS 0x00000006fac00000, 0x00000006fac00000| Untracked 
|1004|0x00000006fb000000, 0x00000006fb000000, 0x00000006fb400000|  0%| F|  |TAMS 0x00000006fb000000, 0x00000006fb000000| Untracked 
|1005|0x00000006fb400000, 0x00000006fb400000, 0x00000006fb800000|  0%| F|  |TAMS 0x00000006fb400000, 0x00000006fb400000| Untracked 
|1006|0x00000006fb800000, 0x00000006fb800000, 0x00000006fbc00000|  0%| F|  |TAMS 0x00000006fb800000, 0x00000006fb800000| Untracked 
|1007|0x00000006fbc00000, 0x00000006fbc00000, 0x00000006fc000000|  0%| F|  |TAMS 0x00000006fbc00000, 0x00000006fbc00000| Untracked 
|1008|0x00000006fc000000, 0x00000006fc000000, 0x00000006fc400000|  0%| F|  |TAMS 0x00000006fc000000, 0x00000006fc000000| Untracked 
|1009|0x00000006fc400000, 0x00000006fc400000, 0x00000006fc800000|  0%| F|  |TAMS 0x00000006fc400000, 0x00000006fc400000| Untracked 
|1010|0x00000006fc800000, 0x00000006fc800000, 0x00000006fcc00000|  0%| F|  |TAMS 0x00000006fc800000, 0x00000006fc800000| Untracked 
|1011|0x00000006fcc00000, 0x00000006fcc00000, 0x00000006fd000000|  0%| F|  |TAMS 0x00000006fcc00000, 0x00000006fcc00000| Untracked 
|1012|0x00000006fd000000, 0x00000006fd000000, 0x00000006fd400000|  0%| F|  |TAMS 0x00000006fd000000, 0x00000006fd000000| Untracked 
|1013|0x00000006fd400000, 0x00000006fd400000, 0x00000006fd800000|  0%| F|  |TAMS 0x00000006fd400000, 0x00000006fd400000| Untracked 
|1014|0x00000006fd800000, 0x00000006fd800000, 0x00000006fdc00000|  0%| F|  |TAMS 0x00000006fd800000, 0x00000006fd800000| Untracked 
|1015|0x00000006fdc00000, 0x00000006fdc00000, 0x00000006fe000000|  0%| F|  |TAMS 0x00000006fdc00000, 0x00000006fdc00000| Untracked 
|1016|0x00000006fe000000, 0x00000006fe000000, 0x00000006fe400000|  0%| F|  |TAMS 0x00000006fe000000, 0x00000006fe000000| Untracked 
|1017|0x00000006fe400000, 0x00000006fe400000, 0x00000006fe800000|  0%| F|  |TAMS 0x00000006fe400000, 0x00000006fe400000| Untracked 
|1018|0x00000006fe800000, 0x00000006fe800000, 0x00000006fec00000|  0%| F|  |TAMS 0x00000006fe800000, 0x00000006fe800000| Untracked 
|1019|0x00000006fec00000, 0x00000006fec00000, 0x00000006ff000000|  0%| F|  |TAMS 0x00000006fec00000, 0x00000006fec00000| Untracked 
|1020|0x00000006ff000000, 0x00000006ff000000, 0x00000006ff400000|  0%| F|  |TAMS 0x00000006ff000000, 0x00000006ff000000| Untracked 
|1021|0x00000006ff400000, 0x00000006ff400000, 0x00000006ff800000|  0%| F|  |TAMS 0x00000006ff400000, 0x00000006ff400000| Untracked 
|1022|0x00000006ff800000, 0x00000006ff800000, 0x00000006ffc00000|  0%| F|  |TAMS 0x00000006ff800000, 0x00000006ff800000| Untracked 
|1023|0x00000006ffc00000, 0x00000006ffc00000, 0x0000000700000000|  0%| F|  |TAMS 0x00000006ffc00000, 0x00000006ffc00000| Untracked 
|1024|0x0000000700000000, 0x0000000700000000, 0x0000000700400000|  0%| F|  |TAMS 0x0000000700000000, 0x0000000700000000| Untracked 
|1025|0x0000000700400000, 0x0000000700400000, 0x0000000700800000|  0%| F|  |TAMS 0x0000000700400000, 0x0000000700400000| Untracked 
|1026|0x0000000700800000, 0x0000000700800000, 0x0000000700c00000|  0%| F|  |TAMS 0x0000000700800000, 0x0000000700800000| Untracked 
|1027|0x0000000700c00000, 0x0000000700c00000, 0x0000000701000000|  0%| F|  |TAMS 0x0000000700c00000, 0x0000000700c00000| Untracked 
|1028|0x0000000701000000, 0x0000000701000000, 0x0000000701400000|  0%| F|  |TAMS 0x0000000701000000, 0x0000000701000000| Untracked 
|1029|0x0000000701400000, 0x0000000701400000, 0x0000000701800000|  0%| F|  |TAMS 0x0000000701400000, 0x0000000701400000| Untracked 
|1030|0x0000000701800000, 0x0000000701800000, 0x0000000701c00000|  0%| F|  |TAMS 0x0000000701800000, 0x0000000701800000| Untracked 
|1031|0x0000000701c00000, 0x0000000701c00000, 0x0000000702000000|  0%| F|  |TAMS 0x0000000701c00000, 0x0000000701c00000| Untracked 
|1032|0x0000000702000000, 0x0000000702000000, 0x0000000702400000|  0%| F|  |TAMS 0x0000000702000000, 0x0000000702000000| Untracked 
|1033|0x0000000702400000, 0x0000000702400000, 0x0000000702800000|  0%| F|  |TAMS 0x0000000702400000, 0x0000000702400000| Untracked 
|1034|0x0000000702800000, 0x0000000702800000, 0x0000000702c00000|  0%| F|  |TAMS 0x0000000702800000, 0x0000000702800000| Untracked 
|1035|0x0000000702c00000, 0x0000000702c00000, 0x0000000703000000|  0%| F|  |TAMS 0x0000000702c00000, 0x0000000702c00000| Untracked 
|1036|0x0000000703000000, 0x0000000703000000, 0x0000000703400000|  0%| F|  |TAMS 0x0000000703000000, 0x0000000703000000| Untracked 
|1037|0x0000000703400000, 0x0000000703400000, 0x0000000703800000|  0%| F|  |TAMS 0x0000000703400000, 0x0000000703400000| Untracked 
|1038|0x0000000703800000, 0x0000000703800000, 0x0000000703c00000|  0%| F|  |TAMS 0x0000000703800000, 0x0000000703800000| Untracked 
|1039|0x0000000703c00000, 0x0000000703c00000, 0x0000000704000000|  0%| F|  |TAMS 0x0000000703c00000, 0x0000000703c00000| Untracked 
|1040|0x0000000704000000, 0x0000000704000000, 0x0000000704400000|  0%| F|  |TAMS 0x0000000704000000, 0x0000000704000000| Untracked 
|1041|0x0000000704400000, 0x0000000704400000, 0x0000000704800000|  0%| F|  |TAMS 0x0000000704400000, 0x0000000704400000| Untracked 
|1042|0x0000000704800000, 0x0000000704800000, 0x0000000704c00000|  0%| F|  |TAMS 0x0000000704800000, 0x0000000704800000| Untracked 
|1043|0x0000000704c00000, 0x0000000704c00000, 0x0000000705000000|  0%| F|  |TAMS 0x0000000704c00000, 0x0000000704c00000| Untracked 
|1044|0x0000000705000000, 0x0000000705197a40, 0x0000000705400000| 39%| S|CS|TAMS 0x0000000705000000, 0x0000000705000000| Complete 
|1045|0x0000000705400000, 0x0000000705800000, 0x0000000705800000|100%| S|CS|TAMS 0x0000000705400000, 0x0000000705400000| Complete 
|1046|0x0000000705800000, 0x0000000705c00000, 0x0000000705c00000|100%| S|CS|TAMS 0x0000000705800000, 0x0000000705800000| Complete 
|1047|0x0000000705c00000, 0x0000000706000000, 0x0000000706000000|100%| S|CS|TAMS 0x0000000705c00000, 0x0000000705c00000| Complete 
|1048|0x0000000706000000, 0x0000000706400000, 0x0000000706400000|100%| S|CS|TAMS 0x0000000706000000, 0x0000000706000000| Complete 
|1049|0x0000000706400000, 0x0000000706800000, 0x0000000706800000|100%| S|CS|TAMS 0x0000000706400000, 0x0000000706400000| Complete 
|1050|0x0000000706800000, 0x0000000706c00000, 0x0000000706c00000|100%| S|CS|TAMS 0x0000000706800000, 0x0000000706800000| Complete 
|1051|0x0000000706c00000, 0x0000000707000000, 0x0000000707000000|100%| S|CS|TAMS 0x0000000706c00000, 0x0000000706c00000| Complete 
|1052|0x0000000707000000, 0x0000000707400000, 0x0000000707400000|100%| S|CS|TAMS 0x0000000707000000, 0x0000000707000000| Complete 
|1053|0x0000000707400000, 0x0000000707800000, 0x0000000707800000|100%| S|CS|TAMS 0x0000000707400000, 0x0000000707400000| Complete 
|1054|0x0000000707800000, 0x0000000707c00000, 0x0000000707c00000|100%| S|CS|TAMS 0x0000000707800000, 0x0000000707800000| Complete 
|1055|0x0000000707c00000, 0x0000000707c00000, 0x0000000708000000|  0%| F|  |TAMS 0x0000000707c00000, 0x0000000707c00000| Untracked 
|1056|0x0000000708000000, 0x0000000708000000, 0x0000000708400000|  0%| F|  |TAMS 0x0000000708000000, 0x0000000708000000| Untracked 
|1057|0x0000000708400000, 0x0000000708400000, 0x0000000708800000|  0%| F|  |TAMS 0x0000000708400000, 0x0000000708400000| Untracked 
|1058|0x0000000708800000, 0x0000000708800000, 0x0000000708c00000|  0%| F|  |TAMS 0x0000000708800000, 0x0000000708800000| Untracked 
|1059|0x0000000708c00000, 0x0000000708c00000, 0x0000000709000000|  0%| F|  |TAMS 0x0000000708c00000, 0x0000000708c00000| Untracked 
|1060|0x0000000709000000, 0x0000000709000000, 0x0000000709400000|  0%| F|  |TAMS 0x0000000709000000, 0x0000000709000000| Untracked 
|1061|0x0000000709400000, 0x0000000709400000, 0x0000000709800000|  0%| F|  |TAMS 0x0000000709400000, 0x0000000709400000| Untracked 
|1062|0x0000000709800000, 0x0000000709800000, 0x0000000709c00000|  0%| F|  |TAMS 0x0000000709800000, 0x0000000709800000| Untracked 
|1063|0x0000000709c00000, 0x0000000709c00000, 0x000000070a000000|  0%| F|  |TAMS 0x0000000709c00000, 0x0000000709c00000| Untracked 
|1064|0x000000070a000000, 0x000000070a000000, 0x000000070a400000|  0%| F|  |TAMS 0x000000070a000000, 0x000000070a000000| Untracked 
|1065|0x000000070a400000, 0x000000070a400000, 0x000000070a800000|  0%| F|  |TAMS 0x000000070a400000, 0x000000070a400000| Untracked 
|1066|0x000000070a800000, 0x000000070a800000, 0x000000070ac00000|  0%| F|  |TAMS 0x000000070a800000, 0x000000070a800000| Untracked 
|1067|0x000000070ac00000, 0x000000070ac00000, 0x000000070b000000|  0%| F|  |TAMS 0x000000070ac00000, 0x000000070ac00000| Untracked 
|1068|0x000000070b000000, 0x000000070b000000, 0x000000070b400000|  0%| F|  |TAMS 0x000000070b000000, 0x000000070b000000| Untracked 
|1069|0x000000070b400000, 0x000000070b400000, 0x000000070b800000|  0%| F|  |TAMS 0x000000070b400000, 0x000000070b400000| Untracked 
|1070|0x000000070b800000, 0x000000070b800000, 0x000000070bc00000|  0%| F|  |TAMS 0x000000070b800000, 0x000000070b800000| Untracked 
|1071|0x000000070bc00000, 0x000000070bc00000, 0x000000070c000000|  0%| F|  |TAMS 0x000000070bc00000, 0x000000070bc00000| Untracked 
|1072|0x000000070c000000, 0x000000070c000000, 0x000000070c400000|  0%| F|  |TAMS 0x000000070c000000, 0x000000070c000000| Untracked 
|1073|0x000000070c400000, 0x000000070c400000, 0x000000070c800000|  0%| F|  |TAMS 0x000000070c400000, 0x000000070c400000| Untracked 
|1074|0x000000070c800000, 0x000000070c800000, 0x000000070cc00000|  0%| F|  |TAMS 0x000000070c800000, 0x000000070c800000| Untracked 
|1075|0x000000070cc00000, 0x000000070cc00000, 0x000000070d000000|  0%| F|  |TAMS 0x000000070cc00000, 0x000000070cc00000| Untracked 
|1076|0x000000070d000000, 0x000000070d000000, 0x000000070d400000|  0%| F|  |TAMS 0x000000070d000000, 0x000000070d000000| Untracked 
|1077|0x000000070d400000, 0x000000070d400000, 0x000000070d800000|  0%| F|  |TAMS 0x000000070d400000, 0x000000070d400000| Untracked 
|1078|0x000000070d800000, 0x000000070d800000, 0x000000070dc00000|  0%| F|  |TAMS 0x000000070d800000, 0x000000070d800000| Untracked 
|1079|0x000000070dc00000, 0x000000070dc00000, 0x000000070e000000|  0%| F|  |TAMS 0x000000070dc00000, 0x000000070dc00000| Untracked 
|1080|0x000000070e000000, 0x000000070e000000, 0x000000070e400000|  0%| F|  |TAMS 0x000000070e000000, 0x000000070e000000| Untracked 
|1081|0x000000070e400000, 0x000000070e400000, 0x000000070e800000|  0%| F|  |TAMS 0x000000070e400000, 0x000000070e400000| Untracked 
|1082|0x000000070e800000, 0x000000070e800000, 0x000000070ec00000|  0%| F|  |TAMS 0x000000070e800000, 0x000000070e800000| Untracked 
|1083|0x000000070ec00000, 0x000000070ec00000, 0x000000070f000000|  0%| F|  |TAMS 0x000000070ec00000, 0x000000070ec00000| Untracked 
|1084|0x000000070f000000, 0x000000070f000000, 0x000000070f400000|  0%| F|  |TAMS 0x000000070f000000, 0x000000070f000000| Untracked 
|1085|0x000000070f400000, 0x000000070f400000, 0x000000070f800000|  0%| F|  |TAMS 0x000000070f400000, 0x000000070f400000| Untracked 
|1086|0x000000070f800000, 0x000000070f800000, 0x000000070fc00000|  0%| F|  |TAMS 0x000000070f800000, 0x000000070f800000| Untracked 
|1087|0x000000070fc00000, 0x000000070fc00000, 0x0000000710000000|  0%| F|  |TAMS 0x000000070fc00000, 0x000000070fc00000| Untracked 
|1088|0x0000000710000000, 0x0000000710000000, 0x0000000710400000|  0%| F|  |TAMS 0x0000000710000000, 0x0000000710000000| Untracked 
|1089|0x0000000710400000, 0x0000000710400000, 0x0000000710800000|  0%| F|  |TAMS 0x0000000710400000, 0x0000000710400000| Untracked 
|1090|0x0000000710800000, 0x0000000710800000, 0x0000000710c00000|  0%| F|  |TAMS 0x0000000710800000, 0x0000000710800000| Untracked 
|1091|0x0000000710c00000, 0x0000000710c00000, 0x0000000711000000|  0%| F|  |TAMS 0x0000000710c00000, 0x0000000710c00000| Untracked 
|1092|0x0000000711000000, 0x0000000711000000, 0x0000000711400000|  0%| F|  |TAMS 0x0000000711000000, 0x0000000711000000| Untracked 
|1093|0x0000000711400000, 0x0000000711400000, 0x0000000711800000|  0%| F|  |TAMS 0x0000000711400000, 0x0000000711400000| Untracked 
|1094|0x0000000711800000, 0x0000000711800000, 0x0000000711c00000|  0%| F|  |TAMS 0x0000000711800000, 0x0000000711800000| Untracked 
|1095|0x0000000711c00000, 0x0000000711c00000, 0x0000000712000000|  0%| F|  |TAMS 0x0000000711c00000, 0x0000000711c00000| Untracked 
|1096|0x0000000712000000, 0x0000000712000000, 0x0000000712400000|  0%| F|  |TAMS 0x0000000712000000, 0x0000000712000000| Untracked 
|1097|0x0000000712400000, 0x0000000712400000, 0x0000000712800000|  0%| F|  |TAMS 0x0000000712400000, 0x0000000712400000| Untracked 
|1098|0x0000000712800000, 0x0000000712800000, 0x0000000712c00000|  0%| F|  |TAMS 0x0000000712800000, 0x0000000712800000| Untracked 
|1099|0x0000000712c00000, 0x0000000712c00000, 0x0000000713000000|  0%| F|  |TAMS 0x0000000712c00000, 0x0000000712c00000| Untracked 
|1100|0x0000000713000000, 0x0000000713000000, 0x0000000713400000|  0%| F|  |TAMS 0x0000000713000000, 0x0000000713000000| Untracked 
|1101|0x0000000713400000, 0x0000000713400000, 0x0000000713800000|  0%| F|  |TAMS 0x0000000713400000, 0x0000000713400000| Untracked 
|1102|0x0000000713800000, 0x0000000713800000, 0x0000000713c00000|  0%| F|  |TAMS 0x0000000713800000, 0x0000000713800000| Untracked 
|1103|0x0000000713c00000, 0x0000000713c00000, 0x0000000714000000|  0%| F|  |TAMS 0x0000000713c00000, 0x0000000713c00000| Untracked 
|1104|0x0000000714000000, 0x0000000714000000, 0x0000000714400000|  0%| F|  |TAMS 0x0000000714000000, 0x0000000714000000| Untracked 
|1105|0x0000000714400000, 0x0000000714400000, 0x0000000714800000|  0%| F|  |TAMS 0x0000000714400000, 0x0000000714400000| Untracked 
|1106|0x0000000714800000, 0x0000000714800000, 0x0000000714c00000|  0%| F|  |TAMS 0x0000000714800000, 0x0000000714800000| Untracked 
|1107|0x0000000714c00000, 0x0000000714c00000, 0x0000000715000000|  0%| F|  |TAMS 0x0000000714c00000, 0x0000000714c00000| Untracked 
|1108|0x0000000715000000, 0x0000000715000000, 0x0000000715400000|  0%| F|  |TAMS 0x0000000715000000, 0x0000000715000000| Untracked 
|1109|0x0000000715400000, 0x0000000715400000, 0x0000000715800000|  0%| F|  |TAMS 0x0000000715400000, 0x0000000715400000| Untracked 
|1110|0x0000000715800000, 0x0000000715800000, 0x0000000715c00000|  0%| F|  |TAMS 0x0000000715800000, 0x0000000715800000| Untracked 
|1111|0x0000000715c00000, 0x0000000715c00000, 0x0000000716000000|  0%| F|  |TAMS 0x0000000715c00000, 0x0000000715c00000| Untracked 
|1112|0x0000000716000000, 0x0000000716000000, 0x0000000716400000|  0%| F|  |TAMS 0x0000000716000000, 0x0000000716000000| Untracked 
|1113|0x0000000716400000, 0x0000000716400000, 0x0000000716800000|  0%| F|  |TAMS 0x0000000716400000, 0x0000000716400000| Untracked 
|1114|0x0000000716800000, 0x0000000716800000, 0x0000000716c00000|  0%| F|  |TAMS 0x0000000716800000, 0x0000000716800000| Untracked 
|1115|0x0000000716c00000, 0x0000000716c00000, 0x0000000717000000|  0%| F|  |TAMS 0x0000000716c00000, 0x0000000716c00000| Untracked 
|1116|0x0000000717000000, 0x0000000717000000, 0x0000000717400000|  0%| F|  |TAMS 0x0000000717000000, 0x0000000717000000| Untracked 
|1117|0x0000000717400000, 0x0000000717400000, 0x0000000717800000|  0%| F|  |TAMS 0x0000000717400000, 0x0000000717400000| Untracked 
|1118|0x0000000717800000, 0x0000000717800000, 0x0000000717c00000|  0%| F|  |TAMS 0x0000000717800000, 0x0000000717800000| Untracked 
|1119|0x0000000717c00000, 0x0000000717c00000, 0x0000000718000000|  0%| F|  |TAMS 0x0000000717c00000, 0x0000000717c00000| Untracked 
|1120|0x0000000718000000, 0x0000000718000000, 0x0000000718400000|  0%| F|  |TAMS 0x0000000718000000, 0x0000000718000000| Untracked 
|1121|0x0000000718400000, 0x0000000718400000, 0x0000000718800000|  0%| F|  |TAMS 0x0000000718400000, 0x0000000718400000| Untracked 
|1122|0x0000000718800000, 0x0000000718800000, 0x0000000718c00000|  0%| F|  |TAMS 0x0000000718800000, 0x0000000718800000| Untracked 
|1123|0x0000000718c00000, 0x0000000718c00000, 0x0000000719000000|  0%| F|  |TAMS 0x0000000718c00000, 0x0000000718c00000| Untracked 
|1124|0x0000000719000000, 0x0000000719000000, 0x0000000719400000|  0%| F|  |TAMS 0x0000000719000000, 0x0000000719000000| Untracked 
|1125|0x0000000719400000, 0x0000000719400000, 0x0000000719800000|  0%| F|  |TAMS 0x0000000719400000, 0x0000000719400000| Untracked 
|1126|0x0000000719800000, 0x0000000719800000, 0x0000000719c00000|  0%| F|  |TAMS 0x0000000719800000, 0x0000000719800000| Untracked 
|1127|0x0000000719c00000, 0x0000000719c00000, 0x000000071a000000|  0%| F|  |TAMS 0x0000000719c00000, 0x0000000719c00000| Untracked 
|1128|0x000000071a000000, 0x000000071a000000, 0x000000071a400000|  0%| F|  |TAMS 0x000000071a000000, 0x000000071a000000| Untracked 
|1129|0x000000071a400000, 0x000000071a400000, 0x000000071a800000|  0%| F|  |TAMS 0x000000071a400000, 0x000000071a400000| Untracked 
|1130|0x000000071a800000, 0x000000071a800000, 0x000000071ac00000|  0%| F|  |TAMS 0x000000071a800000, 0x000000071a800000| Untracked 
|1131|0x000000071ac00000, 0x000000071ac00000, 0x000000071b000000|  0%| F|  |TAMS 0x000000071ac00000, 0x000000071ac00000| Untracked 
|1132|0x000000071b000000, 0x000000071b000000, 0x000000071b400000|  0%| F|  |TAMS 0x000000071b000000, 0x000000071b000000| Untracked 
|1133|0x000000071b400000, 0x000000071b400000, 0x000000071b800000|  0%| F|  |TAMS 0x000000071b400000, 0x000000071b400000| Untracked 
|1134|0x000000071b800000, 0x000000071b800000, 0x000000071bc00000|  0%| F|  |TAMS 0x000000071b800000, 0x000000071b800000| Untracked 
|1135|0x000000071bc00000, 0x000000071bc00000, 0x000000071c000000|  0%| F|  |TAMS 0x000000071bc00000, 0x000000071bc00000| Untracked 
|1136|0x000000071c000000, 0x000000071c000000, 0x000000071c400000|  0%| F|  |TAMS 0x000000071c000000, 0x000000071c000000| Untracked 
|1137|0x000000071c400000, 0x000000071c400000, 0x000000071c800000|  0%| F|  |TAMS 0x000000071c400000, 0x000000071c400000| Untracked 
|1138|0x000000071c800000, 0x000000071c800000, 0x000000071cc00000|  0%| F|  |TAMS 0x000000071c800000, 0x000000071c800000| Untracked 
|1139|0x000000071cc00000, 0x000000071cc00000, 0x000000071d000000|  0%| F|  |TAMS 0x000000071cc00000, 0x000000071cc00000| Untracked 
|1140|0x000000071d000000, 0x000000071d000000, 0x000000071d400000|  0%| F|  |TAMS 0x000000071d000000, 0x000000071d000000| Untracked 
|1141|0x000000071d400000, 0x000000071d400000, 0x000000071d800000|  0%| F|  |TAMS 0x000000071d400000, 0x000000071d400000| Untracked 
|1142|0x000000071d800000, 0x000000071d800000, 0x000000071dc00000|  0%| F|  |TAMS 0x000000071d800000, 0x000000071d800000| Untracked 
|1143|0x000000071dc00000, 0x000000071dc00000, 0x000000071e000000|  0%| F|  |TAMS 0x000000071dc00000, 0x000000071dc00000| Untracked 
|1144|0x000000071e000000, 0x000000071e000000, 0x000000071e400000|  0%| F|  |TAMS 0x000000071e000000, 0x000000071e000000| Untracked 
|1145|0x000000071e400000, 0x000000071e400000, 0x000000071e800000|  0%| F|  |TAMS 0x000000071e400000, 0x000000071e400000| Untracked 
|1146|0x000000071e800000, 0x000000071e800000, 0x000000071ec00000|  0%| F|  |TAMS 0x000000071e800000, 0x000000071e800000| Untracked 
|1147|0x000000071ec00000, 0x000000071ec00000, 0x000000071f000000|  0%| F|  |TAMS 0x000000071ec00000, 0x000000071ec00000| Untracked 
|1148|0x000000071f000000, 0x000000071f000000, 0x000000071f400000|  0%| F|  |TAMS 0x000000071f000000, 0x000000071f000000| Untracked 

Card table byte_map: [0x000001e67be80000,0x000001e67ce80000] _byte_map_base: 0x000001e678e80000

Marking Bits (Prev, Next): (CMBitMap*) 0x000001e67de81dd0, (CMBitMap*) 0x000001e67de81e10
 Prev Bits: [0x000001e60f000000, 0x000001e617000000)
 Next Bits: [0x000001e617000000, 0x000001e61f000000)

Polling page: 0x000001e670ee0000

Metaspace:

Usage:
  Non-class:    285.17 MB used.
      Class:     41.72 MB used.
       Both:    326.89 MB used.

Virtual space:
  Non-class space:      320.00 MB reserved,     287.12 MB ( 90%) committed,  5 nodes.
      Class space:      832.00 MB reserved,      43.50 MB (  5%) committed,  1 nodes.
             Both:        1.12 GB reserved,     330.62 MB ( 29%) committed. 

Chunk freelists:
   Non-Class:  576.00 KB
       Class:  4.48 MB
        Both:  5.05 MB

MaxMetaspaceSize: 1.00 GB
CompressedClassSpaceSize: 832.00 MB
Initial GC threshold: 21.00 MB
Current GC threshold: 527.94 MB
CDS: on
MetaspaceReclaimPolicy: balanced
 - commit_granule_bytes: 65536.
 - commit_granule_words: 8192.
 - virtual_space_node_default_size: 8388608.
 - enlarge_chunks_in_place: 1.
 - new_chunks_are_fully_committed: 0.
 - uncommit_free_chunks: 1.
 - use_allocation_guard: 0.
 - handle_deallocations: 1.


Internal statistics:

num_allocs_failed_limit: 236.
num_arena_births: 5722.
num_arena_deaths: 280.
num_vsnodes_births: 6.
num_vsnodes_deaths: 0.
num_space_committed: 5331.
num_space_uncommitted: 47.
num_chunks_returned_to_freelist: 867.
num_chunks_taken_from_freelist: 23772.
num_chunk_merges: 427.
num_chunk_splits: 14046.
num_chunks_enlarged: 6286.
num_inconsistent_stats: 0.

CodeHeap 'non-profiled nmethods': size=120000Kb used=36196Kb max_used=36196Kb free=83803Kb
 bounds [0x000001e607ad0000, 0x000001e609e30000, 0x000001e60f000000]
CodeHeap 'profiled nmethods': size=120000Kb used=86837Kb max_used=86837Kb free=33162Kb
 bounds [0x000001e600000000, 0x000001e6054e0000, 0x000001e607530000]
CodeHeap 'non-nmethods': size=5760Kb used=2814Kb max_used=2893Kb free=2945Kb
 bounds [0x000001e607530000, 0x000001e607820000, 0x000001e607ad0000]
 total_blobs=43614 nmethods=42202 adapters=1320
 compilation: enabled
              stopped_count=0, restarted_count=0
 full_count=0

Compilation events (20 events):
Event: 1146.676 Thread 0x000001e67e046e80 nmethod 57854 0x000001e6054c6190 code [0x000001e6054c6920, 0x000001e6054ca9a8]
Event: 1146.676 Thread 0x000001e67e046e80 57853       3       com.intellij.lang.java.parser.BasicReferenceParser::parseTypeInfo (606 bytes)
Event: 1146.677 Thread 0x000001e67e046e80 nmethod 57853 0x000001e6054cbf90 code [0x000001e6054cc820, 0x000001e6054d1768]
Event: 1146.678 Thread 0x000001e67e046e80 57852       3       org.jetbrains.uast.java.JavaUCallExpression::_get_valueArguments_$lambda$3$lambda$2 (12 bytes)
Event: 1146.678 Thread 0x000001e67e046e80 nmethod 57852 0x000001e6049e9010 code [0x000001e6049e91c0, 0x000001e6049e92e8]
Event: 1146.678 Thread 0x000001e67e046e80 57848       1       org.jetbrains.kotlin.cli.common.localfs.KotlinLocalVirtualFile::isInLocalFileSystem (2 bytes)
Event: 1146.678 Thread 0x000001e67e046e80 nmethod 57848 0x000001e609e25f90 code [0x000001e609e26120, 0x000001e609e261f8]
Event: 1146.679 Thread 0x000001e67e041810 nmethod 57835% 0x000001e609e26290 code [0x000001e609e26440, 0x000001e609e26a78]
Event: 1146.679 Thread 0x000001e67e041810 57836 %     4       org.jetbrains.kotlin.analysis.api.standalone.base.projectStructure.StandaloneProjectFactory::createSearchScopeByLibraryRoots @ 114 (199 bytes)
Event: 1146.695 Thread 0x000001e67e046e80 57855       3       org.jetbrains.kotlin.fir.symbols.impl.FirCallableSymbol::deprecationsAreDefinitelyEmpty (5 bytes)
Event: 1146.695 Thread 0x000001e67e046e80 nmethod 57855 0x000001e6049ec310 code [0x000001e6049ec4c0, 0x000001e6049ec608]
Event: 1146.696 Thread 0x000001e67e046e80 57856       3       org.jetbrains.kotlin.analysis.api.fir.symbols.KaFirBasePropertyAccessorSymbol::getAnalysisSession (10 bytes)
Event: 1146.696 Thread 0x000001e67e046e80 nmethod 57856 0x000001e6054d2f10 code [0x000001e6054d30c0, 0x000001e6054d32a8]
Event: 1146.696 Thread 0x000001e67e046e80 57857       3       org.jetbrains.kotlin.psi.KtProperty::isMember (44 bytes)
Event: 1146.696 Thread 0x000001e67e046e80 nmethod 57857 0x000001e6054d3390 code [0x000001e6054d3580, 0x000001e6054d3cf8]
Event: 1146.696 Thread 0x000001e67e046e80 57858       3       org.jetbrains.kotlin.fir.symbols.impl.FirPropertySymbol::getGetterSymbol (23 bytes)
Event: 1146.696 Thread 0x000001e67e041810 nmethod 57836% 0x000001e609e26f90 code [0x000001e609e27200, 0x000001e609e28620]
Event: 1146.699 Thread 0x000001e67e046e80 nmethod 57858 0x000001e6054d3e10 code [0x000001e6054d4000, 0x000001e6054d4448]
Event: 1146.699 Thread 0x000001e67e046e80 57859       3       com.intellij.psi.SmartPointerManager::getInstance (12 bytes)
Event: 1146.700 Thread 0x000001e67e046e80 nmethod 57859 0x000001e6054d4590 code [0x000001e6054d4760, 0x000001e6054d4b98]

GC Heap History (20 events):
Event: 1091.834 GC heap after
{Heap after GC invocations=74 (full 0):
 garbage-first heap   total 2449408K, used 594413K [0x0000000600000000, 0x0000000800000000)
  region size 4096K, 22 young (90112K), 22 survivors (90112K)
 Metaspace       used 281547K, committed 285376K, reserved 1114112K
  class space    used 36133K, committed 37952K, reserved 851968K
}
Event: 1097.360 GC heap before
{Heap before GC invocations=75 (full 0):
 garbage-first heap   total 2449408K, used 1520109K [0x0000000600000000, 0x0000000800000000)
  region size 4096K, 249 young (1019904K), 22 survivors (90112K)
 Metaspace       used 310707K, committed 314560K, reserved 1179648K
  class space    used 40132K, committed 41920K, reserved 851968K
}
Event: 1097.633 GC heap after
{Heap after GC invocations=76 (full 0):
 garbage-first heap   total 2449408K, used 633059K [0x0000000600000000, 0x0000000800000000)
  region size 4096K, 25 young (102400K), 25 survivors (102400K)
 Metaspace       used 310707K, committed 314560K, reserved 1179648K
  class space    used 40132K, committed 41920K, reserved 851968K
}
Event: 1097.710 GC heap before
{Heap before GC invocations=76 (full 0):
 garbage-first heap   total 2449408K, used 649443K [0x0000000600000000, 0x0000000800000000)
  region size 4096K, 29 young (118784K), 25 survivors (102400K)
 Metaspace       used 310837K, committed 314688K, reserved 1179648K
  class space    used 40144K, committed 41920K, reserved 851968K
}
Event: 1099.145 GC heap after
{Heap after GC invocations=77 (full 0):
 garbage-first heap   total 2449408K, used 634666K [0x0000000600000000, 0x0000000800000000)
  region size 4096K, 4 young (16384K), 4 survivors (16384K)
 Metaspace       used 310837K, committed 314688K, reserved 1179648K
  class space    used 40144K, committed 41920K, reserved 851968K
}
Event: 1100.356 GC heap before
{Heap before GC invocations=77 (full 0):
 garbage-first heap   total 2449408K, used 818986K [0x0000000600000000, 0x0000000800000000)
  region size 4096K, 50 young (204800K), 4 survivors (16384K)
 Metaspace       used 310996K, committed 314816K, reserved 1179648K
  class space    used 40159K, committed 41920K, reserved 851968K
}
Event: 1100.918 GC heap after
{Heap after GC invocations=78 (full 0):
 garbage-first heap   total 2449408K, used 626771K [0x0000000600000000, 0x0000000800000000)
  region size 4096K, 2 young (8192K), 2 survivors (8192K)
 Metaspace       used 310996K, committed 314816K, reserved 1179648K
  class space    used 40159K, committed 41920K, reserved 851968K
}
Event: 1131.087 GC heap before
{Heap before GC invocations=78 (full 0):
 garbage-first heap   total 2449408K, used 958547K [0x0000000600000000, 0x0000000800000000)
  region size 4096K, 84 young (344064K), 2 survivors (8192K)
 Metaspace       used 327092K, committed 330816K, reserved 1179648K
  class space    used 41910K, committed 43648K, reserved 851968K
}
Event: 1131.128 GC heap after
{Heap after GC invocations=79 (full 0):
 garbage-first heap   total 4706304K, used 652424K [0x0000000600000000, 0x0000000800000000)
  region size 4096K, 8 young (32768K), 8 survivors (32768K)
 Metaspace       used 327092K, committed 330816K, reserved 1179648K
  class space    used 41910K, committed 43648K, reserved 851968K
}
Event: 1136.082 GC heap before
{Heap before GC invocations=79 (full 0):
 garbage-first heap   total 4706304K, used 857224K [0x0000000600000000, 0x0000000800000000)
  region size 4096K, 57 young (233472K), 8 survivors (32768K)
 Metaspace       used 330848K, committed 334656K, reserved 1179648K
  class space    used 42340K, committed 44096K, reserved 851968K
}
Event: 1136.305 GC heap after
{Heap after GC invocations=80 (full 0):
 garbage-first heap   total 4706304K, used 710593K [0x0000000600000000, 0x0000000800000000)
  region size 4096K, 8 young (32768K), 8 survivors (32768K)
 Metaspace       used 330848K, committed 334656K, reserved 1179648K
  class space    used 42340K, committed 44096K, reserved 851968K
}
Event: 1142.271 GC heap before
{Heap before GC invocations=80 (full 0):
 garbage-first heap   total 4706304K, used 1923009K [0x0000000600000000, 0x0000000800000000)
  region size 4096K, 303 young (1241088K), 8 survivors (32768K)
 Metaspace       used 334361K, committed 338240K, reserved 1179648K
  class space    used 42682K, committed 44480K, reserved 851968K
}
Event: 1144.335 GC heap after
{Heap after GC invocations=81 (full 0):
 garbage-first heap   total 4706304K, used 748664K [0x0000000600000000, 0x0000000800000000)
  region size 4096K, 20 young (81920K), 20 survivors (81920K)
 Metaspace       used 334361K, committed 338240K, reserved 1179648K
  class space    used 42682K, committed 44480K, reserved 851968K
}
Event: 1144.999 GC heap before
{Heap before GC invocations=81 (full 0):
 garbage-first heap   total 4706304K, used 896120K [0x0000000600000000, 0x0000000800000000)
  region size 4096K, 57 young (233472K), 20 survivors (81920K)
 Metaspace       used 334450K, committed 338304K, reserved 1179648K
  class space    used 42691K, committed 44480K, reserved 851968K
}
Event: 1145.448 GC heap after
{Heap after GC invocations=82 (full 0):
 garbage-first heap   total 4706304K, used 759917K [0x0000000600000000, 0x0000000800000000)
  region size 4096K, 4 young (16384K), 4 survivors (16384K)
 Metaspace       used 334450K, committed 338304K, reserved 1179648K
  class space    used 42691K, committed 44480K, reserved 851968K
}
Event: 1145.925 GC heap before
{Heap before GC invocations=82 (full 0):
 garbage-first heap   total 4706304K, used 977005K [0x0000000600000000, 0x0000000800000000)
  region size 4096K, 57 young (233472K), 4 survivors (16384K)
 Metaspace       used 334494K, committed 338304K, reserved 1179648K
  class space    used 42695K, committed 44480K, reserved 851968K
}
Event: 1145.972 GC heap after
{Heap after GC invocations=83 (full 0):
 garbage-first heap   total 4706304K, used 768183K [0x0000000600000000, 0x0000000800000000)
  region size 4096K, 6 young (24576K), 6 survivors (24576K)
 Metaspace       used 334494K, committed 338304K, reserved 1179648K
  class space    used 42695K, committed 44480K, reserved 851968K
}
Event: 1146.265 GC heap before
{Heap before GC invocations=83 (full 0):
 garbage-first heap   total 4706304K, used 985271K [0x0000000600000000, 0x0000000800000000)
  region size 4096K, 59 young (241664K), 6 survivors (24576K)
 Metaspace       used 334545K, committed 338368K, reserved 1179648K
  class space    used 42700K, committed 44480K, reserved 851968K
}
Event: 1146.446 GC heap after
{Heap after GC invocations=84 (full 0):
 garbage-first heap   total 4706304K, used 779468K [0x0000000600000000, 0x0000000800000000)
  region size 4096K, 6 young (24576K), 6 survivors (24576K)
 Metaspace       used 334545K, committed 338368K, reserved 1179648K
  class space    used 42700K, committed 44480K, reserved 851968K
}
Event: 1146.991 GC heap before
{Heap before GC invocations=84 (full 0):
 garbage-first heap   total 4706304K, used 1139916K [0x0000000600000000, 0x0000000800000000)
  region size 4096K, 94 young (385024K), 6 survivors (24576K)
 Metaspace       used 334737K, committed 338560K, reserved 1179648K
  class space    used 42723K, committed 44544K, reserved 851968K
}

Dll operation events (17 events):
Event: 0.009 Loaded shared library C:\Program Files\Eclipse Adoptium\jdk-17.0.18.8-hotspot\bin\java.dll
Event: 0.022 Loaded shared library C:\Program Files\Eclipse Adoptium\jdk-17.0.18.8-hotspot\bin\jsvml.dll
Event: 0.049 Loaded shared library C:\Program Files\Eclipse Adoptium\jdk-17.0.18.8-hotspot\bin\zip.dll
Event: 0.051 Loaded shared library C:\Program Files\Eclipse Adoptium\jdk-17.0.18.8-hotspot\bin\instrument.dll
Event: 0.054 Loaded shared library C:\Program Files\Eclipse Adoptium\jdk-17.0.18.8-hotspot\bin\net.dll
Event: 0.055 Loaded shared library C:\Program Files\Eclipse Adoptium\jdk-17.0.18.8-hotspot\bin\nio.dll
Event: 0.056 Loaded shared library C:\Program Files\Eclipse Adoptium\jdk-17.0.18.8-hotspot\bin\zip.dll
Event: 0.195 Loaded shared library C:\Program Files\Eclipse Adoptium\jdk-17.0.18.8-hotspot\bin\jimage.dll
Event: 0.274 Loaded shared library C:\Program Files\Eclipse Adoptium\jdk-17.0.18.8-hotspot\bin\verify.dll
Event: 0.344 Loaded shared library C:\Users\fuadh\.gradle\native\1def1411415f61bf3af743bc5b6707747c0891f09f0c88961ee8f79bc544acac\windows-amd64\native-platform.dll
Event: 0.354 Loaded shared library C:\Users\fuadh\.gradle\native\0.2.7\x86_64-windows-gnu\gradle-fileevents.dll
Event: 1.088 Loaded shared library C:\Program Files\Eclipse Adoptium\jdk-17.0.18.8-hotspot\bin\management.dll
Event: 1.089 Loaded shared library C:\Program Files\Eclipse Adoptium\jdk-17.0.18.8-hotspot\bin\management_ext.dll
Event: 1.183 Loaded shared library C:\Program Files\Eclipse Adoptium\jdk-17.0.18.8-hotspot\bin\extnet.dll
Event: 1.314 Loaded shared library C:\Program Files\Eclipse Adoptium\jdk-17.0.18.8-hotspot\bin\sunmscapi.dll
Event: 877.737 Loaded shared library C:\Program Files\Eclipse Adoptium\jdk-17.0.18.8-hotspot\bin\rmi.dll
Event: 1082.023 Loaded shared library C:\Program Files\Eclipse Adoptium\jdk-17.0.18.8-hotspot\bin\awt.dll

Deoptimization events (20 events):
Event: 1146.559 Thread 0x000001e65debf6d0 DEOPT PACKING pc=0x000001e60546f748 sp=0x000000cf28afbd70
Event: 1146.559 Thread 0x000001e65debf6d0 DEOPT UNPACKING pc=0x000001e607587143 sp=0x000000cf28afb1a0 mode 0
Event: 1146.559 Thread 0x000001e65debf6d0 DEOPT PACKING pc=0x000001e60546f77b sp=0x000000cf28afbd70
Event: 1146.559 Thread 0x000001e65debf6d0 DEOPT UNPACKING pc=0x000001e607587143 sp=0x000000cf28afb1a0 mode 0
Event: 1146.559 Thread 0x000001e65debf6d0 DEOPT PACKING pc=0x000001e60546f748 sp=0x000000cf28afbd70
Event: 1146.559 Thread 0x000001e65debf6d0 DEOPT UNPACKING pc=0x000001e607587143 sp=0x000000cf28afb1a0 mode 0
Event: 1146.560 Thread 0x000001e65debf6d0 DEOPT PACKING pc=0x000001e60546f77b sp=0x000000cf28afbd70
Event: 1146.560 Thread 0x000001e65debf6d0 DEOPT UNPACKING pc=0x000001e607587143 sp=0x000000cf28afb1a0 mode 0
Event: 1146.560 Thread 0x000001e65debf6d0 DEOPT PACKING pc=0x000001e60546f748 sp=0x000000cf28afbd70
Event: 1146.560 Thread 0x000001e65debf6d0 DEOPT UNPACKING pc=0x000001e607587143 sp=0x000000cf28afb1a0 mode 0
Event: 1146.560 Thread 0x000001e65debf6d0 DEOPT PACKING pc=0x000001e60546f77b sp=0x000000cf28afbd70
Event: 1146.560 Thread 0x000001e65debf6d0 DEOPT UNPACKING pc=0x000001e607587143 sp=0x000000cf28afb1a0 mode 0
Event: 1146.560 Thread 0x000001e65debf6d0 DEOPT PACKING pc=0x000001e60546f748 sp=0x000000cf28afbd70
Event: 1146.560 Thread 0x000001e65debf6d0 DEOPT UNPACKING pc=0x000001e607587143 sp=0x000000cf28afb1a0 mode 0
Event: 1146.560 Thread 0x000001e65debf6d0 DEOPT PACKING pc=0x000001e60546f77b sp=0x000000cf28afbd70
Event: 1146.560 Thread 0x000001e65debf6d0 DEOPT UNPACKING pc=0x000001e607587143 sp=0x000000cf28afb1a0 mode 0
Event: 1146.560 Thread 0x000001e65debf6d0 DEOPT PACKING pc=0x000001e60546f748 sp=0x000000cf28afbd70
Event: 1146.560 Thread 0x000001e65debf6d0 DEOPT UNPACKING pc=0x000001e607587143 sp=0x000000cf28afb1a0 mode 0
Event: 1146.560 Thread 0x000001e65debf6d0 DEOPT PACKING pc=0x000001e60546f77b sp=0x000000cf28afbd70
Event: 1146.560 Thread 0x000001e65debf6d0 DEOPT UNPACKING pc=0x000001e607587143 sp=0x000000cf28afb1a0 mode 0

Classes loaded (20 events):
Event: 1140.875 Loading class sun/security/ssl/NewSessionTicket$NewSessionTicketMessage done
Event: 1140.875 Loading class sun/security/ssl/NewSessionTicket$T13NewSessionTicketMessage done
Event: 1140.876 Loading class sun/net/www/http/KeepAliveStream
Event: 1140.894 Loading class sun/net/www/http/Hurryable
Event: 1140.909 Loading class sun/net/www/http/Hurryable done
Event: 1140.909 Loading class sun/net/www/MeteredStream
Event: 1140.972 Loading class sun/net/www/MeteredStream done
Event: 1145.481 Loading class sun/net/www/http/KeepAliveStream done
Event: 1145.483 Loading class sun/net/www/http/KeepAliveStreamCleaner
Event: 1145.542 Loading class sun/net/www/http/KeepAliveStreamCleaner done
Event: 1146.006 Loading class sun/net/www/http/KeepAliveStreamCleaner$1
Event: 1146.036 Loading class sun/net/www/http/KeepAliveStreamCleaner$1 done
Event: 1146.060 Loading class sun/net/www/http/KeepAliveStreamCleaner$2
Event: 1146.060 Loading class sun/net/www/http/KeepAliveStreamCleaner$2 done
Event: 1146.088 Loading class sun/net/www/protocol/http/HttpURLConnection$HttpInputStream
Event: 1146.239 Loading class sun/net/www/protocol/http/HttpURLConnection$HttpInputStream done
Event: 1146.560 Loading class sun/net/www/http/KeepAliveCache$1
Event: 1146.656 Loading class sun/net/www/http/KeepAliveCache$1 done
Event: 1146.672 Loading class sun/net/www/http/ClientVector
Event: 1146.721 Loading class sun/net/www/http/ClientVector done

Classes unloaded (20 events):
Event: 1107.464 Thread 0x000001e67e018470 Unloading class 0x000001e623d2b800 'java/lang/invoke/LambdaForm$MH+0x000001e623d2b800'
Event: 1107.464 Thread 0x000001e67e018470 Unloading class 0x000001e623d2b000 'java/lang/invoke/LambdaForm$MH+0x000001e623d2b000'
Event: 1107.464 Thread 0x000001e67e018470 Unloading class 0x000001e623d2a800 'java/lang/invoke/LambdaForm$MH+0x000001e623d2a800'
Event: 1107.464 Thread 0x000001e67e018470 Unloading class 0x000001e623d2ac00 'java/lang/invoke/LambdaForm$MH+0x000001e623d2ac00'
Event: 1107.464 Thread 0x000001e67e018470 Unloading class 0x000001e623d2a400 'java/lang/invoke/LambdaForm$MH+0x000001e623d2a400'
Event: 1107.464 Thread 0x000001e67e018470 Unloading class 0x000001e623d2a000 'java/lang/invoke/LambdaForm$MH+0x000001e623d2a000'
Event: 1107.464 Thread 0x000001e67e018470 Unloading class 0x000001e623d29c00 'java/lang/invoke/LambdaForm$MH+0x000001e623d29c00'
Event: 1107.464 Thread 0x000001e67e018470 Unloading class 0x000001e623d29800 'java/lang/invoke/LambdaForm$MH+0x000001e623d29800'
Event: 1107.464 Thread 0x000001e67e018470 Unloading class 0x000001e623d29400 'java/lang/invoke/LambdaForm$MH+0x000001e623d29400'
Event: 1107.464 Thread 0x000001e67e018470 Unloading class 0x000001e623d28c00 'java/lang/invoke/LambdaForm$MH+0x000001e623d28c00'
Event: 1107.464 Thread 0x000001e67e018470 Unloading class 0x000001e623d28800 'java/lang/invoke/LambdaForm$MH+0x000001e623d28800'
Event: 1107.464 Thread 0x000001e67e018470 Unloading class 0x000001e623d28400 'java/lang/invoke/LambdaForm$MH+0x000001e623d28400'
Event: 1107.464 Thread 0x000001e67e018470 Unloading class 0x000001e623d28000 'java/lang/invoke/LambdaForm$MH+0x000001e623d28000'
Event: 1107.464 Thread 0x000001e67e018470 Unloading class 0x000001e623d27800 'java/lang/invoke/LambdaForm$MH+0x000001e623d27800'
Event: 1107.464 Thread 0x000001e67e018470 Unloading class 0x000001e623d26c00 'java/lang/invoke/LambdaForm$MH+0x000001e623d26c00'
Event: 1107.464 Thread 0x000001e67e018470 Unloading class 0x000001e623d26400 'java/lang/invoke/LambdaForm$MH+0x000001e623d26400'
Event: 1107.464 Thread 0x000001e67e018470 Unloading class 0x000001e623d27c00 'java/lang/invoke/LambdaForm$MH+0x000001e623d27c00'
Event: 1107.464 Thread 0x000001e67e018470 Unloading class 0x000001e623d27000 'java/lang/invoke/LambdaForm$MH+0x000001e623d27000'
Event: 1107.464 Thread 0x000001e67e018470 Unloading class 0x000001e623d27400 'java/lang/invoke/LambdaForm$MH+0x000001e623d27400'
Event: 1107.464 Thread 0x000001e67e018470 Unloading class 0x000001e623d26000 'java/lang/invoke/LambdaForm$DMH+0x000001e623d26000'

Classes redefined (0 events):
No events

Internal exceptions (20 events):
Event: 1140.139 Thread 0x000001e65dec1020 Exception <a 'sun/nio/fs/WindowsException'{0x000000071eacccd0}> (0x000000071eacccd0) 
thrown [s\src\hotspot\share\prims\jni.cpp, line 516]
Event: 1140.308 Thread 0x000001e65dec1020 Exception <a 'sun/nio/fs/WindowsException'{0x000000071eacdcb0}> (0x000000071eacdcb0) 
thrown [s\src\hotspot\share\prims\jni.cpp, line 516]
Event: 1140.720 Thread 0x000001e65dec1020 Exception <a 'sun/nio/fs/WindowsException'{0x000000071eacf8e8}> (0x000000071eacf8e8) 
thrown [s\src\hotspot\share\prims\jni.cpp, line 516]
Event: 1140.769 Thread 0x000001e65dec1020 Exception <a 'sun/nio/fs/WindowsException'{0x000000071ead0890}> (0x000000071ead0890) 
thrown [s\src\hotspot\share\prims\jni.cpp, line 516]
Event: 1140.997 Thread 0x000001e65dec1020 Exception <a 'sun/nio/fs/WindowsException'{0x000000071ead4458}> (0x000000071ead4458) 
thrown [s\src\hotspot\share\prims\jni.cpp, line 516]
Event: 1141.021 Thread 0x000001e65dec1020 Exception <a 'sun/nio/fs/WindowsException'{0x000000071ead4c80}> (0x000000071ead4c80) 
thrown [s\src\hotspot\share\prims\jni.cpp, line 516]
Event: 1141.025 Thread 0x000001e65dec1020 Exception <a 'sun/nio/fs/WindowsException'{0x000000071ead5568}> (0x000000071ead5568) 
thrown [s\src\hotspot\share\prims\jni.cpp, line 516]
Event: 1141.097 Thread 0x000001e65dec1020 Exception <a 'sun/nio/fs/WindowsException'{0x000000071ead5eb0}> (0x000000071ead5eb0) 
thrown [s\src\hotspot\share\prims\jni.cpp, line 516]
Event: 1141.300 Thread 0x000001e65dec1020 Exception <a 'sun/nio/fs/WindowsException'{0x000000071ead8498}> (0x000000071ead8498) 
thrown [s\src\hotspot\share\prims\jni.cpp, line 516]
Event: 1141.321 Thread 0x000001e65dec1020 Exception <a 'sun/nio/fs/WindowsException'{0x000000071ead8d80}> (0x000000071ead8d80) 
thrown [s\src\hotspot\share\prims\jni.cpp, line 516]
Event: 1141.354 Thread 0x000001e65dec1020 Exception <a 'sun/nio/fs/WindowsException'{0x000000071ead9710}> (0x000000071ead9710) 
thrown [s\src\hotspot\share\prims\jni.cpp, line 516]
Event: 1141.422 Thread 0x000001e65dec1020 Exception <a 'sun/nio/fs/WindowsException'{0x000000071eada0e8}> (0x000000071eada0e8) 
thrown [s\src\hotspot\share\prims\jni.cpp, line 516]
Event: 1141.550 Thread 0x000001e65dec1020 Exception <a 'sun/nio/fs/WindowsException'{0x000000071eadab48}> (0x000000071eadab48) 
thrown [s\src\hotspot\share\prims\jni.cpp, line 516]
Event: 1146.241 Thread 0x000001e65dec1020 Exception <a 'sun/nio/fs/WindowsException'{0x000000071f06d0f8}> (0x000000071f06d0f8) 
thrown [s\src\hotspot\share\prims\jni.cpp, line 516]
Event: 1146.241 Thread 0x000001e65dec1020 Exception <a 'sun/nio/fs/WindowsException'{0x000000071f06dab0}> (0x000000071f06dab0) 
thrown [s\src\hotspot\share\prims\jni.cpp, line 516]
Event: 1146.448 Thread 0x000001e65dec1020 Exception <a 'sun/nio/fs/WindowsException'{0x000000071f021d48}> (0x000000071f021d48) 
thrown [s\src\hotspot\share\prims\jni.cpp, line 516]
Event: 1146.448 Thread 0x000001e65dec1020 Exception <a 'sun/nio/fs/WindowsException'{0x000000071f022a68}> (0x000000071f022a68) 
thrown [s\src\hotspot\share\prims\jni.cpp, line 516]
Event: 1146.500 Thread 0x000001e65dec1020 Exception <a 'sun/nio/fs/WindowsException'{0x000000071f023398}> (0x000000071f023398) 
thrown [s\src\hotspot\share\prims\jni.cpp, line 516]
Event: 1146.526 Thread 0x000001e65dec1020 Exception <a 'sun/nio/fs/WindowsException'{0x000000071f023d80}> (0x000000071f023d80) 
thrown [s\src\hotspot\share\prims\jni.cpp, line 516]
Event: 1146.549 Thread 0x000001e65dec1020 Exception <a 'sun/nio/fs/WindowsException'{0x000000071f0247d0}> (0x000000071f0247d0) 
thrown [s\src\hotspot\share\prims\jni.cpp, line 516]

VM Operations (20 events):
Event: 1141.736 Executing VM operation: ICBufferFull done
Event: 1141.736 Executing VM operation: ICBufferFull
Event: 1142.098 Executing VM operation: ICBufferFull done
Event: 1142.098 Executing VM operation: G1CollectForAllocation
Event: 1144.335 Executing VM operation: G1CollectForAllocation done
Event: 1144.335 Executing VM operation: ICBufferFull
Event: 1144.619 Executing VM operation: ICBufferFull done
Event: 1144.619 Executing VM operation: HandshakeAllThreads
Event: 1144.620 Executing VM operation: HandshakeAllThreads done
Event: 1144.620 Executing VM operation: G1CollectForAllocation
Event: 1145.480 Executing VM operation: G1CollectForAllocation done
Event: 1145.481 Executing VM operation: HandshakeAllThreads
Event: 1145.481 Executing VM operation: HandshakeAllThreads done
Event: 1145.626 Executing VM operation: G1CollectForAllocation
Event: 1145.972 Executing VM operation: G1CollectForAllocation done
Event: 1145.972 Executing VM operation: HandshakeAllThreads
Event: 1145.973 Executing VM operation: HandshakeAllThreads done
Event: 1146.083 Executing VM operation: G1CollectForAllocation
Event: 1146.446 Executing VM operation: G1CollectForAllocation done
Event: 1146.642 Executing VM operation: G1CollectForAllocation

Memory protections (0 events):
No events

Nmethod flushes (20 events):
Event: 1144.643 Thread 0x000001e67e05c030 flushing  nmethod 0x000001e60528b010
Event: 1144.643 Thread 0x000001e67e05c030 flushing  nmethod 0x000001e60528b690
Event: 1144.643 Thread 0x000001e67e05c030 flushing  nmethod 0x000001e60528bc10
Event: 1144.643 Thread 0x000001e67e05c030 flushing  nmethod 0x000001e60528ca90
Event: 1144.643 Thread 0x000001e67e05c030 flushing  nmethod 0x000001e605292010
Event: 1144.643 Thread 0x000001e67e05c030 flushing  nmethod 0x000001e605292510
Event: 1144.643 Thread 0x000001e67e05c030 flushing  nmethod 0x000001e605292d90
Event: 1144.643 Thread 0x000001e67e05c030 flushing  nmethod 0x000001e605293f10
Event: 1144.643 Thread 0x000001e67e05c030 flushing  nmethod 0x000001e605295b90
Event: 1144.643 Thread 0x000001e67e05c030 flushing  nmethod 0x000001e605297290
Event: 1144.643 Thread 0x000001e67e05c030 flushing  nmethod 0x000001e605297890
Event: 1144.643 Thread 0x000001e67e05c030 flushing osr nmethod 0x000001e60529af10
Event: 1144.643 Thread 0x000001e67e05c030 flushing  nmethod 0x000001e60529d510
Event: 1144.643 Thread 0x000001e67e05c030 flushing  nmethod 0x000001e60529e590
Event: 1144.643 Thread 0x000001e67e05c030 flushing  nmethod 0x000001e6052a1310
Event: 1144.643 Thread 0x000001e67e05c030 flushing  nmethod 0x000001e6052a3b90
Event: 1144.643 Thread 0x000001e67e05c030 flushing  nmethod 0x000001e6052a4e10
Event: 1144.643 Thread 0x000001e67e05c030 flushing  nmethod 0x000001e6052abe10
Event: 1144.643 Thread 0x000001e67e05c030 flushing  nmethod 0x000001e6052b4390
Event: 1144.643 Thread 0x000001e67e05c030 flushing  nmethod 0x000001e6052b9990

Events (20 events):
Event: 1131.832 Thread 0x000001e67e041810 Thread added: 0x000001e684d73950
Event: 1131.832 Thread 0x000001e67e041810 Thread added: 0x000001e684d72eb0
Event: 1132.783 Thread 0x000001e684d72eb0 Thread exited: 0x000001e684d72eb0
Event: 1132.783 Thread 0x000001e684d73950 Thread exited: 0x000001e684d73950
Event: 1133.425 Thread 0x000001e67e046e80 Thread added: 0x000001e669baf640
Event: 1133.425 Thread 0x000001e67e046e80 Thread added: 0x000001e669bae650
Event: 1134.393 Thread 0x000001e669bae650 Thread exited: 0x000001e669bae650
Event: 1134.394 Thread 0x000001e669baf640 Thread exited: 0x000001e669baf640
Event: 1135.606 Thread 0x000001e67e041810 Thread added: 0x000001e669baeba0
Event: 1135.606 Thread 0x000001e67e041810 Thread added: 0x000001e669baf640
Event: 1136.669 Thread 0x000001e669baf640 Thread exited: 0x000001e669baf640
Event: 1137.174 Thread 0x000001e67e046e80 Thread added: 0x000001e684d6d460
Event: 1138.118 Thread 0x000001e669baeba0 Thread exited: 0x000001e669baeba0
Event: 1138.118 Thread 0x000001e684d6d460 Thread exited: 0x000001e684d6d460
Event: 1138.374 Thread 0x000001e67e046e80 Thread added: 0x000001e684d6d460
Event: 1140.068 Thread 0x000001e684d6d460 Thread exited: 0x000001e684d6d460
Event: 1140.120 Thread 0x000001e67e046e80 Thread added: 0x000001e684d6d460
Event: 1140.586 Thread 0x000001e65debf6d0 Thread added: 0x000001e6822342f0
Event: 1140.686 Thread 0x000001e6822342f0 Thread exited: 0x000001e6822342f0
Event: 1146.672 Thread 0x000001e65debf6d0 Thread added: 0x000001e6608cd2f0


Dynamic libraries:
0x00007ff6d5830000 - 0x00007ff6d583e000 	C:\Program Files\Eclipse Adoptium\jdk-17.0.18.8-hotspot\bin\java.exe
0x00007ffd859a0000 - 0x00007ffd85c06000 	C:\WINDOWS\SYSTEM32\ntdll.dll
0x00007ffd83ec0000 - 0x00007ffd83f89000 	C:\WINDOWS\System32\KERNEL32.DLL
0x00007ffd83020000 - 0x00007ffd8341a000 	C:\WINDOWS\System32\KERNELBASE.dll
0x00007ffd82c30000 - 0x00007ffd82d7c000 	C:\WINDOWS\System32\ucrtbase.dll
0x00007ffd4eed0000 - 0x00007ffd4eee8000 	C:\Program Files\Eclipse Adoptium\jdk-17.0.18.8-hotspot\bin\jli.dll
0x00007ffd4d3e0000 - 0x00007ffd4d3fe000 	C:\Program Files\Eclipse Adoptium\jdk-17.0.18.8-hotspot\bin\VCRUNTIME140.dll
0x00007ffd84a20000 - 0x00007ffd84be7000 	C:\WINDOWS\System32\USER32.dll
0x00007ffd6fd00000 - 0x00007ffd6ff92000 	C:\WINDOWS\WinSxS\amd64_microsoft.windows.common-controls_6595b64144ccf1df_6.0.26100.8521_none_3e08b75ce33403b3\COMCTL32.dll
0x00007ffd84bf0000 - 0x00007ffd84c99000 	C:\WINDOWS\System32\msvcrt.dll
0x00007ffd835a0000 - 0x00007ffd835c7000 	C:\WINDOWS\System32\win32u.dll
0x00007ffd85530000 - 0x00007ffd8555b000 	C:\WINDOWS\System32\GDI32.dll
0x00007ffd82d80000 - 0x00007ffd82eab000 	C:\WINDOWS\System32\gdi32full.dll
0x00007ffd83660000 - 0x00007ffd83703000 	C:\WINDOWS\System32\msvcp_win.dll
0x00007ffd85470000 - 0x00007ffd854a2000 	C:\WINDOWS\System32\IMM32.DLL
0x00007ffd59dd0000 - 0x00007ffd59ddc000 	C:\Program Files\Eclipse Adoptium\jdk-17.0.18.8-hotspot\bin\vcruntime140_1.dll
0x00007ffd20900000 - 0x00007ffd2098d000 	C:\Program Files\Eclipse Adoptium\jdk-17.0.18.8-hotspot\bin\msvcp140.dll
0x00007ffc84490000 - 0x00007ffc850fb000 	C:\Program Files\Eclipse Adoptium\jdk-17.0.18.8-hotspot\bin\server\jvm.dll
0x00007ffd84880000 - 0x00007ffd84936000 	C:\WINDOWS\System32\ADVAPI32.dll
0x00007ffd857a0000 - 0x00007ffd8584a000 	C:\WINDOWS\System32\sechost.dll
0x00007ffd83710000 - 0x00007ffd83828000 	C:\WINDOWS\System32\RPCRT4.dll
0x00007ffd83e30000 - 0x00007ffd83eb0000 	C:\WINDOWS\System32\WS2_32.dll
0x00007ffd82a90000 - 0x00007ffd82aee000 	C:\WINDOWS\SYSTEM32\POWRPROF.dll
0x00007ffd7a8b0000 - 0x00007ffd7a8e6000 	C:\WINDOWS\SYSTEM32\WINMM.dll
0x00007ffd72780000 - 0x00007ffd7278b000 	C:\WINDOWS\SYSTEM32\VERSION.dll
0x00007ffd82a70000 - 0x00007ffd82a84000 	C:\WINDOWS\SYSTEM32\UMPDC.dll
0x00007ffd81980000 - 0x00007ffd8199b000 	C:\WINDOWS\SYSTEM32\kernel.appcore.dll
0x00007ffd55b40000 - 0x00007ffd55b4a000 	C:\Program Files\Eclipse Adoptium\jdk-17.0.18.8-hotspot\bin\jimage.dll
0x00007ffd709c0000 - 0x00007ffd70c02000 	C:\WINDOWS\SYSTEM32\DBGHELP.DLL
0x00007ffd84ca0000 - 0x00007ffd85023000 	C:\WINDOWS\System32\combase.dll
0x00007ffd84940000 - 0x00007ffd84a19000 	C:\WINDOWS\System32\OLEAUT32.dll
0x00007ffd6ffa0000 - 0x00007ffd6ffdb000 	C:\WINDOWS\SYSTEM32\dbgcore.DLL
0x00007ffd82eb0000 - 0x00007ffd82f58000 	C:\WINDOWS\System32\bcryptPrimitives.dll
0x00007ffd6c090000 - 0x00007ffd6c09e000 	C:\Program Files\Eclipse Adoptium\jdk-17.0.18.8-hotspot\bin\instrument.dll
0x00007ffd28a30000 - 0x00007ffd28a55000 	C:\Program Files\Eclipse Adoptium\jdk-17.0.18.8-hotspot\bin\java.dll
0x00007ffd20390000 - 0x00007ffd20467000 	C:\Program Files\Eclipse Adoptium\jdk-17.0.18.8-hotspot\bin\jsvml.dll
0x00007ffd84080000 - 0x00007ffd84804000 	C:\WINDOWS\System32\SHELL32.dll
0x00007ffd807d0000 - 0x00007ffd81050000 	C:\WINDOWS\SYSTEM32\windows.storage.dll
0x00007ffd85850000 - 0x00007ffd85946000 	C:\WINDOWS\System32\SHCORE.dll
0x00007ffd84810000 - 0x00007ffd84877000 	C:\WINDOWS\System32\shlwapi.dll
0x00007ffd82b50000 - 0x00007ffd82b79000 	C:\WINDOWS\SYSTEM32\profapi.dll
0x00007ffd2a720000 - 0x00007ffd2a738000 	C:\Program Files\Eclipse Adoptium\jdk-17.0.18.8-hotspot\bin\zip.dll
0x00007ffd2ae10000 - 0x00007ffd2ae2a000 	C:\Program Files\Eclipse Adoptium\jdk-17.0.18.8-hotspot\bin\net.dll
0x00007ffd7c5b0000 - 0x00007ffd7c6d9000 	C:\WINDOWS\SYSTEM32\WINHTTP.dll
0x00007ffd81ed0000 - 0x00007ffd81f3c000 	C:\WINDOWS\system32\mswsock.dll
0x00007ffd2adc0000 - 0x00007ffd2add6000 	C:\Program Files\Eclipse Adoptium\jdk-17.0.18.8-hotspot\bin\nio.dll
0x00007ffd53490000 - 0x00007ffd534a0000 	C:\Program Files\Eclipse Adoptium\jdk-17.0.18.8-hotspot\bin\verify.dll
0x00007ffd22d60000 - 0x00007ffd22d87000 	C:\Users\fuadh\.gradle\native\1def1411415f61bf3af743bc5b6707747c0891f09f0c88961ee8f79bc544acac\windows-amd64\native-platform.dll
0x00007ffd1dfa0000 - 0x00007ffd1e018000 	C:\Users\fuadh\.gradle\native\0.2.7\x86_64-windows-gnu\gradle-fileevents.dll
0x00007ffd53450000 - 0x00007ffd5345a000 	C:\Program Files\Eclipse Adoptium\jdk-17.0.18.8-hotspot\bin\management.dll
0x00007ffd53410000 - 0x00007ffd5341c000 	C:\Program Files\Eclipse Adoptium\jdk-17.0.18.8-hotspot\bin\management_ext.dll
0x00007ffd85430000 - 0x00007ffd85438000 	C:\WINDOWS\System32\PSAPI.DLL
0x00007ffd81360000 - 0x00007ffd81393000 	C:\WINDOWS\SYSTEM32\IPHLPAPI.DLL
0x00007ffd83f90000 - 0x00007ffd83f9a000 	C:\WINDOWS\System32\NSI.dll
0x00007ffd7c240000 - 0x00007ffd7c25d000 	C:\WINDOWS\SYSTEM32\dhcpcsvc6.DLL
0x00007ffd7c210000 - 0x00007ffd7c235000 	C:\WINDOWS\SYSTEM32\dhcpcsvc.DLL
0x00007ffd813f0000 - 0x00007ffd8153a000 	C:\WINDOWS\SYSTEM32\DNSAPI.dll
0x00007ffd81cf0000 - 0x00007ffd81cfd000 	C:\WINDOWS\SYSTEM32\DSPARSE.dll
0x00007ffd51260000 - 0x00007ffd51269000 	C:\Program Files\Eclipse Adoptium\jdk-17.0.18.8-hotspot\bin\extnet.dll
0x00007ffd822d0000 - 0x00007ffd822eb000 	C:\WINDOWS\SYSTEM32\CRYPTSP.dll
0x00007ffd818e0000 - 0x00007ffd81919000 	C:\WINDOWS\system32\rsaenh.dll
0x00007ffd81f80000 - 0x00007ffd81fb3000 	C:\WINDOWS\SYSTEM32\USERENV.dll
0x00007ffd82b20000 - 0x00007ffd82b4a000 	C:\WINDOWS\SYSTEM32\bcrypt.dll
0x00007ffd82130000 - 0x00007ffd8213c000 	C:\WINDOWS\SYSTEM32\CRYPTBASE.dll
0x00007ffd6c080000 - 0x00007ffd6c08e000 	C:\Program Files\Eclipse Adoptium\jdk-17.0.18.8-hotspot\bin\sunmscapi.dll
0x00007ffd83420000 - 0x00007ffd83598000 	C:\WINDOWS\System32\CRYPT32.dll
0x00007ffd82430000 - 0x00007ffd82460000 	C:\WINDOWS\SYSTEM32\ncrypt.dll
0x00007ffd823e0000 - 0x00007ffd8241f000 	C:\WINDOWS\SYSTEM32\NTASN1.dll
0x00007ffd6df80000 - 0x00007ffd6df88000 	C:\WINDOWS\system32\wshunix.dll
0x00007ffd81aa0000 - 0x00007ffd81ad6000 	C:\WINDOWS\SYSTEM32\ntmarta.dll
0x00007ffd501b0000 - 0x00007ffd501b7000 	C:\Program Files\Eclipse Adoptium\jdk-17.0.18.8-hotspot\bin\rmi.dll
0x00007ffcb2a10000 - 0x00007ffcb2ba1000 	C:\Program Files\Eclipse Adoptium\jdk-17.0.18.8-hotspot\bin\awt.dll
0x00007ffd7fc00000 - 0x00007ffd7fca0000 	C:\WINDOWS\SYSTEM32\apphelp.dll
0x00007ffd7fe50000 - 0x00007ffd7fefa000 	C:\WINDOWS\system32\uxtheme.dll
0x00007ffd850f0000 - 0x00007ffd8524d000 	C:\WINDOWS\System32\MSCTF.dll
0x00007ffd85580000 - 0x00007ffd85718000 	C:\WINDOWS\System32\ole32.dll
0x000000006a1e0000 - 0x000000006a206000 	C:\Program Files\Bonjour\mdnsNSP.dll
0x00007ffd73a30000 - 0x00007ffd73a3b000 	C:\Windows\System32\rasadhlp.dll
0x00007ffd7a720000 - 0x00007ffd7a7a6000 	C:\WINDOWS\System32\fwpuclnt.dll

dbghelp: loaded successfully - version: 4.0.5 - missing functions: none
symbol engine: initialized successfully - sym options: 0x614 - pdb path: .;C:\Program Files\Eclipse Adoptium\jdk-17.0.18.8-hotspot\bin;C:\WINDOWS\SYSTEM32;C:\WINDOWS\WinSxS\amd64_microsoft.windows.common-controls_6595b64144ccf1df_6.0.26100.8521_none_3e08b75ce33403b3;C:\Program Files\Eclipse Adoptium\jdk-17.0.18.8-hotspot\bin\server;C:\Users\fuadh\.gradle\native\1def1411415f61bf3af743bc5b6707747c0891f09f0c88961ee8f79bc544acac\windows-amd64;C:\Users\fuadh\.gradle\native\0.2.7\x86_64-windows-gnu;C:\Program Files\Bonjour

VM Arguments:
jvm_args: --add-opens=java.base/java.lang=ALL-UNNAMED --add-opens=java.base/java.lang.invoke=ALL-UNNAMED --add-opens=java.base/java.util=ALL-UNNAMED --add-opens=java.prefs/java.util.prefs=ALL-UNNAMED --add-exports=jdk.compiler/com.sun.tools.javac.api=ALL-UNNAMED --add-exports=jdk.compiler/com.sun.tools.javac.util=ALL-UNNAMED --add-opens=java.base/java.util=ALL-UNNAMED --add-opens=java.prefs/java.util.prefs=ALL-UNNAMED --add-opens=java.base/java.nio.charset=ALL-UNNAMED --add-opens=java.base/java.net=ALL-UNNAMED --add-opens=java.base/java.util.concurrent.atomic=ALL-UNNAMED --add-opens=java.xml/javax.xml.namespace=ALL-UNNAMED -XX:MaxMetaspaceSize=1024m -Xmx8192m -Dfile.encoding=windows-1252 -Duser.country=US -Duser.language=en -Duser.variant -javaagent:C:\Users\fuadh\.gradle\wrapper\dists\gradle-8.13-bin\5xuhj0ry160q40clulazy9h7d\gradle-8.13\lib\agents\gradle-instrumentation-agent-8.13.jar 
java_command: org.gradle.launcher.daemon.bootstrap.GradleDaemon 8.13
java_class_path (initial): C:\Users\fuadh\.gradle\wrapper\dists\gradle-8.13-bin\5xuhj0ry160q40clulazy9h7d\gradle-8.13\lib\gradle-daemon-main-8.13.jar
Launcher Type: SUN_STANDARD

[Global flags]
     intx CICompilerCount                          = 4                                         {product} {ergonomic}
   size_t CompressedClassSpaceSize                 = 872415232                                 {product} {ergonomic}
     uint ConcGCThreads                            = 3                                         {product} {ergonomic}
     uint G1ConcRefinementThreads                  = 10                                        {product} {ergonomic}
   size_t G1HeapRegionSize                         = 4194304                                   {product} {ergonomic}
    uintx GCDrainStackTargetSize                   = 64                                        {product} {ergonomic}
   size_t InitialHeapSize                          = 268435456                                 {product} {ergonomic}
   size_t MarkStackSize                            = 4194304                                   {product} {ergonomic}
   size_t MaxHeapSize                              = 8589934592                                {product} {command line}
   size_t MaxMetaspaceSize                         = 1073741824                                {product} {command line}
   size_t MaxNewSize                               = 5150605312                                {product} {ergonomic}
   size_t MinHeapDeltaBytes                        = 4194304                                   {product} {ergonomic}
   size_t MinHeapSize                              = 8388608                                   {product} {ergonomic}
    uintx NonNMethodCodeHeapSize                   = 5839372                                {pd product} {ergonomic}
    uintx NonProfiledCodeHeapSize                  = 122909434                              {pd product} {ergonomic}
    uintx ProfiledCodeHeapSize                     = 122909434                              {pd product} {ergonomic}
    uintx ReservedCodeCacheSize                    = 251658240                              {pd product} {ergonomic}
     bool SegmentedCodeCache                       = true                                      {product} {ergonomic}
   size_t SoftMaxHeapSize                          = 8589934592                             {manageable} {ergonomic}
     bool UseCompressedClassPointers               = true                           {product lp64_product} {ergonomic}
     bool UseCompressedOops                        = true                           {product lp64_product} {ergonomic}
     bool UseG1GC                                  = true                                      {product} {ergonomic}
     bool UseLargePagesIndividualAllocation        = false                                  {pd product} {ergonomic}

Logging:
Log output configuration:
 #0: stdout all=warning uptime,level,tags
 #1: stderr all=off uptime,level,tags

Environment Variables:
JAVA_HOME=C:\Program Files\Eclipse Adoptium\jdk-17.0.18.8-hotspot
PATH=c:\Users\fuadh\AppData\Roaming\Code\User\globalStorage\github.copilot-chat\debugCommand;c:\Users\fuadh\AppData\Roaming\Code\User\globalStorage\github.copilot-chat\copilotCli;C:\Program Files\Eclipse Adoptium\jdk-17.0.18.8-hotspot\bin;C:\WINDOWS\system32;C:\WINDOWS;C:\WINDOWS\System32\Wbem;C:\WINDOWS\System32\WindowsPowerShell\v1.0\;C:\WINDOWS\System32\OpenSSH\;C:\Program Files\Git\cmd;C:\Program Files\nodejs\;C:\Program Files (x86)\cloudflared\;C:\Users\fuadh\AppData\Local\Android\Sdk\platform-tools;C:\Users\fuadh\AppData\Local\Android\Sdk\emulator;C:\Program Files\Eclipse Adoptium\jdk-17.0.18.8-hotspot\bin;C:\Users\fuadh\AppData\Roaming\npm;C:\Program Files\Docker\Docker\resources\bin;C:\Program Files\php-8.5.6;C:\Program Files\Go\bin;C:\Users\fuadh\.local\bin;C:\Users\fuadh\AppData\Local\Programs\Eclipse Adoptium\jdk-25.0.2.10-hotspot\bin;C:\Users\fuadh\AppData\Local\Microsoft\WindowsApps;C:\Users\fuadh\AppData\Local\Programs\Microsoft VS Code\bin;C:\Users\fuadh\go\bin;C:\Users\fuadh\.console-ninja\.bin;c:\Users\fuadh\.vscode\extensions\vscjava.vscode-java-debug-0.59.0\bundled\scripts\noConfigScripts
USERNAME=fuadh
LANG=en_US.UTF-8
OS=Windows_NT
PROCESSOR_IDENTIFIER=Intel64 Family 6 Model 151 Stepping 5, GenuineIntel
TMP=C:\Users\fuadh\AppData\Local\Temp
TEMP=C:\Users\fuadh\AppData\Local\Temp



Periodic native trim disabled


---------------  S Y S T E M  ---------------

OS:
 Windows 11 , 64 bit Build 26100 (10.0.26100.8521)
OS uptime: 5 days 14:34 hours
Hyper-V role detected

CPU: total 12 (initial active 12) (6 cores per cpu, 2 threads per core) family 6 model 151 stepping 5 microcode 0x18, cx8, cmov, fxsr, ht, mmx, 3dnowpref, sse, sse2, sse3, ssse3, sse4.1, sse4.2, popcnt, lzcnt, tsc, tscinvbit, avx, avx2, aes, erms, clmul, bmi1, bmi2, adx, sha, fma, vzeroupper, clflush, clflushopt, clwb, hv
Processor Information for all 12 processors :
  Max Mhz: 2500, Current Mhz: 2500, Mhz Limit: 2500

Memory: 4k page, system-wide physical 16171M (546M free)
TotalPageFile size 65323M (AvailPageFile size 596M)
current process WorkingSet (physical memory assigned to process): 1643M, peak: 2373M
current process commit charge ("private bytes"): 5639M, peak: 6743M

vm_info: OpenJDK 64-Bit Server VM (17.0.18+8) for windows-amd64 JRE (17.0.18+8), built on Jan 20 2026 22:28:22 by "admin" with MS VC++ 17.12 (VS2022)

END.
