#
# There is insufficient memory for the Java Runtime Environment to continue.
# Native memory allocation (malloc) failed to allocate 1051856 bytes. Error detail: Chunk::new
# Possible reasons:
#   The system is out of physical RAM or swap space
#   This process is running with CompressedOops enabled, and the Java Heap may be blocking the growth of the native heap
# Possible solutions:
#   Reduce memory load on the system
#   Increase physical memory or swap space
#   Check if swap backing store is full
#   Decrease Java heap size (-Xmx/-Xms)
#   Decrease number of Java threads
#   Decrease Java thread stack sizes (-Xss)
#   Set larger code cache with -XX:ReservedCodeCacheSize=
#   JVM is running with Zero Based Compressed Oops mode in which the Java heap is
#     placed in the first 32GB address space. The Java Heap base address is the
#     maximum limit for the native heap growth. Please use -XX:HeapBaseMinAddress
#     to set the Java Heap base and to place the Java Heap above 32GB virtual address.
# This output file may be truncated or incomplete.
#
#  Out of Memory Error (arena.cpp:191), pid=40460, tid=18084
#
# JRE version: OpenJDK Runtime Environment Temurin-17.0.18+8 (17.0.18+8) (build 17.0.18+8)
# Java VM: OpenJDK 64-Bit Server VM Temurin-17.0.18+8 (17.0.18+8, mixed mode, sharing, tiered, compressed oops, compressed class ptrs, g1 gc, windows-amd64)
# No core dump will be written. Minidumps are not enabled by default on client versions of Windows
#

---------------  S U M M A R Y ------------

Command Line: --add-opens=java.base/java.lang=ALL-UNNAMED --add-opens=java.base/java.lang.invoke=ALL-UNNAMED --add-opens=java.base/java.util=ALL-UNNAMED --add-opens=java.prefs/java.util.prefs=ALL-UNNAMED --add-exports=jdk.compiler/com.sun.tools.javac.api=ALL-UNNAMED --add-exports=jdk.compiler/com.sun.tools.javac.util=ALL-UNNAMED --add-opens=java.base/java.util=ALL-UNNAMED --add-opens=java.prefs/java.util.prefs=ALL-UNNAMED --add-opens=java.base/java.nio.charset=ALL-UNNAMED --add-opens=java.base/java.net=ALL-UNNAMED --add-opens=java.base/java.util.concurrent.atomic=ALL-UNNAMED --add-opens=java.xml/javax.xml.namespace=ALL-UNNAMED -XX:MaxMetaspaceSize=1024m -Xmx8192m -Dfile.encoding=windows-1252 -Duser.country=US -Duser.language=en -Duser.variant -javaagent:C:\Users\fuadh\.gradle\wrapper\dists\gradle-8.13-bin\5xuhj0ry160q40clulazy9h7d\gradle-8.13\lib\agents\gradle-instrumentation-agent-8.13.jar org.gradle.launcher.daemon.bootstrap.GradleDaemon 8.13

Host: 12th Gen Intel(R) Core(TM) i5-12400, 12 cores, 15G,  Windows 11 , 64 bit Build 26100 (10.0.26100.8521)
Time: Tue Jun 23 16:14:56 2026 Bangladesh Standard Time elapsed time: 827.874154 seconds (0d 0h 13m 47s)

---------------  T H R E A D  ---------------

Current thread (0x0000021b5f0c6530):  JavaThread "C2 CompilerThread0" daemon [_thread_in_native, id=18084, stack(0x000000ea49900000,0x000000ea49a00000)]


Current CompileTask:
C2:827874 44868       4       com.android.tools.r8.internal.lb::a (310 bytes)

Stack: [0x000000ea49900000,0x000000ea49a00000]
Native frames: (J=compiled Java code, j=interpreted, Vv=VM code, C=native code)
V  [jvm.dll+0x6846f9]
V  [jvm.dll+0x839ea5]
V  [jvm.dll+0x83b91e]
V  [jvm.dll+0x83bfa3]
V  [jvm.dll+0x248eff]
V  [jvm.dll+0xad496]
V  [jvm.dll+0xadb3c]
V  [jvm.dll+0x2b05df]
V  [jvm.dll+0x58acf5]
V  [jvm.dll+0x222e84]
V  [jvm.dll+0x22327d]
V  [jvm.dll+0x21bfdb]
V  [jvm.dll+0x2190fe]
V  [jvm.dll+0x1a4920]
V  [jvm.dll+0x22989a]
V  [jvm.dll+0x227a4b]
V  [jvm.dll+0x7f0658]
V  [jvm.dll+0x7eaaec]
V  [jvm.dll+0x6835c7]
C  [ucrtbase.dll+0x2cd30]
C  [KERNEL32.DLL+0x2e957]
C  [ntdll.dll+0x87c1c]


---------------  P R O C E S S  ---------------

Threads class SMR info:
_java_thread_list=0x0000021baab98e40, length=237, elements={
0x0000021b3308bd10, 0x0000021b5f0a23e0, 0x0000021b5f0a4fb0, 0x0000021b5f0c0a30,
0x0000021b5f0c13f0, 0x0000021b5f0c1db0, 0x0000021b5f0c3780, 0x0000021b5f0c6530,
0x0000021b5f0c6fe0, 0x0000021b5f0ca200, 0x0000021b61cf5510, 0x0000021b61d8a080,
0x0000021b9c710c00, 0x0000021b9c88e270, 0x0000021b9cd575a0, 0x0000021b9cd60c30,
0x0000021b9c86fee0, 0x0000021b9c870e10, 0x0000021b9c871830, 0x0000021b9c871d40,
0x0000021b9d064ed0, 0x0000021b9d067750, 0x0000021b9d068170, 0x0000021b9d066d30,
0x0000021b9d3d7ad0, 0x0000021b9f833e70, 0x0000021b9f834380, 0x0000021b9b256870,
0x0000021b9b253ff0, 0x0000021b9b255e50, 0x0000021b9c870900, 0x0000021b9d068680,
0x0000021ba1082060, 0x0000021ba107f2d0, 0x0000021ba1082570, 0x0000021ba1082a80,
0x0000021b9e709cc0, 0x0000021b9e707950, 0x0000021b9e70b610, 0x0000021b9e70bb20,
0x0000021b9e70a6e0, 0x0000021b9e7097b0, 0x0000021b9e7092a0, 0x0000021b9e70b100,
0x0000021b9e708880, 0x0000021b9e70abf0, 0x0000021b9e70a1d0, 0x0000021b9e708d90,
0x0000021b9e70de90, 0x0000021b9e70cf60, 0x0000021b9e70edc0, 0x0000021b9e70ca50,
0x0000021b9e70c030, 0x0000021b9e70f2d0, 0x0000021b9e70e3a0, 0x0000021b9e70c540,
0x0000021b9e70d470, 0x0000021b9e70d980, 0x0000021b9f82d420, 0x0000021b9f82e350,
0x0000021b9f82d930, 0x0000021b9f8310e0, 0x0000021b9f82ed70, 0x0000021b9f8315f0,
0x0000021b9f82de40, 0x0000021b9f831b00, 0x0000021b9f830bd0, 0x0000021b9f832010,
0x0000021b9f82f280, 0x0000021b9f82f790, 0x0000021b9f8301b0, 0x0000021b9f82fca0,
0x0000021b9f82e860, 0x0000021b9f832520, 0x0000021b9f832f40, 0x0000021b9f833960,
0x0000021b9fd20a80, 0x0000021b9fd1dcf0, 0x0000021b9fd214a0, 0x0000021b9fd20060,
0x0000021b9fd1ec20, 0x0000021b9fd219b0, 0x0000021b9fd1f640, 0x0000021b9fd1e710,
0x0000021b9fd21ec0, 0x0000021b9fd223d0, 0x0000021b9fd228e0, 0x0000021b9fd22df0,
0x0000021b9fd23300, 0x0000021b9fd1fb50, 0x0000021b9fd23d20, 0x0000021b9fd25160,
0x0000021b9fd24230, 0x0000021b9fd24740, 0x0000021b9fd24c50, 0x0000021b9fd23810,
0x0000021b9fd25670, 0x0000021b9d3d5760, 0x0000021b9d3d33f0, 0x0000021b9d3d5c70,
0x0000021b9d3d5250, 0x0000021b9d3d6180, 0x0000021b9d3d6690, 0x0000021b9d3d6ba0,
0x0000021b9d3d4320, 0x0000021b9d3d70b0, 0x0000021b9d3d3900, 0x0000021b9d3d9e40,
0x0000021b9d3d84f0, 0x0000021b9d3da350, 0x0000021b9d0658f0, 0x0000021b9d067240,
0x0000021b9d067c60, 0x0000021b9d068b90, 0x0000021b9d0653e0, 0x0000021b9d0695b0,
0x0000021b9d06a4e0, 0x0000021b9d06b920, 0x0000021b9d06a9f0, 0x0000021b9d06be30,
0x0000021b9d069ac0, 0x0000021b9d06c340, 0x0000021b9d06c850, 0x0000021b9d0690a0,
0x0000021b9b256360, 0x0000021b9b253ae0, 0x0000021b9b25aa40, 0x0000021b9b257cb0,
0x0000021b9b258be0, 0x0000021b9c872250, 0x0000021b9c86f9d0, 0x0000021b9c872760,
0x0000021b9c8703f0, 0x0000021b9f834da0, 0x0000021ba7f6f5f0, 0x0000021ba7f70f40,
0x0000021ba7f6f0e0, 0x0000021ba7f71450, 0x0000021ba7f70a30, 0x0000021ba7f6ebd0,
0x0000021ba7f6e1b0, 0x0000021ba7f6fb00, 0x0000021ba7f6dca0, 0x0000021ba7f6e6c0,
0x0000021ba7f71960, 0x0000021ba7f72da0, 0x0000021ba7f732b0, 0x0000021ba7f70010,
0x0000021ba7f737c0, 0x0000021ba7f71e70, 0x0000021ba7f72380, 0x0000021ba7f72890,
0x0000021ba7f73cd0, 0x0000021ba7f70520, 0x0000021ba7f75620, 0x0000021ba7f741e0,
0x0000021ba7f746f0, 0x0000021ba7f74c00, 0x0000021ba7f75110, 0x0000021ba7fc2ea0,
0x0000021ba7fc2990, 0x0000021ba7fc33b0, 0x0000021ba7fc0620, 0x0000021ba7fc0110,
0x0000021ba7fc42e0, 0x0000021ba7fc2480, 0x0000021ba7fc38c0, 0x0000021ba7fc1550,
0x0000021ba7fc3dd0, 0x0000021ba7fc0b30, 0x0000021ba7fc47f0, 0x0000021ba7fc1040,
0x0000021ba7fc4d00, 0x0000021ba7fc5210, 0x0000021ba7fc1a60, 0x0000021ba7fc6b60,
0x0000021ba7fc7fa0, 0x0000021ba7fc84b0, 0x0000021ba7fc7070, 0x0000021ba7fc89c0,
0x0000021ba7fc7580, 0x0000021ba7fc5c30, 0x0000021ba7fc6140, 0x0000021ba7fc1f70,
0x0000021ba7fca310, 0x0000021ba7fcf920, 0x0000021ba7fce4e0, 0x0000021ba7fcd0a0,
0x0000021ba7fcdfd0, 0x0000021ba7fce9f0, 0x0000021ba7fccb90, 0x0000021ba7fcef00,
0x0000021b9b254500, 0x0000021b9b254a10, 0x0000021b9b25a020, 0x0000021b9b25a530,
0x0000021ba8107c70, 0x0000021ba8108ba0, 0x0000021ba81095c0, 0x0000021ba8109ad0,
0x0000021ba8109fe0, 0x0000021ba810aa00, 0x0000021b9d3d9930, 0x0000021ba81090b0,
0x0000021bab17aa20, 0x0000021bab17af30, 0x0000021bab17b950, 0x0000021bab17b440,
0x0000021bab17be60, 0x0000021bab17c370, 0x0000021bab17cd90, 0x0000021bab17d7b0,
0x0000021bab17c880, 0x0000021bab17d2a0, 0x0000021bab180f60, 0x0000021bab180540,
0x0000021bab181980, 0x0000021bab17e1d0, 0x0000021bab182dc0, 0x0000021bab17f610,
0x0000021bab1832d0, 0x0000021bab1828b0, 0x0000021bab184c20, 0x0000021bab185130,
0x0000021bab181e90, 0x0000021bab1874a0, 0x0000021bab189300, 0x0000021bab187ec0,
0x0000021bab1888e0, 0x0000021bab188df0, 0x0000021bab189810, 0x0000021bab1879b0,
0x0000021bab186060, 0x0000021ba10839b0, 0x0000021ba1086230, 0x0000021ba1083ec0,
0x0000021ba10843d0
}

Java Threads: ( => current thread )
  0x0000021b3308bd10 JavaThread "main" [_thread_blocked, id=7636, stack(0x000000ea48c00000,0x000000ea48d00000)]
  0x0000021b5f0a23e0 JavaThread "Reference Handler" daemon [_thread_blocked, id=11336, stack(0x000000ea49300000,0x000000ea49400000)]
  0x0000021b5f0a4fb0 JavaThread "Finalizer" daemon [_thread_blocked, id=31652, stack(0x000000ea49400000,0x000000ea49500000)]
  0x0000021b5f0c0a30 JavaThread "Signal Dispatcher" daemon [_thread_blocked, id=22440, stack(0x000000ea49500000,0x000000ea49600000)]
  0x0000021b5f0c13f0 JavaThread "Attach Listener" daemon [_thread_blocked, id=17992, stack(0x000000ea49600000,0x000000ea49700000)]
  0x0000021b5f0c1db0 JavaThread "Service Thread" daemon [_thread_blocked, id=41920, stack(0x000000ea49700000,0x000000ea49800000)]
  0x0000021b5f0c3780 JavaThread "Monitor Deflation Thread" daemon [_thread_blocked, id=6452, stack(0x000000ea49800000,0x000000ea49900000)]
=>0x0000021b5f0c6530 JavaThread "C2 CompilerThread0" daemon [_thread_in_native, id=18084, stack(0x000000ea49900000,0x000000ea49a00000)]
  0x0000021b5f0c6fe0 JavaThread "C1 CompilerThread0" daemon [_thread_in_vm, id=39348, stack(0x000000ea49a00000,0x000000ea49b00000)]
  0x0000021b5f0ca200 JavaThread "Sweeper thread" daemon [_thread_blocked, id=22400, stack(0x000000ea49b00000,0x000000ea49c00000)]
  0x0000021b61cf5510 JavaThread "Common-Cleaner" daemon [_thread_blocked, id=13208, stack(0x000000ea49c00000,0x000000ea49d00000)]
  0x0000021b61d8a080 JavaThread "Notification Thread" daemon [_thread_blocked, id=29952, stack(0x000000ea49d00000,0x000000ea49e00000)]
  0x0000021b9c710c00 JavaThread "Daemon health stats" [_thread_blocked, id=36936, stack(0x000000ea4a600000,0x000000ea4a700000)]
  0x0000021b9c88e270 JavaThread "Incoming local TCP Connector on port 63516" [_thread_in_native, id=49156, stack(0x000000ea4a700000,0x000000ea4a800000)]
  0x0000021b9cd575a0 JavaThread "Daemon periodic checks" [_thread_blocked, id=14772, stack(0x000000ea4a800000,0x000000ea4a900000)]
  0x0000021b9cd60c30 JavaThread "Daemon" [_thread_blocked, id=3820, stack(0x000000ea4a900000,0x000000ea4aa00000)]
  0x0000021b9c86fee0 JavaThread "Daemon worker" [_thread_blocked, id=18740, stack(0x000000ea4ac00000,0x000000ea4ad00000)]
  0x0000021b9c870e10 JavaThread "Cache worker for journal cache (C:\Users\fuadh\.gradle\caches\journal-1)" [_thread_blocked, id=46012, stack(0x000000ea4b000000,0x000000ea4b100000)]
  0x0000021b9c871830 JavaThread "File lock request listener" [_thread_in_native, id=41068, stack(0x000000ea4b100000,0x000000ea4b200000)]
  0x0000021b9c871d40 JavaThread "Cache worker for file hash cache (C:\Users\fuadh\.gradle\caches\8.13\fileHashes)" [_thread_blocked, id=29732, stack(0x000000ea4b200000,0x000000ea4b300000)]
  0x0000021b9d064ed0 JavaThread "File watcher server" daemon [_thread_in_native, id=55832, stack(0x000000ea4ba00000,0x000000ea4bb00000)]
  0x0000021b9d067750 JavaThread "File watcher consumer" daemon [_thread_blocked, id=54276, stack(0x000000ea4bb00000,0x000000ea4bc00000)]
  0x0000021b9d068170 JavaThread "jar transforms" [_thread_blocked, id=40292, stack(0x000000ea4be00000,0x000000ea4bf00000)]
  0x0000021b9d066d30 JavaThread "Cache worker for file content cache (C:\Users\fuadh\.gradle\caches\8.13\fileContent)" [_thread_blocked, id=3232, stack(0x000000ea4c000000,0x000000ea4c100000)]
  0x0000021b9d3d7ad0 JavaThread "Memory manager" [_thread_blocked, id=23360, stack(0x000000ea4ee00000,0x000000ea4ef00000)]
  0x0000021b9f833e70 JavaThread "jar transforms Thread 2" [_thread_blocked, id=6020, stack(0x000000ea54f00000,0x000000ea55000000)]
  0x0000021b9f834380 JavaThread "jar transforms Thread 3" [_thread_blocked, id=45032, stack(0x000000ea55000000,0x000000ea55100000)]
  0x0000021b9b256870 JavaThread "jar transforms Thread 4" [_thread_blocked, id=22916, stack(0x000000ea55700000,0x000000ea55800000)]
  0x0000021b9b253ff0 JavaThread "jar transforms Thread 5" [_thread_blocked, id=18752, stack(0x000000ea55900000,0x000000ea55a00000)]
  0x0000021b9b255e50 JavaThread "jar transforms Thread 6" [_thread_blocked, id=29816, stack(0x000000ea55800000,0x000000ea55900000)]
  0x0000021b9c870900 JavaThread "jar transforms Thread 7" [_thread_blocked, id=11696, stack(0x000000ea55a00000,0x000000ea55b00000)]
  0x0000021b9d068680 JavaThread "jar transforms Thread 8" [_thread_blocked, id=24052, stack(0x000000ea55c00000,0x000000ea55d00000)]
  0x0000021ba1082060 JavaThread "jar transforms Thread 9" [_thread_blocked, id=11300, stack(0x000000ea55d00000,0x000000ea55e00000)]
  0x0000021ba107f2d0 JavaThread "jar transforms Thread 10" [_thread_blocked, id=50216, stack(0x000000ea55f00000,0x000000ea56000000)]
  0x0000021ba1082570 JavaThread "jar transforms Thread 11" [_thread_blocked, id=42100, stack(0x000000ea55e00000,0x000000ea55f00000)]
  0x0000021ba1082a80 JavaThread "jar transforms Thread 12" [_thread_blocked, id=41524, stack(0x000000ea56000000,0x000000ea56100000)]
  0x0000021b9e709cc0 JavaThread "Handler for socket connection from /127.0.0.1:63516 to /127.0.0.1:64224" [_thread_in_native, id=49500, stack(0x000000ea48a00000,0x000000ea48b00000)]
  0x0000021b9e707950 JavaThread "Cancel handler" [_thread_blocked, id=36636, stack(0x000000ea48b00000,0x000000ea48c00000)]
  0x0000021b9e70b610 JavaThread "Asynchronous log dispatcher for DefaultDaemonConnection: socket connection from /127.0.0.1:63516 to /127.0.0.1:64224" [_thread_blocked, id=56456, stack(0x000000ea49f00000,0x000000ea4a000000)]
  0x0000021b9e70bb20 JavaThread "Stdin handler" [_thread_blocked, id=44804, stack(0x000000ea4aa00000,0x000000ea4ab00000)]
  0x0000021b9e70a6e0 JavaThread "Daemon client event forwarder" [_thread_blocked, id=21652, stack(0x000000ea4ab00000,0x000000ea4ac00000)]
  0x0000021b9e7097b0 JavaThread "Cache worker for file hash cache (C:\Users\fuadh\projects\friends_hangout_app\android\.gradle\8.13\fileHashes)" [_thread_blocked, id=28944, stack(0x000000ea4ad00000,0x000000ea4ae00000)]
  0x0000021b9e7092a0 JavaThread "Cache worker for Build Output Cleanup Cache (C:\Users\fuadh\projects\friends_hangout_app\android\.gradle\buildOutputCleanup)" [_thread_blocked, id=37624, stack(0x000000ea4ae00000,0x000000ea4af00000)]
  0x0000021b9e70b100 JavaThread "Cache worker for checksums cache (C:\Users\fuadh\projects\friends_hangout_app\android\.gradle\8.13\checksums)" [_thread_blocked, id=39556, stack(0x000000ea4af00000,0x000000ea4b000000)]
  0x0000021b9e708880 JavaThread "Cache worker for cache directory md-supplier (C:\Users\fuadh\.gradle\caches\8.13\md-supplier)" [_thread_blocked, id=55072, stack(0x000000ea4b300000,0x000000ea4b400000)]
  0x0000021b9e70abf0 JavaThread "Cache worker for cache directory md-rule (C:\Users\fuadh\.gradle\caches\8.13\md-rule)" [_thread_blocked, id=8888, stack(0x000000ea4b400000,0x000000ea4b500000)]
  0x0000021b9e70a1d0 JavaThread "Cache worker for Build Output Cleanup Cache (C:\Users\fuadh\projects\friends_hangout_app\node_modules\@react-native\gradle-plugin\.gradle\buildOutputCleanup)" [_thread_blocked, id=53364, stack(0x000000ea4bf00000,0x000000ea4c000000)]
  0x0000021b9e708d90 JavaThread "Unconstrained build operations" [_thread_blocked, id=38644, stack(0x000000ea4c100000,0x000000ea4c200000)]
  0x0000021b9e70de90 JavaThread "Unconstrained build operations Thread 2" [_thread_blocked, id=46120, stack(0x000000ea4c200000,0x000000ea4c300000)]
  0x0000021b9e70cf60 JavaThread "Unconstrained build operations Thread 3" [_thread_blocked, id=41464, stack(0x000000ea4c300000,0x000000ea4c400000)]
  0x0000021b9e70edc0 JavaThread "Unconstrained build operations Thread 4" [_thread_blocked, id=11512, stack(0x000000ea4c500000,0x000000ea4c600000)]
  0x0000021b9e70ca50 JavaThread "Unconstrained build operations Thread 5" [_thread_blocked, id=15892, stack(0x000000ea4c600000,0x000000ea4c700000)]
  0x0000021b9e70c030 JavaThread "Unconstrained build operations Thread 6" [_thread_blocked, id=29672, stack(0x000000ea4c700000,0x000000ea4c800000)]
  0x0000021b9e70f2d0 JavaThread "Unconstrained build operations Thread 7" [_thread_blocked, id=31916, stack(0x000000ea4c800000,0x000000ea4c900000)]
  0x0000021b9e70e3a0 JavaThread "Unconstrained build operations Thread 8" [_thread_blocked, id=38544, stack(0x000000ea4c900000,0x000000ea4ca00000)]
  0x0000021b9e70c540 JavaThread "Unconstrained build operations Thread 9" [_thread_blocked, id=52924, stack(0x000000ea4ca00000,0x000000ea4cb00000)]
  0x0000021b9e70d470 JavaThread "Unconstrained build operations Thread 10" [_thread_blocked, id=8, stack(0x000000ea4cb00000,0x000000ea4cc00000)]
  0x0000021b9e70d980 JavaThread "Unconstrained build operations Thread 11" [_thread_blocked, id=29364, stack(0x000000ea4cc00000,0x000000ea4cd00000)]
  0x0000021b9f82d420 JavaThread "Unconstrained build operations Thread 12" [_thread_blocked, id=48876, stack(0x000000ea4cd00000,0x000000ea4ce00000)]
  0x0000021b9f82e350 JavaThread "Unconstrained build operations Thread 13" [_thread_blocked, id=9236, stack(0x000000ea4ce00000,0x000000ea4cf00000)]
  0x0000021b9f82d930 JavaThread "Unconstrained build operations Thread 14" [_thread_blocked, id=41204, stack(0x000000ea4cf00000,0x000000ea4d000000)]
  0x0000021b9f8310e0 JavaThread "Unconstrained build operations Thread 15" [_thread_blocked, id=15108, stack(0x000000ea4d000000,0x000000ea4d100000)]
  0x0000021b9f82ed70 JavaThread "Unconstrained build operations Thread 16" [_thread_blocked, id=51420, stack(0x000000ea4d100000,0x000000ea4d200000)]
  0x0000021b9f8315f0 JavaThread "Unconstrained build operations Thread 17" [_thread_blocked, id=7848, stack(0x000000ea4d200000,0x000000ea4d300000)]
  0x0000021b9f82de40 JavaThread "Unconstrained build operations Thread 18" [_thread_blocked, id=22024, stack(0x000000ea4d300000,0x000000ea4d400000)]
  0x0000021b9f831b00 JavaThread "Unconstrained build operations Thread 19" [_thread_blocked, id=6432, stack(0x000000ea4d400000,0x000000ea4d500000)]
  0x0000021b9f830bd0 JavaThread "Unconstrained build operations Thread 20" [_thread_blocked, id=21120, stack(0x000000ea4d500000,0x000000ea4d600000)]
  0x0000021b9f832010 JavaThread "Unconstrained build operations Thread 21" [_thread_blocked, id=52080, stack(0x000000ea4d600000,0x000000ea4d700000)]
  0x0000021b9f82f280 JavaThread "Unconstrained build operations Thread 22" [_thread_blocked, id=10008, stack(0x000000ea4d700000,0x000000ea4d800000)]
  0x0000021b9f82f790 JavaThread "Unconstrained build operations Thread 23" [_thread_blocked, id=31228, stack(0x000000ea4d800000,0x000000ea4d900000)]
  0x0000021b9f8301b0 JavaThread "Unconstrained build operations Thread 24" [_thread_blocked, id=37252, stack(0x000000ea4d900000,0x000000ea4da00000)]
  0x0000021b9f82fca0 JavaThread "Unconstrained build operations Thread 25" [_thread_blocked, id=6728, stack(0x000000ea4da00000,0x000000ea4db00000)]
  0x0000021b9f82e860 JavaThread "Unconstrained build operations Thread 26" [_thread_blocked, id=17208, stack(0x000000ea4db00000,0x000000ea4dc00000)]
  0x0000021b9f832520 JavaThread "build event listener" [_thread_blocked, id=55356, stack(0x000000ea4dc00000,0x000000ea4dd00000)]
  0x0000021b9f832f40 JavaThread "ForkJoinPool.commonPool-worker-12" daemon [_thread_blocked, id=46516, stack(0x000000ea4de00000,0x000000ea4df00000)]
  0x0000021b9f833960 JavaThread "included builds" [_thread_blocked, id=42340, stack(0x000000ea4e000000,0x000000ea4e100000)]
  0x0000021b9fd20a80 JavaThread "Execution worker" [_thread_blocked, id=48020, stack(0x000000ea4e100000,0x000000ea4e200000)]
  0x0000021b9fd1dcf0 JavaThread "Execution worker Thread 2" [_thread_blocked, id=38220, stack(0x000000ea4e200000,0x000000ea4e300000)]
  0x0000021b9fd214a0 JavaThread "Execution worker Thread 3" [_thread_blocked, id=9568, stack(0x000000ea4e300000,0x000000ea4e400000)]
  0x0000021b9fd20060 JavaThread "Execution worker Thread 4" [_thread_blocked, id=38884, stack(0x000000ea4e400000,0x000000ea4e500000)]
  0x0000021b9fd1ec20 JavaThread "Execution worker Thread 5" [_thread_blocked, id=8060, stack(0x000000ea4e500000,0x000000ea4e600000)]
  0x0000021b9fd219b0 JavaThread "Execution worker Thread 6" [_thread_blocked, id=41424, stack(0x000000ea4e600000,0x000000ea4e700000)]
  0x0000021b9fd1f640 JavaThread "Execution worker Thread 7" [_thread_blocked, id=37580, stack(0x000000ea4e700000,0x000000ea4e800000)]
  0x0000021b9fd1e710 JavaThread "Execution worker Thread 8" [_thread_blocked, id=26024, stack(0x000000ea4e800000,0x000000ea4e900000)]
  0x0000021b9fd21ec0 JavaThread "Execution worker Thread 9" [_thread_blocked, id=39772, stack(0x000000ea4e900000,0x000000ea4ea00000)]
  0x0000021b9fd223d0 JavaThread "Execution worker Thread 10" [_thread_blocked, id=15232, stack(0x000000ea4ea00000,0x000000ea4eb00000)]
  0x0000021b9fd228e0 JavaThread "Execution worker Thread 11" [_thread_blocked, id=35432, stack(0x000000ea4eb00000,0x000000ea4ec00000)]
  0x0000021b9fd22df0 JavaThread "Cache worker for execution history cache (C:\Users\fuadh\projects\friends_hangout_app\node_modules\@react-native\gradle-plugin\.gradle\8.13\executionHistory)" [_thread_blocked, id=30012, stack(0x000000ea4ec00000,0x000000ea4ed00000)]
  0x0000021b9fd23300 JavaThread "Unconstrained build operations Thread 27" [_thread_blocked, id=9808, stack(0x000000ea4ed00000,0x000000ea4ee00000)]
  0x0000021b9fd1fb50 JavaThread "Unconstrained build operations Thread 28" [_thread_blocked, id=25380, stack(0x000000ea4f300000,0x000000ea4f400000)]
  0x0000021b9fd23d20 JavaThread "Unconstrained build operations Thread 29" [_thread_blocked, id=3092, stack(0x000000ea4f400000,0x000000ea4f500000)]
  0x0000021b9fd25160 JavaThread "Unconstrained build operations Thread 30" [_thread_blocked, id=25804, stack(0x000000ea4f700000,0x000000ea4f800000)]
  0x0000021b9fd24230 JavaThread "Unconstrained build operations Thread 31" [_thread_blocked, id=20516, stack(0x000000ea4f900000,0x000000ea4fa00000)]
  0x0000021b9fd24740 JavaThread "Unconstrained build operations Thread 32" [_thread_blocked, id=31996, stack(0x000000ea4fa00000,0x000000ea4fb00000)]
  0x0000021b9fd24c50 JavaThread "Unconstrained build operations Thread 33" [_thread_blocked, id=11320, stack(0x000000ea4fb00000,0x000000ea4fc00000)]
  0x0000021b9fd23810 JavaThread "Unconstrained build operations Thread 34" [_thread_blocked, id=12672, stack(0x000000ea4fc00000,0x000000ea4fd00000)]
  0x0000021b9fd25670 JavaThread "Unconstrained build operations Thread 35" [_thread_blocked, id=55184, stack(0x000000ea4fd00000,0x000000ea4fe00000)]
  0x0000021b9d3d5760 JavaThread "Unconstrained build operations Thread 36" [_thread_blocked, id=25928, stack(0x000000ea4fe00000,0x000000ea4ff00000)]
  0x0000021b9d3d33f0 JavaThread "Unconstrained build operations Thread 37" [_thread_blocked, id=5404, stack(0x000000ea4ff00000,0x000000ea50000000)]
  0x0000021b9d3d5c70 JavaThread "Unconstrained build operations Thread 38" [_thread_blocked, id=32624, stack(0x000000ea50000000,0x000000ea50100000)]
  0x0000021b9d3d5250 JavaThread "Unconstrained build operations Thread 39" [_thread_blocked, id=24888, stack(0x000000ea50100000,0x000000ea50200000)]
  0x0000021b9d3d6180 JavaThread "Unconstrained build operations Thread 40" [_thread_blocked, id=36624, stack(0x000000ea50200000,0x000000ea50300000)]
  0x0000021b9d3d6690 JavaThread "Unconstrained build operations Thread 41" [_thread_blocked, id=18696, stack(0x000000ea50300000,0x000000ea50400000)]
  0x0000021b9d3d6ba0 JavaThread "Unconstrained build operations Thread 42" [_thread_blocked, id=35172, stack(0x000000ea50400000,0x000000ea50500000)]
  0x0000021b9d3d4320 JavaThread "Unconstrained build operations Thread 43" [_thread_blocked, id=45196, stack(0x000000ea50500000,0x000000ea50600000)]
  0x0000021b9d3d70b0 JavaThread "Unconstrained build operations Thread 44" [_thread_blocked, id=9872, stack(0x000000ea50600000,0x000000ea50700000)]
  0x0000021b9d3d3900 JavaThread "Unconstrained build operations Thread 45" [_thread_blocked, id=37032, stack(0x000000ea50700000,0x000000ea50800000)]
  0x0000021b9d3d9e40 JavaThread "Unconstrained build operations Thread 46" [_thread_blocked, id=35256, stack(0x000000ea50900000,0x000000ea50a00000)]
  0x0000021b9d3d84f0 JavaThread "Unconstrained build operations Thread 47" [_thread_blocked, id=50252, stack(0x000000ea50a00000,0x000000ea50b00000)]
  0x0000021b9d3da350 JavaThread "Unconstrained build operations Thread 48" [_thread_blocked, id=48232, stack(0x000000ea50800000,0x000000ea50900000)]
  0x0000021b9d0658f0 JavaThread "Unconstrained build operations Thread 49" [_thread_blocked, id=32020, stack(0x000000ea50b00000,0x000000ea50c00000)]
  0x0000021b9d067240 JavaThread "Unconstrained build operations Thread 50" [_thread_blocked, id=38752, stack(0x000000ea50c00000,0x000000ea50d00000)]
  0x0000021b9d067c60 JavaThread "Unconstrained build operations Thread 51" [_thread_blocked, id=19024, stack(0x000000ea50d00000,0x000000ea50e00000)]
  0x0000021b9d068b90 JavaThread "Unconstrained build operations Thread 52" [_thread_blocked, id=25464, stack(0x000000ea50e00000,0x000000ea50f00000)]
  0x0000021b9d0653e0 JavaThread "Unconstrained build operations Thread 53" [_thread_blocked, id=18400, stack(0x000000ea50f00000,0x000000ea51000000)]
  0x0000021b9d0695b0 JavaThread "Unconstrained build operations Thread 54" [_thread_blocked, id=8716, stack(0x000000ea51000000,0x000000ea51100000)]
  0x0000021b9d06a4e0 JavaThread "Unconstrained build operations Thread 55" [_thread_blocked, id=12364, stack(0x000000ea51100000,0x000000ea51200000)]
  0x0000021b9d06b920 JavaThread "Unconstrained build operations Thread 56" [_thread_blocked, id=22128, stack(0x000000ea51200000,0x000000ea51300000)]
  0x0000021b9d06a9f0 JavaThread "Unconstrained build operations Thread 57" [_thread_blocked, id=42432, stack(0x000000ea51300000,0x000000ea51400000)]
  0x0000021b9d06be30 JavaThread "Unconstrained build operations Thread 58" [_thread_blocked, id=32912, stack(0x000000ea51400000,0x000000ea51500000)]
  0x0000021b9d069ac0 JavaThread "Unconstrained build operations Thread 59" [_thread_blocked, id=41764, stack(0x000000ea51500000,0x000000ea51600000)]
  0x0000021b9d06c340 JavaThread "Unconstrained build operations Thread 60" [_thread_blocked, id=34332, stack(0x000000ea51600000,0x000000ea51700000)]
  0x0000021b9d06c850 JavaThread "Unconstrained build operations Thread 61" [_thread_blocked, id=48148, stack(0x000000ea51700000,0x000000ea51800000)]
  0x0000021b9d0690a0 JavaThread "Unconstrained build operations Thread 62" [_thread_blocked, id=35404, stack(0x000000ea51800000,0x000000ea51900000)]
  0x0000021b9b256360 JavaThread "Unconstrained build operations Thread 63" [_thread_blocked, id=43720, stack(0x000000ea51900000,0x000000ea51a00000)]
  0x0000021b9b253ae0 JavaThread "Unconstrained build operations Thread 64" [_thread_blocked, id=16044, stack(0x000000ea51a00000,0x000000ea51b00000)]
  0x0000021b9b25aa40 JavaThread "Unconstrained build operations Thread 65" [_thread_blocked, id=31432, stack(0x000000ea51b00000,0x000000ea51c00000)]
  0x0000021b9b257cb0 JavaThread "Unconstrained build operations Thread 66" [_thread_blocked, id=31368, stack(0x000000ea51c00000,0x000000ea51d00000)]
  0x0000021b9b258be0 JavaThread "Unconstrained build operations Thread 67" [_thread_blocked, id=42076, stack(0x000000ea51d00000,0x000000ea51e00000)]
  0x0000021b9c872250 JavaThread "Unconstrained build operations Thread 68" [_thread_blocked, id=35504, stack(0x000000ea51e00000,0x000000ea51f00000)]
  0x0000021b9c86f9d0 JavaThread "Unconstrained build operations Thread 69" [_thread_blocked, id=9696, stack(0x000000ea51f00000,0x000000ea52000000)]
  0x0000021b9c872760 JavaThread "Unconstrained build operations Thread 70" [_thread_blocked, id=26388, stack(0x000000ea52100000,0x000000ea52200000)]
  0x0000021b9c8703f0 JavaThread "Unconstrained build operations Thread 71" [_thread_blocked, id=12868, stack(0x000000ea52200000,0x000000ea52300000)]
  0x0000021b9f834da0 JavaThread "Unconstrained build operations Thread 72" [_thread_blocked, id=49468, stack(0x000000ea52300000,0x000000ea52400000)]
  0x0000021ba7f6f5f0 JavaThread "Unconstrained build operations Thread 73" [_thread_blocked, id=24840, stack(0x000000ea52400000,0x000000ea52500000)]
  0x0000021ba7f70f40 JavaThread "Unconstrained build operations Thread 74" [_thread_blocked, id=33436, stack(0x000000ea52500000,0x000000ea52600000)]
  0x0000021ba7f6f0e0 JavaThread "Unconstrained build operations Thread 75" [_thread_blocked, id=50712, stack(0x000000ea52600000,0x000000ea52700000)]
  0x0000021ba7f71450 JavaThread "Unconstrained build operations Thread 76" [_thread_blocked, id=13952, stack(0x000000ea52700000,0x000000ea52800000)]
  0x0000021ba7f70a30 JavaThread "Unconstrained build operations Thread 77" [_thread_blocked, id=49588, stack(0x000000ea52800000,0x000000ea52900000)]
  0x0000021ba7f6ebd0 JavaThread "Unconstrained build operations Thread 78" [_thread_blocked, id=55284, stack(0x000000ea52900000,0x000000ea52a00000)]
  0x0000021ba7f6e1b0 JavaThread "Unconstrained build operations Thread 79" [_thread_blocked, id=40468, stack(0x000000ea52a00000,0x000000ea52b00000)]
  0x0000021ba7f6fb00 JavaThread "Unconstrained build operations Thread 80" [_thread_blocked, id=16612, stack(0x000000ea52b00000,0x000000ea52c00000)]
  0x0000021ba7f6dca0 JavaThread "Unconstrained build operations Thread 81" [_thread_blocked, id=12248, stack(0x000000ea52c00000,0x000000ea52d00000)]
  0x0000021ba7f6e6c0 JavaThread "Unconstrained build operations Thread 82" [_thread_blocked, id=49096, stack(0x000000ea52d00000,0x000000ea52e00000)]
  0x0000021ba7f71960 JavaThread "Unconstrained build operations Thread 83" [_thread_blocked, id=46020, stack(0x000000ea52e00000,0x000000ea52f00000)]
  0x0000021ba7f72da0 JavaThread "Unconstrained build operations Thread 84" [_thread_blocked, id=36372, stack(0x000000ea52f00000,0x000000ea53000000)]
  0x0000021ba7f732b0 JavaThread "Unconstrained build operations Thread 85" [_thread_blocked, id=25016, stack(0x000000ea53000000,0x000000ea53100000)]
  0x0000021ba7f70010 JavaThread "Unconstrained build operations Thread 86" [_thread_blocked, id=18392, stack(0x000000ea53100000,0x000000ea53200000)]
  0x0000021ba7f737c0 JavaThread "Unconstrained build operations Thread 87" [_thread_blocked, id=45972, stack(0x000000ea53200000,0x000000ea53300000)]
  0x0000021ba7f71e70 JavaThread "Unconstrained build operations Thread 88" [_thread_blocked, id=41876, stack(0x000000ea53300000,0x000000ea53400000)]
  0x0000021ba7f72380 JavaThread "Unconstrained build operations Thread 89" [_thread_blocked, id=16736, stack(0x000000ea53400000,0x000000ea53500000)]
  0x0000021ba7f72890 JavaThread "Unconstrained build operations Thread 90" [_thread_blocked, id=43888, stack(0x000000ea53500000,0x000000ea53600000)]
  0x0000021ba7f73cd0 JavaThread "Unconstrained build operations Thread 91" [_thread_blocked, id=9900, stack(0x000000ea53600000,0x000000ea53700000)]
  0x0000021ba7f70520 JavaThread "Unconstrained build operations Thread 92" [_thread_blocked, id=24180, stack(0x000000ea53700000,0x000000ea53800000)]
  0x0000021ba7f75620 JavaThread "Unconstrained build operations Thread 93" [_thread_blocked, id=44528, stack(0x000000ea53800000,0x000000ea53900000)]
  0x0000021ba7f741e0 JavaThread "Unconstrained build operations Thread 94" [_thread_blocked, id=23432, stack(0x000000ea53900000,0x000000ea53a00000)]
  0x0000021ba7f746f0 JavaThread "Unconstrained build operations Thread 95" [_thread_blocked, id=52268, stack(0x000000ea53a00000,0x000000ea53b00000)]
  0x0000021ba7f74c00 JavaThread "Unconstrained build operations Thread 96" [_thread_blocked, id=27572, stack(0x000000ea53b00000,0x000000ea53c00000)]
  0x0000021ba7f75110 JavaThread "Unconstrained build operations Thread 97" [_thread_blocked, id=44992, stack(0x000000ea53c00000,0x000000ea53d00000)]
  0x0000021ba7fc2ea0 JavaThread "Unconstrained build operations Thread 98" [_thread_blocked, id=16560, stack(0x000000ea53d00000,0x000000ea53e00000)]
  0x0000021ba7fc2990 JavaThread "Unconstrained build operations Thread 99" [_thread_blocked, id=30228, stack(0x000000ea53e00000,0x000000ea53f00000)]
  0x0000021ba7fc33b0 JavaThread "Unconstrained build operations Thread 100" [_thread_blocked, id=55048, stack(0x000000ea53f00000,0x000000ea54000000)]
  0x0000021ba7fc0620 JavaThread "Unconstrained build operations Thread 101" [_thread_blocked, id=55476, stack(0x000000ea54000000,0x000000ea54100000)]
  0x0000021ba7fc0110 JavaThread "build event listener" [_thread_blocked, id=41960, stack(0x000000ea54100000,0x000000ea54200000)]
  0x0000021ba7fc42e0 JavaThread "Problems report writer" [_thread_blocked, id=12548, stack(0x000000ea54200000,0x000000ea54300000)]
  0x0000021ba7fc2480 JavaThread "Unconstrained build operations Thread 102" [_thread_blocked, id=12888, stack(0x000000ea54300000,0x000000ea54400000)]
  0x0000021ba7fc38c0 JavaThread "Unconstrained build operations Thread 103" [_thread_blocked, id=41152, stack(0x000000ea54400000,0x000000ea54500000)]
  0x0000021ba7fc1550 JavaThread "Unconstrained build operations Thread 104" [_thread_blocked, id=25492, stack(0x000000ea54500000,0x000000ea54600000)]
  0x0000021ba7fc3dd0 JavaThread "Unconstrained build operations Thread 105" [_thread_blocked, id=19540, stack(0x000000ea54600000,0x000000ea54700000)]
  0x0000021ba7fc0b30 JavaThread "Unconstrained build operations Thread 106" [_thread_blocked, id=48872, stack(0x000000ea54700000,0x000000ea54800000)]
  0x0000021ba7fc47f0 JavaThread "Unconstrained build operations Thread 107" [_thread_blocked, id=11916, stack(0x000000ea54800000,0x000000ea54900000)]
  0x0000021ba7fc1040 JavaThread "Unconstrained build operations Thread 108" [_thread_blocked, id=25580, stack(0x000000ea54900000,0x000000ea54a00000)]
  0x0000021ba7fc4d00 JavaThread "Unconstrained build operations Thread 109" [_thread_blocked, id=14148, stack(0x000000ea54a00000,0x000000ea54b00000)]
  0x0000021ba7fc5210 JavaThread "Unconstrained build operations Thread 110" [_thread_blocked, id=1416, stack(0x000000ea54b00000,0x000000ea54c00000)]
  0x0000021ba7fc1a60 JavaThread "Unconstrained build operations Thread 111" [_thread_blocked, id=54068, stack(0x000000ea54c00000,0x000000ea54d00000)]
  0x0000021ba7fc6b60 JavaThread "Unconstrained build operations Thread 112" [_thread_blocked, id=40536, stack(0x000000ea54d00000,0x000000ea54e00000)]
  0x0000021ba7fc7fa0 JavaThread "Unconstrained build operations Thread 113" [_thread_blocked, id=11260, stack(0x000000ea54e00000,0x000000ea54f00000)]
  0x0000021ba7fc84b0 JavaThread "Unconstrained build operations Thread 114" [_thread_blocked, id=52028, stack(0x000000ea55100000,0x000000ea55200000)]
  0x0000021ba7fc7070 JavaThread "Unconstrained build operations Thread 115" [_thread_blocked, id=20372, stack(0x000000ea55200000,0x000000ea55300000)]
  0x0000021ba7fc89c0 JavaThread "Unconstrained build operations Thread 116" [_thread_blocked, id=8140, stack(0x000000ea55300000,0x000000ea55400000)]
  0x0000021ba7fc7580 JavaThread "Unconstrained build operations Thread 117" [_thread_blocked, id=6424, stack(0x000000ea55400000,0x000000ea55500000)]
  0x0000021ba7fc5c30 JavaThread "Unconstrained build operations Thread 118" [_thread_blocked, id=39508, stack(0x000000ea55500000,0x000000ea55600000)]
  0x0000021ba7fc6140 JavaThread "Unconstrained build operations Thread 119" [_thread_blocked, id=55532, stack(0x000000ea55600000,0x000000ea55700000)]
  0x0000021ba7fc1f70 JavaThread "Unconstrained build operations Thread 120" [_thread_blocked, id=4696, stack(0x000000ea55b00000,0x000000ea55c00000)]
  0x0000021ba7fca310 JavaThread "Cache worker for execution history cache (C:\Users\fuadh\projects\friends_hangout_app\android\.gradle\8.13\executionHistory)" [_thread_blocked, id=29460, stack(0x000000ea56900000,0x000000ea56a00000)]
  0x0000021ba7fcf920 JavaThread "WorkerExecutor Queue" [_thread_blocked, id=16448, stack(0x000000ea4f200000,0x000000ea4f300000)]
  0x0000021ba7fce4e0 JavaThread "WorkerExecutor Queue Thread 2" [_thread_blocked, id=49524, stack(0x000000ea56400000,0x000000ea56500000)]
  0x0000021ba7fcd0a0 JavaThread "WorkerExecutor Queue Thread 3" [_thread_blocked, id=16788, stack(0x000000ea56500000,0x000000ea56600000)]
  0x0000021ba7fcdfd0 JavaThread "WorkerExecutor Queue Thread 4" [_thread_blocked, id=50860, stack(0x000000ea56700000,0x000000ea56800000)]
  0x0000021ba7fce9f0 JavaThread "WorkerExecutor Queue Thread 5" [_thread_blocked, id=29972, stack(0x000000ea56a00000,0x000000ea56b00000)]
  0x0000021ba7fccb90 JavaThread "WorkerExecutor Queue Thread 6" [_thread_blocked, id=23132, stack(0x000000ea56b00000,0x000000ea56c00000)]
  0x0000021ba7fcef00 JavaThread "WorkerExecutor Queue Thread 7" [_thread_blocked, id=43664, stack(0x000000ea56c00000,0x000000ea56d00000)]
  0x0000021b9b254500 JavaThread "WorkerExecutor Queue Thread 8" [_thread_blocked, id=4920, stack(0x000000ea56d00000,0x000000ea56e00000)]
  0x0000021b9b254a10 JavaThread "WorkerExecutor Queue Thread 9" [_thread_blocked, id=17684, stack(0x000000ea56e00000,0x000000ea56f00000)]
  0x0000021b9b25a020 JavaThread "WorkerExecutor Queue Thread 11" [_thread_blocked, id=34296, stack(0x000000ea57000000,0x000000ea57100000)]
  0x0000021b9b25a530 JavaThread "WorkerExecutor Queue Thread 12" [_thread_blocked, id=26608, stack(0x000000ea57100000,0x000000ea57200000)]
  0x0000021ba8107c70 JavaThread "WorkerExecutor Queue Thread 13" [_thread_in_vm, id=39260, stack(0x000000ea58100000,0x000000ea58200000)]
  0x0000021ba8108ba0 JavaThread "Cache worker for Java compile cache (C:\Users\fuadh\.gradle\caches\8.13\javaCompile)" [_thread_blocked, id=27632, stack(0x000000ea58200000,0x000000ea58300000)]
  0x0000021ba81095c0 JavaThread "RMI Scheduler(0)" daemon [_thread_blocked, id=7212, stack(0x000000ea56f00000,0x000000ea57000000)]
  0x0000021ba8109ad0 JavaThread "RMI RenewClean-[127.0.0.1:17629,org.jetbrains.kotlin.daemon.common.LoopbackNetworkInterface$ClientLoopbackSocketFactory@6b05bf1f]" daemon [_thread_blocked, id=1104, stack(0x000000ea58300000,0x000000ea58400000)]
  0x0000021ba8109fe0 JavaThread "RMI GC Daemon" daemon [_thread_blocked, id=15100, stack(0x000000ea58400000,0x000000ea58500000)]
  0x0000021ba810aa00 JavaThread "RMI TCP Accept-0" daemon [_thread_in_native, id=40656, stack(0x000000ea58500000,0x000000ea58600000)]
  0x0000021b9d3d9930 JavaThread "RMI Reaper" [_thread_blocked, id=20332, stack(0x000000ea58600000,0x000000ea58700000)]
  0x0000021ba81090b0 JavaThread "Build operations" [_thread_blocked, id=51576, stack(0x000000ea52000000,0x000000ea52100000)]
  0x0000021bab17aa20 JavaThread "Build operations Thread 2" [_thread_blocked, id=53420, stack(0x000000ea58c00000,0x000000ea58d00000)]
  0x0000021bab17af30 JavaThread "Build operations Thread 3" [_thread_blocked, id=6660, stack(0x000000ea58d00000,0x000000ea58e00000)]
  0x0000021bab17b950 JavaThread "Build operations Thread 4" [_thread_blocked, id=32704, stack(0x000000ea58e00000,0x000000ea58f00000)]
  0x0000021bab17b440 JavaThread "Build operations Thread 5" [_thread_blocked, id=38216, stack(0x000000ea58f00000,0x000000ea59000000)]
  0x0000021bab17be60 JavaThread "Build operations Thread 6" [_thread_blocked, id=25456, stack(0x000000ea59000000,0x000000ea59100000)]
  0x0000021bab17c370 JavaThread "Build operations Thread 7" [_thread_blocked, id=36592, stack(0x000000ea59100000,0x000000ea59200000)]
  0x0000021bab17cd90 JavaThread "Build operations Thread 8" [_thread_blocked, id=19100, stack(0x000000ea59200000,0x000000ea59300000)]
  0x0000021bab17d7b0 JavaThread "Build operations Thread 9" [_thread_blocked, id=16356, stack(0x000000ea59300000,0x000000ea59400000)]
  0x0000021bab17c880 JavaThread "Build operations Thread 10" [_thread_blocked, id=11000, stack(0x000000ea59400000,0x000000ea59500000)]
  0x0000021bab17d2a0 JavaThread "Build operations Thread 11" [_thread_blocked, id=25632, stack(0x000000ea59500000,0x000000ea59600000)]
  0x0000021bab180f60 JavaThread "Build operations Thread 12" [_thread_blocked, id=55600, stack(0x000000ea58700000,0x000000ea58800000)]
  0x0000021bab180540 JavaThread "RMI RenewClean-[127.0.0.1:17629,org.jetbrains.kotlin.daemon.common.LoopbackNetworkInterface$ClientLoopbackSocketFactory@234782e2]" daemon [_thread_blocked, id=54700, stack(0x000000ea59700000,0x000000ea59800000)]
  0x0000021bab181980 JavaThread "RMI RenewClean-[127.0.0.1:17629,org.jetbrains.kotlin.daemon.common.LoopbackNetworkInterface$ClientLoopbackSocketFactory@258d3948]" daemon [_thread_blocked, id=18256, stack(0x000000ea48900000,0x000000ea48a00000)]
  0x0000021bab17e1d0 JavaThread "RMI RenewClean-[127.0.0.1:17629,org.jetbrains.kotlin.daemon.common.LoopbackNetworkInterface$ClientLoopbackSocketFactory@171affcc]" daemon [_thread_blocked, id=57272, stack(0x000000ea58a00000,0x000000ea58b00000)]
  0x0000021bab182dc0 JavaThread "Exec process Thread 4" [_thread_in_native, id=9752, stack(0x000000ea4f600000,0x000000ea4f700000)]
  0x0000021bab17f610 JavaThread "Exec process Thread 5" [_thread_in_native, id=33948, stack(0x000000ea56100000,0x000000ea56200000)]
  0x0000021bab1832d0 JavaThread "Exec process Thread 6" [_thread_in_native, id=44772, stack(0x000000ea56200000,0x000000ea56300000)]
  0x0000021bab1828b0 JavaThread "ForkJoinPool-1-worker-1" daemon [_thread_blocked, id=24668, stack(0x000000ea4c400000,0x000000ea4c500000)]
  0x0000021bab184c20 JavaThread "ForkJoinPool-1-worker-2" daemon [_thread_blocked, id=8200, stack(0x000000ea4df00000,0x000000ea4e000000)]
  0x0000021bab185130 JavaThread "ForkJoinPool-1-worker-3" daemon [_thread_blocked, id=47532, stack(0x000000ea4ef00000,0x000000ea4f000000)]
  0x0000021bab181e90 JavaThread "ForkJoinPool-1-worker-4" daemon [_thread_blocked, id=47952, stack(0x000000ea4f000000,0x000000ea4f100000)]
  0x0000021bab1874a0 JavaThread "ForkJoinPool-1-worker-5" daemon [_thread_blocked, id=23372, stack(0x000000ea4f100000,0x000000ea4f200000)]
  0x0000021bab189300 JavaThread "ForkJoinPool-1-worker-6" daemon [_thread_blocked, id=33092, stack(0x000000ea4f800000,0x000000ea4f900000)]
  0x0000021bab187ec0 JavaThread "ForkJoinPool-1-worker-7" daemon [_thread_blocked, id=3120, stack(0x000000ea56300000,0x000000ea56400000)]
  0x0000021bab1888e0 JavaThread "ForkJoinPool-1-worker-8" daemon [_thread_blocked, id=38148, stack(0x000000ea57200000,0x000000ea57300000)]
  0x0000021bab188df0 JavaThread "ForkJoinPool-1-worker-9" daemon [_thread_blocked, id=17216, stack(0x000000ea57300000,0x000000ea57400000)]
  0x0000021bab189810 JavaThread "ForkJoinPool-1-worker-10" daemon [_thread_blocked, id=44576, stack(0x000000ea57400000,0x000000ea57500000)]
  0x0000021bab1879b0 JavaThread "ForkJoinPool-1-worker-11" daemon [_thread_blocked, id=15788, stack(0x000000ea57500000,0x000000ea57600000)]
  0x0000021bab186060 JavaThread "ForkJoinPool-1-worker-12" daemon [_thread_blocked, id=34716, stack(0x000000ea57600000,0x000000ea57700000)]
  0x0000021ba10839b0 JavaThread "RMI TCP Connection(idle)" daemon [_thread_blocked, id=45444, stack(0x000000ea57800000,0x000000ea57900000)]
  0x0000021ba1086230 JavaThread "RMI TCP Connection(idle)" daemon [_thread_blocked, id=13324, stack(0x000000ea57e00000,0x000000ea57f00000)]
  0x0000021ba1083ec0 JavaThread "RMI TCP Connection(idle)" daemon [_thread_blocked, id=54076, stack(0x000000ea57f00000,0x000000ea58000000)]
  0x0000021ba10843d0 JavaThread "File lock release action executor Thread 4" [_thread_blocked, id=17336, stack(0x000000ea4dd00000,0x000000ea4de00000)]

Other Threads:
  0x0000021b5f09d3f0 VMThread "VM Thread" [stack: 0x000000ea49200000,0x000000ea49300000] [id=49716]
  0x0000021b61e259e0 WatcherThread [stack: 0x000000ea49e00000,0x000000ea49f00000] [id=48444]
  0x0000021b3313ecd0 GCTaskThread "GC Thread#0" [stack: 0x000000ea48d00000,0x000000ea48e00000] [id=39324]
  0x0000021b61eab2a0 GCTaskThread "GC Thread#1" [stack: 0x000000ea4a000000,0x000000ea4a100000] [id=31836]
  0x0000021b61f7d4b0 GCTaskThread "GC Thread#2" [stack: 0x000000ea4a100000,0x000000ea4a200000] [id=22340]
  0x0000021b61f88c90 GCTaskThread "GC Thread#3" [stack: 0x000000ea4a200000,0x000000ea4a300000] [id=43752]
  0x0000021b61f38d90 GCTaskThread "GC Thread#4" [stack: 0x000000ea4a300000,0x000000ea4a400000] [id=39368]
  0x0000021b61f39050 GCTaskThread "GC Thread#5" [stack: 0x000000ea4a400000,0x000000ea4a500000] [id=39788]
  0x0000021b9c5b68e0 GCTaskThread "GC Thread#6" [stack: 0x000000ea4a500000,0x000000ea4a600000] [id=26296]
  0x0000021b9cfbedc0 GCTaskThread "GC Thread#7" [stack: 0x000000ea4b500000,0x000000ea4b600000] [id=12084]
  0x0000021b9cfbf080 GCTaskThread "GC Thread#8" [stack: 0x000000ea4b600000,0x000000ea4b700000] [id=15260]
  0x0000021b9cfbf600 GCTaskThread "GC Thread#9" [stack: 0x000000ea4b700000,0x000000ea4b800000] [id=9896]
  0x0000021b5ef019e0 ConcurrentGCThread "G1 Main Marker" [stack: 0x000000ea48e00000,0x000000ea48f00000] [id=50560]
  0x0000021b5ef02ba0 ConcurrentGCThread "G1 Conc#0" [stack: 0x000000ea48f00000,0x000000ea49000000] [id=12560]
  0x0000021b9cfbf340 ConcurrentGCThread "G1 Conc#1" [stack: 0x000000ea4b800000,0x000000ea4b900000] [id=39444]
  0x0000021b9cfc0940 ConcurrentGCThread "G1 Conc#2" [stack: 0x000000ea4b900000,0x000000ea4ba00000] [id=38004]
  0x0000021b5efccfe0 ConcurrentGCThread "G1 Refine#0" [stack: 0x000000ea49000000,0x000000ea49100000] [id=42316]
  0x0000021b9f93d9d0 ConcurrentGCThread "G1 Refine#1" [stack: 0x000000ea4bc00000,0x000000ea4bd00000] [id=48000]
  0x0000021b9f8cd200 ConcurrentGCThread "G1 Refine#2" [stack: 0x000000ea4bd00000,0x000000ea4be00000] [id=25812]
  0x0000021b9d666240 ConcurrentGCThread "G1 Refine#3" [stack: 0x000000ea56600000,0x000000ea56700000] [id=3656]
  0x0000021b9d667cb0 ConcurrentGCThread "G1 Refine#4" [stack: 0x000000ea56800000,0x000000ea56900000] [id=11968]
  0x0000021babc45000 ConcurrentGCThread "G1 Refine#5" [stack: 0x000000ea57900000,0x000000ea57a00000] [id=24380]
  0x0000021bacceade0 ConcurrentGCThread "G1 Refine#6" [stack: 0x000000ea57a00000,0x000000ea57b00000] [id=11244]
  0x0000021ba9f56f10 ConcurrentGCThread "G1 Refine#7" [stack: 0x000000ea57b00000,0x000000ea57c00000] [id=20596]
  0x0000021bacb51ad0 ConcurrentGCThread "G1 Refine#8" [stack: 0x000000ea57c00000,0x000000ea57d00000] [id=47868]
  0x0000021bac2e6650 ConcurrentGCThread "G1 Refine#9" [stack: 0x000000ea57d00000,0x000000ea57e00000] [id=40212]
  0x0000021b5efce8c0 ConcurrentGCThread "G1 Service" [stack: 0x000000ea49100000,0x000000ea49200000] [id=30220]

Threads with active compile tasks:
C2 CompilerThread0  829252 44868       4       com.android.tools.r8.internal.lb::a (310 bytes)

VM state: not at safepoint (normal execution)

VM Mutex/Monitor currently owned by a thread: None

Heap address: 0x0000000600000000, size: 8192 MB, Compressed Oops mode: Zero based, Oop shift amount: 3

CDS archive(s) mapped at: [0x0000021b62000000-0x0000021b62bb0000-0x0000021b62bb0000), size 12255232, SharedBaseAddress: 0x0000021b62000000, ArchiveRelocationMode: 1.
Compressed class space mapped at: 0x0000021b63000000-0x0000021b97000000, reserved size: 872415232
Narrow klass base: 0x0000021b62000000, Narrow klass shift: 0, Narrow klass range: 0x100000000

GC Precious Log:
 CPUs: 12 total, 12 available
 Memory: 16171M
 Large Page Support: Disabled
 NUMA Support: Disabled
 Compressed Oops: Enabled (Zero based)
 Heap Region Size: 4M
 Heap Min Capacity: 8M
 Heap Initial Capacity: 256M
 Heap Max Capacity: 8G
 Pre-touch: Disabled
 Parallel Workers: 10
 Concurrent Workers: 3
 Concurrent Refinement Workers: 10
 Periodic GC: Disabled

Heap:
 garbage-first heap   total 6938624K, used 1801188K [0x0000000600000000, 0x0000000800000000)
  region size 4096K, 70 young (286720K), 5 survivors (20480K)
 Metaspace       used 197127K, committed 200064K, reserved 1048576K
  class space    used 25670K, committed 27008K, reserved 851968K

Heap Regions: E=young(eden), S=young(survivor), O=old, HS=humongous(starts), HC=humongous(continues), CS=collection set, F=free, OA=open archive, CA=closed archive, TAMS=top-at-mark-start (previous, next)
|   0|0x0000000600000000, 0x0000000600400000, 0x0000000600400000|100%|HS|  |TAMS 0x0000000600400000, 0x0000000600000000| Complete 
|   1|0x0000000600400000, 0x0000000600800000, 0x0000000600800000|100%| O|  |TAMS 0x0000000600800000, 0x0000000600400000| Untracked 
|   2|0x0000000600800000, 0x0000000600c00000, 0x0000000600c00000|100%| O|  |TAMS 0x0000000600c00000, 0x0000000600800000| Untracked 
|   3|0x0000000600c00000, 0x0000000601000000, 0x0000000601000000|100%| O|  |TAMS 0x0000000601000000, 0x0000000600c00000| Untracked 
|   4|0x0000000601000000, 0x0000000601400000, 0x0000000601400000|100%| O|  |TAMS 0x0000000601400000, 0x0000000601000000| Untracked 
|   5|0x0000000601400000, 0x0000000601800000, 0x0000000601800000|100%| O|  |TAMS 0x0000000601800000, 0x0000000601400000| Untracked 
|   6|0x0000000601800000, 0x0000000601c00000, 0x0000000601c00000|100%| O|  |TAMS 0x0000000601c00000, 0x0000000601800000| Untracked 
|   7|0x0000000601c00000, 0x0000000602000000, 0x0000000602000000|100%| O|  |TAMS 0x0000000602000000, 0x0000000601c00000| Untracked 
|   8|0x0000000602000000, 0x0000000602400000, 0x0000000602400000|100%| O|  |TAMS 0x0000000602400000, 0x0000000602000000| Untracked 
|   9|0x0000000602400000, 0x0000000602800000, 0x0000000602800000|100%| O|  |TAMS 0x0000000602800000, 0x0000000602400000| Untracked 
|  10|0x0000000602800000, 0x0000000602c00000, 0x0000000602c00000|100%| O|  |TAMS 0x0000000602c00000, 0x0000000602800000| Untracked 
|  11|0x0000000602c00000, 0x0000000603000000, 0x0000000603000000|100%|HS|  |TAMS 0x0000000603000000, 0x0000000602c00000| Complete 
|  12|0x0000000603000000, 0x0000000603400000, 0x0000000603400000|100%|HS|  |TAMS 0x0000000603400000, 0x0000000603000000| Complete 
|  13|0x0000000603400000, 0x0000000603800000, 0x0000000603800000|100%| O|  |TAMS 0x0000000603400000, 0x0000000603400000| Untracked 
|  14|0x0000000603800000, 0x0000000603c00000, 0x0000000603c00000|100%| O|  |TAMS 0x0000000603800000, 0x0000000603800000| Untracked 
|  15|0x0000000603c00000, 0x0000000604000000, 0x0000000604000000|100%| O|  |TAMS 0x0000000604000000, 0x0000000603c00000| Untracked 
|  16|0x0000000604000000, 0x0000000604400000, 0x0000000604400000|100%| O|  |TAMS 0x0000000604400000, 0x0000000604000000| Untracked 
|  17|0x0000000604400000, 0x0000000604800000, 0x0000000604800000|100%| O|  |TAMS 0x0000000604400000, 0x0000000604400000| Untracked 
|  18|0x0000000604800000, 0x0000000604c00000, 0x0000000604c00000|100%| O|  |TAMS 0x0000000604800000, 0x0000000604800000| Untracked 
|  19|0x0000000604c00000, 0x0000000605000000, 0x0000000605000000|100%| O|  |TAMS 0x0000000604c00000, 0x0000000604c00000| Untracked 
|  20|0x0000000605000000, 0x0000000605400000, 0x0000000605400000|100%| O|  |TAMS 0x0000000605400000, 0x0000000605000000| Untracked 
|  21|0x0000000605400000, 0x0000000605800000, 0x0000000605800000|100%| O|  |TAMS 0x0000000605800000, 0x0000000605400000| Untracked 
|  22|0x0000000605800000, 0x0000000605c00000, 0x0000000605c00000|100%| O|  |TAMS 0x0000000605c00000, 0x0000000605800000| Untracked 
|  23|0x0000000605c00000, 0x0000000606000000, 0x0000000606000000|100%| O|  |TAMS 0x0000000605c00000, 0x0000000605c00000| Untracked 
|  24|0x0000000606000000, 0x0000000606400000, 0x0000000606400000|100%| O|  |TAMS 0x0000000606400000, 0x0000000606000000| Untracked 
|  25|0x0000000606400000, 0x0000000606800000, 0x0000000606800000|100%| O|  |TAMS 0x0000000606800000, 0x0000000606400000| Untracked 
|  26|0x0000000606800000, 0x0000000606c00000, 0x0000000606c00000|100%| O|  |TAMS 0x0000000606c00000, 0x0000000606800000| Untracked 
|  27|0x0000000606c00000, 0x0000000607000000, 0x0000000607000000|100%| O|  |TAMS 0x0000000607000000, 0x0000000606c00000| Untracked 
|  28|0x0000000607000000, 0x0000000607400000, 0x0000000607400000|100%|HS|  |TAMS 0x0000000607400000, 0x0000000607000000| Complete 
|  29|0x0000000607400000, 0x0000000607800000, 0x0000000607800000|100%| O|  |TAMS 0x0000000607800000, 0x0000000607400000| Untracked 
|  30|0x0000000607800000, 0x0000000607c00000, 0x0000000607c00000|100%| O|  |TAMS 0x0000000607c00000, 0x0000000607800000| Untracked 
|  31|0x0000000607c00000, 0x0000000608000000, 0x0000000608000000|100%| O|  |TAMS 0x0000000608000000, 0x0000000607c00000| Untracked 
|  32|0x0000000608000000, 0x0000000608400000, 0x0000000608400000|100%| O|  |TAMS 0x0000000608400000, 0x0000000608000000| Untracked 
|  33|0x0000000608400000, 0x0000000608800000, 0x0000000608800000|100%| O|  |TAMS 0x0000000608400000, 0x0000000608400000| Untracked 
|  34|0x0000000608800000, 0x0000000608c00000, 0x0000000608c00000|100%| O|  |TAMS 0x0000000608800000, 0x0000000608800000| Untracked 
|  35|0x0000000608c00000, 0x0000000609000000, 0x0000000609000000|100%| O|  |TAMS 0x0000000608c00000, 0x0000000608c00000| Untracked 
|  36|0x0000000609000000, 0x0000000609400000, 0x0000000609400000|100%| O|  |TAMS 0x0000000609000000, 0x0000000609000000| Untracked 
|  37|0x0000000609400000, 0x0000000609800000, 0x0000000609800000|100%| O|  |TAMS 0x0000000609400000, 0x0000000609400000| Untracked 
|  38|0x0000000609800000, 0x0000000609c00000, 0x0000000609c00000|100%| O|  |TAMS 0x0000000609800000, 0x0000000609800000| Untracked 
|  39|0x0000000609c00000, 0x000000060a000000, 0x000000060a000000|100%| O|  |TAMS 0x0000000609c00000, 0x0000000609c00000| Untracked 
|  40|0x000000060a000000, 0x000000060a400000, 0x000000060a400000|100%| O|  |TAMS 0x000000060a000000, 0x000000060a000000| Untracked 
|  41|0x000000060a400000, 0x000000060a800000, 0x000000060a800000|100%| O|  |TAMS 0x000000060a400000, 0x000000060a400000| Untracked 
|  42|0x000000060a800000, 0x000000060ac00000, 0x000000060ac00000|100%| O|  |TAMS 0x000000060a800000, 0x000000060a800000| Untracked 
|  43|0x000000060ac00000, 0x000000060b000000, 0x000000060b000000|100%| O|  |TAMS 0x000000060ac00000, 0x000000060ac00000| Untracked 
|  44|0x000000060b000000, 0x000000060b400000, 0x000000060b400000|100%| O|  |TAMS 0x000000060b400000, 0x000000060b000000| Untracked 
|  45|0x000000060b400000, 0x000000060b800000, 0x000000060b800000|100%| O|  |TAMS 0x000000060b400000, 0x000000060b400000| Untracked 
|  46|0x000000060b800000, 0x000000060bc00000, 0x000000060bc00000|100%| O|  |TAMS 0x000000060b800000, 0x000000060b800000| Untracked 
|  47|0x000000060bc00000, 0x000000060c000000, 0x000000060c000000|100%| O|  |TAMS 0x000000060c000000, 0x000000060bc00000| Untracked 
|  48|0x000000060c000000, 0x000000060c400000, 0x000000060c400000|100%| O|  |TAMS 0x000000060c400000, 0x000000060c000000| Untracked 
|  49|0x000000060c400000, 0x000000060c800000, 0x000000060c800000|100%| O|  |TAMS 0x000000060c800000, 0x000000060c400000| Untracked 
|  50|0x000000060c800000, 0x000000060cc00000, 0x000000060cc00000|100%| O|  |TAMS 0x000000060c800000, 0x000000060c800000| Untracked 
|  51|0x000000060cc00000, 0x000000060d000000, 0x000000060d000000|100%| O|  |TAMS 0x000000060cc00000, 0x000000060cc00000| Untracked 
|  52|0x000000060d000000, 0x000000060d400000, 0x000000060d400000|100%| O|  |TAMS 0x000000060d000000, 0x000000060d000000| Untracked 
|  53|0x000000060d400000, 0x000000060d800000, 0x000000060d800000|100%| O|  |TAMS 0x000000060d800000, 0x000000060d400000| Untracked 
|  54|0x000000060d800000, 0x000000060dc00000, 0x000000060dc00000|100%| O|  |TAMS 0x000000060dc00000, 0x000000060d800000| Untracked 
|  55|0x000000060dc00000, 0x000000060e000000, 0x000000060e000000|100%| O|  |TAMS 0x000000060dc00000, 0x000000060dc00000| Untracked 
|  56|0x000000060e000000, 0x000000060e400000, 0x000000060e400000|100%| O|  |TAMS 0x000000060e000000, 0x000000060e000000| Untracked 
|  57|0x000000060e400000, 0x000000060e800000, 0x000000060e800000|100%| O|  |TAMS 0x000000060e400000, 0x000000060e400000| Untracked 
|  58|0x000000060e800000, 0x000000060ec00000, 0x000000060ec00000|100%| O|  |TAMS 0x000000060e800000, 0x000000060e800000| Untracked 
|  59|0x000000060ec00000, 0x000000060f000000, 0x000000060f000000|100%| O|  |TAMS 0x000000060ec00000, 0x000000060ec00000| Untracked 
|  60|0x000000060f000000, 0x000000060f400000, 0x000000060f400000|100%| O|  |TAMS 0x000000060f000000, 0x000000060f000000| Untracked 
|  61|0x000000060f400000, 0x000000060f800000, 0x000000060f800000|100%| O|  |TAMS 0x000000060f800000, 0x000000060f400000| Untracked 
|  62|0x000000060f800000, 0x000000060fc00000, 0x000000060fc00000|100%|HS|  |TAMS 0x000000060fc00000, 0x000000060f800000| Complete 
|  63|0x000000060fc00000, 0x0000000610000000, 0x0000000610000000|100%| O|  |TAMS 0x0000000610000000, 0x000000060fc00000| Untracked 
|  64|0x0000000610000000, 0x0000000610400000, 0x0000000610400000|100%| O|  |TAMS 0x0000000610400000, 0x0000000610000000| Untracked 
|  65|0x0000000610400000, 0x0000000610800000, 0x0000000610800000|100%| O|  |TAMS 0x0000000610800000, 0x0000000610400000| Untracked 
|  66|0x0000000610800000, 0x0000000610c00000, 0x0000000610c00000|100%| O|  |TAMS 0x0000000610c00000, 0x0000000610800000| Untracked 
|  67|0x0000000610c00000, 0x0000000611000000, 0x0000000611000000|100%| O|  |TAMS 0x0000000611000000, 0x0000000610c00000| Untracked 
|  68|0x0000000611000000, 0x0000000611400000, 0x0000000611400000|100%| O|  |TAMS 0x0000000611400000, 0x0000000611000000| Untracked 
|  69|0x0000000611400000, 0x0000000611800000, 0x0000000611800000|100%| O|  |TAMS 0x0000000611800000, 0x0000000611400000| Untracked 
|  70|0x0000000611800000, 0x0000000611c00000, 0x0000000611c00000|100%| O|  |TAMS 0x0000000611c00000, 0x0000000611800000| Untracked 
|  71|0x0000000611c00000, 0x0000000612000000, 0x0000000612000000|100%| O|  |TAMS 0x0000000612000000, 0x0000000611c00000| Untracked 
|  72|0x0000000612000000, 0x0000000612400000, 0x0000000612400000|100%| O|  |TAMS 0x0000000612400000, 0x0000000612000000| Untracked 
|  73|0x0000000612400000, 0x0000000612800000, 0x0000000612800000|100%| O|  |TAMS 0x0000000612400000, 0x0000000612400000| Untracked 
|  74|0x0000000612800000, 0x0000000612c00000, 0x0000000612c00000|100%| O|  |TAMS 0x0000000612c00000, 0x0000000612800000| Untracked 
|  75|0x0000000612c00000, 0x0000000613000000, 0x0000000613000000|100%| O|  |TAMS 0x0000000612c00000, 0x0000000612c00000| Untracked 
|  76|0x0000000613000000, 0x0000000613400000, 0x0000000613400000|100%| O|  |TAMS 0x000000061303dc00, 0x0000000613000000| Untracked 
|  77|0x0000000613400000, 0x0000000613800000, 0x0000000613800000|100%| O|  |TAMS 0x0000000613400000, 0x0000000613400000| Untracked 
|  78|0x0000000613800000, 0x0000000613c00000, 0x0000000613c00000|100%| O|  |TAMS 0x0000000613800000, 0x0000000613800000| Untracked 
|  79|0x0000000613c00000, 0x0000000614000000, 0x0000000614000000|100%| O|  |TAMS 0x0000000613c00000, 0x0000000613c00000| Untracked 
|  80|0x0000000614000000, 0x0000000614400000, 0x0000000614400000|100%| O|  |TAMS 0x0000000614000000, 0x0000000614000000| Untracked 
|  81|0x0000000614400000, 0x0000000614800000, 0x0000000614800000|100%| O|  |TAMS 0x0000000614400000, 0x0000000614400000| Untracked 
|  82|0x0000000614800000, 0x0000000614c00000, 0x0000000614c00000|100%| O|  |TAMS 0x0000000614800000, 0x0000000614800000| Untracked 
|  83|0x0000000614c00000, 0x0000000615000000, 0x0000000615000000|100%| O|  |TAMS 0x0000000614c00000, 0x0000000614c00000| Untracked 
|  84|0x0000000615000000, 0x0000000615400000, 0x0000000615400000|100%| O|  |TAMS 0x0000000615000000, 0x0000000615000000| Untracked 
|  85|0x0000000615400000, 0x0000000615800000, 0x0000000615800000|100%| O|  |TAMS 0x0000000615400000, 0x0000000615400000| Untracked 
|  86|0x0000000615800000, 0x0000000615c00000, 0x0000000615c00000|100%| O|  |TAMS 0x0000000615800000, 0x0000000615800000| Untracked 
|  87|0x0000000615c00000, 0x0000000616000000, 0x0000000616000000|100%| O|  |TAMS 0x0000000615c00000, 0x0000000615c00000| Untracked 
|  88|0x0000000616000000, 0x0000000616400000, 0x0000000616400000|100%| O|  |TAMS 0x0000000616000000, 0x0000000616000000| Untracked 
|  89|0x0000000616400000, 0x0000000616800000, 0x0000000616800000|100%| O|  |TAMS 0x0000000616400000, 0x0000000616400000| Untracked 
|  90|0x0000000616800000, 0x0000000616c00000, 0x0000000616c00000|100%| O|  |TAMS 0x0000000616800000, 0x0000000616800000| Untracked 
|  91|0x0000000616c00000, 0x0000000617000000, 0x0000000617000000|100%| O|  |TAMS 0x0000000616c00000, 0x0000000616c00000| Untracked 
|  92|0x0000000617000000, 0x0000000617400000, 0x0000000617400000|100%| O|  |TAMS 0x0000000617000000, 0x0000000617000000| Untracked 
|  93|0x0000000617400000, 0x0000000617800000, 0x0000000617800000|100%| O|  |TAMS 0x0000000617400000, 0x0000000617400000| Untracked 
|  94|0x0000000617800000, 0x0000000617c00000, 0x0000000617c00000|100%| O|  |TAMS 0x0000000617800000, 0x0000000617800000| Untracked 
|  95|0x0000000617c00000, 0x0000000618000000, 0x0000000618000000|100%| O|  |TAMS 0x0000000617c00000, 0x0000000617c00000| Untracked 
|  96|0x0000000618000000, 0x0000000618400000, 0x0000000618400000|100%| O|  |TAMS 0x0000000618000000, 0x0000000618000000| Untracked 
|  97|0x0000000618400000, 0x0000000618800000, 0x0000000618800000|100%| O|  |TAMS 0x0000000618400000, 0x0000000618400000| Untracked 
|  98|0x0000000618800000, 0x0000000618c00000, 0x0000000618c00000|100%| O|  |TAMS 0x0000000618800000, 0x0000000618800000| Untracked 
|  99|0x0000000618c00000, 0x0000000619000000, 0x0000000619000000|100%| O|  |TAMS 0x0000000618c00000, 0x0000000618c00000| Untracked 
| 100|0x0000000619000000, 0x0000000619400000, 0x0000000619400000|100%| O|  |TAMS 0x0000000619000000, 0x0000000619000000| Untracked 
| 101|0x0000000619400000, 0x0000000619800000, 0x0000000619800000|100%| O|  |TAMS 0x0000000619400000, 0x0000000619400000| Untracked 
| 102|0x0000000619800000, 0x0000000619c00000, 0x0000000619c00000|100%| O|  |TAMS 0x0000000619800000, 0x0000000619800000| Untracked 
| 103|0x0000000619c00000, 0x000000061a000000, 0x000000061a000000|100%| O|  |TAMS 0x0000000619c00000, 0x0000000619c00000| Untracked 
| 104|0x000000061a000000, 0x000000061a400000, 0x000000061a400000|100%| O|  |TAMS 0x000000061a000000, 0x000000061a000000| Untracked 
| 105|0x000000061a400000, 0x000000061a800000, 0x000000061a800000|100%| O|  |TAMS 0x000000061a400000, 0x000000061a400000| Untracked 
| 106|0x000000061a800000, 0x000000061ac00000, 0x000000061ac00000|100%| O|  |TAMS 0x000000061a800000, 0x000000061a800000| Untracked 
| 107|0x000000061ac00000, 0x000000061b000000, 0x000000061b000000|100%| O|  |TAMS 0x000000061ac00000, 0x000000061ac00000| Untracked 
| 108|0x000000061b000000, 0x000000061b400000, 0x000000061b400000|100%| O|  |TAMS 0x000000061b000000, 0x000000061b000000| Untracked 
| 109|0x000000061b400000, 0x000000061b800000, 0x000000061b800000|100%| O|  |TAMS 0x000000061b400000, 0x000000061b400000| Untracked 
| 110|0x000000061b800000, 0x000000061bc00000, 0x000000061bc00000|100%| O|  |TAMS 0x000000061b800000, 0x000000061b800000| Untracked 
| 111|0x000000061bc00000, 0x000000061c000000, 0x000000061c000000|100%| O|  |TAMS 0x000000061bc00000, 0x000000061bc00000| Untracked 
| 112|0x000000061c000000, 0x000000061c400000, 0x000000061c400000|100%| O|  |TAMS 0x000000061c000000, 0x000000061c000000| Untracked 
| 113|0x000000061c400000, 0x000000061c800000, 0x000000061c800000|100%| O|  |TAMS 0x000000061c400000, 0x000000061c400000| Untracked 
| 114|0x000000061c800000, 0x000000061cc00000, 0x000000061cc00000|100%| O|  |TAMS 0x000000061c800000, 0x000000061c800000| Untracked 
| 115|0x000000061cc00000, 0x000000061d000000, 0x000000061d000000|100%| O|  |TAMS 0x000000061cc00000, 0x000000061cc00000| Untracked 
| 116|0x000000061d000000, 0x000000061d400000, 0x000000061d400000|100%| O|  |TAMS 0x000000061d000000, 0x000000061d000000| Untracked 
| 117|0x000000061d400000, 0x000000061d800000, 0x000000061d800000|100%| O|  |TAMS 0x000000061d400000, 0x000000061d400000| Untracked 
| 118|0x000000061d800000, 0x000000061dc00000, 0x000000061dc00000|100%| O|  |TAMS 0x000000061d800000, 0x000000061d800000| Untracked 
| 119|0x000000061dc00000, 0x000000061e000000, 0x000000061e000000|100%| O|  |TAMS 0x000000061dc00000, 0x000000061dc00000| Untracked 
| 120|0x000000061e000000, 0x000000061e400000, 0x000000061e400000|100%| O|  |TAMS 0x000000061e000000, 0x000000061e000000| Untracked 
| 121|0x000000061e400000, 0x000000061e800000, 0x000000061e800000|100%| O|  |TAMS 0x000000061e400000, 0x000000061e400000| Untracked 
| 122|0x000000061e800000, 0x000000061ec00000, 0x000000061ec00000|100%| O|  |TAMS 0x000000061e800000, 0x000000061e800000| Untracked 
| 123|0x000000061ec00000, 0x000000061f000000, 0x000000061f000000|100%| O|  |TAMS 0x000000061ec00000, 0x000000061ec00000| Untracked 
| 124|0x000000061f000000, 0x000000061f400000, 0x000000061f400000|100%| O|  |TAMS 0x000000061f000000, 0x000000061f000000| Untracked 
| 125|0x000000061f400000, 0x000000061f800000, 0x000000061f800000|100%| O|  |TAMS 0x000000061f400000, 0x000000061f400000| Untracked 
| 126|0x000000061f800000, 0x000000061fc00000, 0x000000061fc00000|100%| O|  |TAMS 0x000000061f800000, 0x000000061f800000| Untracked 
| 127|0x000000061fc00000, 0x0000000620000000, 0x0000000620000000|100%| O|  |TAMS 0x000000061fc00000, 0x000000061fc00000| Untracked 
| 128|0x0000000620000000, 0x0000000620400000, 0x0000000620400000|100%| O|  |TAMS 0x0000000620000000, 0x0000000620000000| Untracked 
| 129|0x0000000620400000, 0x0000000620800000, 0x0000000620800000|100%| O|  |TAMS 0x0000000620400000, 0x0000000620400000| Untracked 
| 130|0x0000000620800000, 0x0000000620c00000, 0x0000000620c00000|100%| O|  |TAMS 0x0000000620800000, 0x0000000620800000| Untracked 
| 131|0x0000000620c00000, 0x0000000621000000, 0x0000000621000000|100%| O|  |TAMS 0x0000000620c00000, 0x0000000620c00000| Untracked 
| 132|0x0000000621000000, 0x0000000621400000, 0x0000000621400000|100%| O|  |TAMS 0x0000000621000000, 0x0000000621000000| Untracked 
| 133|0x0000000621400000, 0x0000000621800000, 0x0000000621800000|100%| O|  |TAMS 0x0000000621400000, 0x0000000621400000| Untracked 
| 134|0x0000000621800000, 0x0000000621c00000, 0x0000000621c00000|100%| O|  |TAMS 0x0000000621800000, 0x0000000621800000| Untracked 
| 135|0x0000000621c00000, 0x0000000622000000, 0x0000000622000000|100%| O|  |TAMS 0x0000000621c00000, 0x0000000621c00000| Untracked 
| 136|0x0000000622000000, 0x0000000622400000, 0x0000000622400000|100%| O|  |TAMS 0x0000000622000000, 0x0000000622000000| Untracked 
| 137|0x0000000622400000, 0x0000000622800000, 0x0000000622800000|100%| O|  |TAMS 0x0000000622400000, 0x0000000622400000| Untracked 
| 138|0x0000000622800000, 0x0000000622c00000, 0x0000000622c00000|100%| O|  |TAMS 0x0000000622800000, 0x0000000622800000| Untracked 
| 139|0x0000000622c00000, 0x0000000623000000, 0x0000000623000000|100%| O|  |TAMS 0x0000000622c00000, 0x0000000622c00000| Untracked 
| 140|0x0000000623000000, 0x0000000623400000, 0x0000000623400000|100%| O|  |TAMS 0x0000000623000000, 0x0000000623000000| Untracked 
| 141|0x0000000623400000, 0x0000000623800000, 0x0000000623800000|100%| O|  |TAMS 0x0000000623400000, 0x0000000623400000| Untracked 
| 142|0x0000000623800000, 0x0000000623c00000, 0x0000000623c00000|100%| O|  |TAMS 0x0000000623800000, 0x0000000623800000| Untracked 
| 143|0x0000000623c00000, 0x0000000624000000, 0x0000000624000000|100%| O|  |TAMS 0x0000000623c00000, 0x0000000623c00000| Untracked 
| 144|0x0000000624000000, 0x0000000624400000, 0x0000000624400000|100%| O|  |TAMS 0x0000000624000000, 0x0000000624000000| Untracked 
| 145|0x0000000624400000, 0x0000000624800000, 0x0000000624800000|100%| O|  |TAMS 0x0000000624400000, 0x0000000624400000| Untracked 
| 146|0x0000000624800000, 0x0000000624c00000, 0x0000000624c00000|100%| O|  |TAMS 0x0000000624800000, 0x0000000624800000| Untracked 
| 147|0x0000000624c00000, 0x0000000625000000, 0x0000000625000000|100%| O|  |TAMS 0x0000000624c00000, 0x0000000624c00000| Untracked 
| 148|0x0000000625000000, 0x0000000625400000, 0x0000000625400000|100%| O|  |TAMS 0x0000000625000000, 0x0000000625000000| Untracked 
| 149|0x0000000625400000, 0x0000000625800000, 0x0000000625800000|100%| O|  |TAMS 0x0000000625400000, 0x0000000625400000| Untracked 
| 150|0x0000000625800000, 0x0000000625c00000, 0x0000000625c00000|100%| O|  |TAMS 0x0000000625800000, 0x0000000625800000| Untracked 
| 151|0x0000000625c00000, 0x0000000626000000, 0x0000000626000000|100%| O|  |TAMS 0x0000000625c00000, 0x0000000625c00000| Untracked 
| 152|0x0000000626000000, 0x0000000626400000, 0x0000000626400000|100%| O|  |TAMS 0x0000000626000000, 0x0000000626000000| Untracked 
| 153|0x0000000626400000, 0x0000000626800000, 0x0000000626800000|100%| O|  |TAMS 0x0000000626400000, 0x0000000626400000| Untracked 
| 154|0x0000000626800000, 0x0000000626c00000, 0x0000000626c00000|100%| O|  |TAMS 0x0000000626800000, 0x0000000626800000| Untracked 
| 155|0x0000000626c00000, 0x0000000627000000, 0x0000000627000000|100%| O|  |TAMS 0x0000000626c00000, 0x0000000626c00000| Untracked 
| 156|0x0000000627000000, 0x0000000627400000, 0x0000000627400000|100%| O|  |TAMS 0x0000000627000000, 0x0000000627000000| Untracked 
| 157|0x0000000627400000, 0x0000000627800000, 0x0000000627800000|100%| O|  |TAMS 0x0000000627400000, 0x0000000627400000| Untracked 
| 158|0x0000000627800000, 0x0000000627c00000, 0x0000000627c00000|100%| O|  |TAMS 0x0000000627800000, 0x0000000627800000| Untracked 
| 159|0x0000000627c00000, 0x0000000628000000, 0x0000000628000000|100%| O|  |TAMS 0x0000000627c00000, 0x0000000627c00000| Untracked 
| 160|0x0000000628000000, 0x0000000628400000, 0x0000000628400000|100%| O|  |TAMS 0x0000000628000000, 0x0000000628000000| Untracked 
| 161|0x0000000628400000, 0x0000000628800000, 0x0000000628800000|100%| O|  |TAMS 0x0000000628400000, 0x0000000628400000| Untracked 
| 162|0x0000000628800000, 0x0000000628c00000, 0x0000000628c00000|100%| O|  |TAMS 0x0000000628800000, 0x0000000628800000| Untracked 
| 163|0x0000000628c00000, 0x0000000629000000, 0x0000000629000000|100%| O|  |TAMS 0x0000000628c00000, 0x0000000628c00000| Untracked 
| 164|0x0000000629000000, 0x0000000629400000, 0x0000000629400000|100%| O|  |TAMS 0x0000000629000000, 0x0000000629000000| Untracked 
| 165|0x0000000629400000, 0x0000000629800000, 0x0000000629800000|100%| O|  |TAMS 0x0000000629400000, 0x0000000629400000| Untracked 
| 166|0x0000000629800000, 0x0000000629c00000, 0x0000000629c00000|100%| O|  |TAMS 0x0000000629800000, 0x0000000629800000| Untracked 
| 167|0x0000000629c00000, 0x000000062a000000, 0x000000062a000000|100%| O|  |TAMS 0x0000000629c00000, 0x0000000629c00000| Untracked 
| 168|0x000000062a000000, 0x000000062a400000, 0x000000062a400000|100%| O|  |TAMS 0x000000062a000000, 0x000000062a000000| Untracked 
| 169|0x000000062a400000, 0x000000062a800000, 0x000000062a800000|100%| O|  |TAMS 0x000000062a400000, 0x000000062a400000| Untracked 
| 170|0x000000062a800000, 0x000000062ac00000, 0x000000062ac00000|100%| O|  |TAMS 0x000000062a800000, 0x000000062a800000| Untracked 
| 171|0x000000062ac00000, 0x000000062b000000, 0x000000062b000000|100%| O|  |TAMS 0x000000062ac00000, 0x000000062ac00000| Untracked 
| 172|0x000000062b000000, 0x000000062b400000, 0x000000062b400000|100%| O|  |TAMS 0x000000062b000000, 0x000000062b000000| Untracked 
| 173|0x000000062b400000, 0x000000062b800000, 0x000000062b800000|100%| O|  |TAMS 0x000000062b400000, 0x000000062b400000| Untracked 
| 174|0x000000062b800000, 0x000000062bc00000, 0x000000062bc00000|100%| O|  |TAMS 0x000000062b800000, 0x000000062b800000| Untracked 
| 175|0x000000062bc00000, 0x000000062c000000, 0x000000062c000000|100%| O|  |TAMS 0x000000062bc00000, 0x000000062bc00000| Untracked 
| 176|0x000000062c000000, 0x000000062c400000, 0x000000062c400000|100%| O|  |TAMS 0x000000062c000000, 0x000000062c000000| Untracked 
| 177|0x000000062c400000, 0x000000062c800000, 0x000000062c800000|100%| O|  |TAMS 0x000000062c400000, 0x000000062c400000| Untracked 
| 178|0x000000062c800000, 0x000000062cc00000, 0x000000062cc00000|100%| O|  |TAMS 0x000000062c800000, 0x000000062c800000| Untracked 
| 179|0x000000062cc00000, 0x000000062d000000, 0x000000062d000000|100%| O|  |TAMS 0x000000062cc00000, 0x000000062cc00000| Untracked 
| 180|0x000000062d000000, 0x000000062d400000, 0x000000062d400000|100%| O|  |TAMS 0x000000062d000000, 0x000000062d000000| Untracked 
| 181|0x000000062d400000, 0x000000062d800000, 0x000000062d800000|100%|HS|  |TAMS 0x000000062d400000, 0x000000062d400000| Complete 
| 182|0x000000062d800000, 0x000000062dc00000, 0x000000062dc00000|100%| O|  |TAMS 0x000000062d800000, 0x000000062d800000| Untracked 
| 183|0x000000062dc00000, 0x000000062e000000, 0x000000062e000000|100%| O|  |TAMS 0x000000062dc00000, 0x000000062dc00000| Untracked 
| 184|0x000000062e000000, 0x000000062e400000, 0x000000062e400000|100%| O|  |TAMS 0x000000062e000000, 0x000000062e000000| Untracked 
| 185|0x000000062e400000, 0x000000062e800000, 0x000000062e800000|100%| O|  |TAMS 0x000000062e400000, 0x000000062e400000| Untracked 
| 186|0x000000062e800000, 0x000000062ec00000, 0x000000062ec00000|100%| O|  |TAMS 0x000000062e800000, 0x000000062e800000| Untracked 
| 187|0x000000062ec00000, 0x000000062f000000, 0x000000062f000000|100%| O|  |TAMS 0x000000062ec00000, 0x000000062ec00000| Untracked 
| 188|0x000000062f000000, 0x000000062f400000, 0x000000062f400000|100%| O|  |TAMS 0x000000062f000000, 0x000000062f000000| Untracked 
| 189|0x000000062f400000, 0x000000062f800000, 0x000000062f800000|100%| O|  |TAMS 0x000000062f400000, 0x000000062f400000| Untracked 
| 190|0x000000062f800000, 0x000000062fc00000, 0x000000062fc00000|100%| O|  |TAMS 0x000000062f800000, 0x000000062f800000| Untracked 
| 191|0x000000062fc00000, 0x0000000630000000, 0x0000000630000000|100%| O|  |TAMS 0x000000062fc00000, 0x000000062fc00000| Untracked 
| 192|0x0000000630000000, 0x0000000630400000, 0x0000000630400000|100%| O|  |TAMS 0x0000000630000000, 0x0000000630000000| Untracked 
| 193|0x0000000630400000, 0x0000000630800000, 0x0000000630800000|100%| O|  |TAMS 0x0000000630400000, 0x0000000630400000| Untracked 
| 194|0x0000000630800000, 0x0000000630c00000, 0x0000000630c00000|100%| O|  |TAMS 0x0000000630800000, 0x0000000630800000| Untracked 
| 195|0x0000000630c00000, 0x0000000631000000, 0x0000000631000000|100%| O|  |TAMS 0x0000000630c00000, 0x0000000630c00000| Untracked 
| 196|0x0000000631000000, 0x0000000631400000, 0x0000000631400000|100%| O|  |TAMS 0x0000000631000000, 0x0000000631000000| Untracked 
| 197|0x0000000631400000, 0x0000000631800000, 0x0000000631800000|100%| O|  |TAMS 0x0000000631400000, 0x0000000631400000| Untracked 
| 198|0x0000000631800000, 0x0000000631c00000, 0x0000000631c00000|100%| O|  |TAMS 0x0000000631800000, 0x0000000631800000| Untracked 
| 199|0x0000000631c00000, 0x0000000632000000, 0x0000000632000000|100%| O|  |TAMS 0x0000000631c00000, 0x0000000631c00000| Untracked 
| 200|0x0000000632000000, 0x0000000632400000, 0x0000000632400000|100%| O|  |TAMS 0x0000000632000000, 0x0000000632000000| Untracked 
| 201|0x0000000632400000, 0x0000000632800000, 0x0000000632800000|100%| O|  |TAMS 0x0000000632400000, 0x0000000632400000| Untracked 
| 202|0x0000000632800000, 0x0000000632c00000, 0x0000000632c00000|100%| O|  |TAMS 0x0000000632800000, 0x0000000632800000| Untracked 
| 203|0x0000000632c00000, 0x0000000633000000, 0x0000000633000000|100%| O|  |TAMS 0x0000000632c00000, 0x0000000632c00000| Untracked 
| 204|0x0000000633000000, 0x0000000633400000, 0x0000000633400000|100%| O|  |TAMS 0x0000000633000000, 0x0000000633000000| Untracked 
| 205|0x0000000633400000, 0x0000000633800000, 0x0000000633800000|100%| O|  |TAMS 0x0000000633400000, 0x0000000633400000| Untracked 
| 206|0x0000000633800000, 0x0000000633c00000, 0x0000000633c00000|100%| O|  |TAMS 0x0000000633800000, 0x0000000633800000| Untracked 
| 207|0x0000000633c00000, 0x0000000634000000, 0x0000000634000000|100%| O|  |TAMS 0x0000000633c00000, 0x0000000633c00000| Untracked 
| 208|0x0000000634000000, 0x0000000634400000, 0x0000000634400000|100%| O|  |TAMS 0x0000000634000000, 0x0000000634000000| Untracked 
| 209|0x0000000634400000, 0x0000000634800000, 0x0000000634800000|100%| O|  |TAMS 0x0000000634400000, 0x0000000634400000| Untracked 
| 210|0x0000000634800000, 0x0000000634c00000, 0x0000000634c00000|100%| O|  |TAMS 0x0000000634800000, 0x0000000634800000| Untracked 
| 211|0x0000000634c00000, 0x0000000635000000, 0x0000000635000000|100%| O|  |TAMS 0x0000000634c00000, 0x0000000634c00000| Untracked 
| 212|0x0000000635000000, 0x0000000635400000, 0x0000000635400000|100%| O|  |TAMS 0x0000000635000000, 0x0000000635000000| Untracked 
| 213|0x0000000635400000, 0x0000000635800000, 0x0000000635800000|100%| O|  |TAMS 0x0000000635400000, 0x0000000635400000| Untracked 
| 214|0x0000000635800000, 0x0000000635c00000, 0x0000000635c00000|100%| O|  |TAMS 0x0000000635800000, 0x0000000635800000| Untracked 
| 215|0x0000000635c00000, 0x0000000636000000, 0x0000000636000000|100%| O|  |TAMS 0x0000000635c00000, 0x0000000635c00000| Untracked 
| 216|0x0000000636000000, 0x0000000636400000, 0x0000000636400000|100%| O|  |TAMS 0x0000000636000000, 0x0000000636000000| Untracked 
| 217|0x0000000636400000, 0x0000000636800000, 0x0000000636800000|100%| O|  |TAMS 0x0000000636400000, 0x0000000636400000| Untracked 
| 218|0x0000000636800000, 0x0000000636c00000, 0x0000000636c00000|100%| O|  |TAMS 0x0000000636800000, 0x0000000636800000| Untracked 
| 219|0x0000000636c00000, 0x0000000637000000, 0x0000000637000000|100%| O|  |TAMS 0x0000000636c00000, 0x0000000636c00000| Untracked 
| 220|0x0000000637000000, 0x0000000637400000, 0x0000000637400000|100%| O|  |TAMS 0x0000000637000000, 0x0000000637000000| Untracked 
| 221|0x0000000637400000, 0x0000000637800000, 0x0000000637800000|100%| O|  |TAMS 0x0000000637400000, 0x0000000637400000| Untracked 
| 222|0x0000000637800000, 0x0000000637c00000, 0x0000000637c00000|100%| O|  |TAMS 0x0000000637800000, 0x0000000637800000| Untracked 
| 223|0x0000000637c00000, 0x0000000638000000, 0x0000000638000000|100%| O|  |TAMS 0x0000000637c00000, 0x0000000637c00000| Untracked 
| 224|0x0000000638000000, 0x0000000638400000, 0x0000000638400000|100%|HS|  |TAMS 0x0000000638000000, 0x0000000638000000| Complete 
| 225|0x0000000638400000, 0x0000000638800000, 0x0000000638800000|100%| O|  |TAMS 0x0000000638400000, 0x0000000638400000| Untracked 
| 226|0x0000000638800000, 0x0000000638c00000, 0x0000000638c00000|100%| O|  |TAMS 0x0000000638800000, 0x0000000638800000| Untracked 
| 227|0x0000000638c00000, 0x0000000639000000, 0x0000000639000000|100%|HS|  |TAMS 0x0000000638c00000, 0x0000000638c00000| Complete 
| 228|0x0000000639000000, 0x0000000639400000, 0x0000000639400000|100%|HC|  |TAMS 0x0000000639000000, 0x0000000639000000| Complete 
| 229|0x0000000639400000, 0x0000000639800000, 0x0000000639800000|100%| O|  |TAMS 0x0000000639400000, 0x0000000639400000| Untracked 
| 230|0x0000000639800000, 0x0000000639c00000, 0x0000000639c00000|100%| O|  |TAMS 0x0000000639800000, 0x0000000639800000| Untracked 
| 231|0x0000000639c00000, 0x000000063a000000, 0x000000063a000000|100%| O|  |TAMS 0x0000000639c00000, 0x0000000639c00000| Untracked 
| 232|0x000000063a000000, 0x000000063a400000, 0x000000063a400000|100%| O|  |TAMS 0x000000063a000000, 0x000000063a000000| Untracked 
| 233|0x000000063a400000, 0x000000063a800000, 0x000000063a800000|100%| O|  |TAMS 0x000000063a400000, 0x000000063a400000| Untracked 
| 234|0x000000063a800000, 0x000000063ac00000, 0x000000063ac00000|100%| O|  |TAMS 0x000000063a800000, 0x000000063a800000| Untracked 
| 235|0x000000063ac00000, 0x000000063b000000, 0x000000063b000000|100%| O|  |TAMS 0x000000063ac00000, 0x000000063ac00000| Untracked 
| 236|0x000000063b000000, 0x000000063b400000, 0x000000063b400000|100%| O|  |TAMS 0x000000063b000000, 0x000000063b000000| Untracked 
| 237|0x000000063b400000, 0x000000063b800000, 0x000000063b800000|100%| O|  |TAMS 0x000000063b400000, 0x000000063b400000| Untracked 
| 238|0x000000063b800000, 0x000000063bc00000, 0x000000063bc00000|100%| O|  |TAMS 0x000000063b800000, 0x000000063b800000| Untracked 
| 239|0x000000063bc00000, 0x000000063c000000, 0x000000063c000000|100%| O|  |TAMS 0x000000063bc00000, 0x000000063bc00000| Untracked 
| 240|0x000000063c000000, 0x000000063c400000, 0x000000063c400000|100%| O|  |TAMS 0x000000063c000000, 0x000000063c000000| Untracked 
| 241|0x000000063c400000, 0x000000063c800000, 0x000000063c800000|100%| O|  |TAMS 0x000000063c400000, 0x000000063c400000| Untracked 
| 242|0x000000063c800000, 0x000000063cc00000, 0x000000063cc00000|100%| O|  |TAMS 0x000000063c800000, 0x000000063c800000| Untracked 
| 243|0x000000063cc00000, 0x000000063d000000, 0x000000063d000000|100%| O|  |TAMS 0x000000063cc00000, 0x000000063cc00000| Untracked 
| 244|0x000000063d000000, 0x000000063d400000, 0x000000063d400000|100%| O|  |TAMS 0x000000063d000000, 0x000000063d000000| Untracked 
| 245|0x000000063d400000, 0x000000063d800000, 0x000000063d800000|100%| O|  |TAMS 0x000000063d400000, 0x000000063d400000| Untracked 
| 246|0x000000063d800000, 0x000000063dc00000, 0x000000063dc00000|100%| O|  |TAMS 0x000000063d800000, 0x000000063d800000| Untracked 
| 247|0x000000063dc00000, 0x000000063e000000, 0x000000063e000000|100%| O|  |TAMS 0x000000063dc00000, 0x000000063dc00000| Untracked 
| 248|0x000000063e000000, 0x000000063e400000, 0x000000063e400000|100%| O|  |TAMS 0x000000063e000000, 0x000000063e000000| Untracked 
| 249|0x000000063e400000, 0x000000063e800000, 0x000000063e800000|100%| O|  |TAMS 0x000000063e400000, 0x000000063e400000| Untracked 
| 250|0x000000063e800000, 0x000000063ec00000, 0x000000063ec00000|100%| O|  |TAMS 0x000000063e800000, 0x000000063e800000| Untracked 
| 251|0x000000063ec00000, 0x000000063f000000, 0x000000063f000000|100%| O|  |TAMS 0x000000063ec00000, 0x000000063ec00000| Untracked 
| 252|0x000000063f000000, 0x000000063f400000, 0x000000063f400000|100%| O|  |TAMS 0x000000063f000000, 0x000000063f000000| Untracked 
| 253|0x000000063f400000, 0x000000063f800000, 0x000000063f800000|100%| O|  |TAMS 0x000000063f400000, 0x000000063f400000| Untracked 
| 254|0x000000063f800000, 0x000000063fc00000, 0x000000063fc00000|100%| O|  |TAMS 0x000000063f800000, 0x000000063f800000| Untracked 
| 255|0x000000063fc00000, 0x0000000640000000, 0x0000000640000000|100%| O|  |TAMS 0x000000063fc00000, 0x000000063fc00000| Untracked 
| 256|0x0000000640000000, 0x0000000640400000, 0x0000000640400000|100%|HS|  |TAMS 0x0000000640000000, 0x0000000640000000| Complete 
| 257|0x0000000640400000, 0x0000000640800000, 0x0000000640800000|100%| O|  |TAMS 0x0000000640400000, 0x0000000640400000| Untracked 
| 258|0x0000000640800000, 0x0000000640c00000, 0x0000000640c00000|100%| O|  |TAMS 0x0000000640800000, 0x0000000640800000| Untracked 
| 259|0x0000000640c00000, 0x0000000641000000, 0x0000000641000000|100%| O|  |TAMS 0x0000000640c00000, 0x0000000640c00000| Untracked 
| 260|0x0000000641000000, 0x0000000641400000, 0x0000000641400000|100%|HS|  |TAMS 0x0000000641000000, 0x0000000641000000| Complete 
| 261|0x0000000641400000, 0x0000000641800000, 0x0000000641800000|100%| O|  |TAMS 0x0000000641400000, 0x0000000641400000| Untracked 
| 262|0x0000000641800000, 0x0000000641c00000, 0x0000000641c00000|100%| O|  |TAMS 0x0000000641800000, 0x0000000641800000| Untracked 
| 263|0x0000000641c00000, 0x0000000642000000, 0x0000000642000000|100%| O|  |TAMS 0x0000000641c00000, 0x0000000641c00000| Untracked 
| 264|0x0000000642000000, 0x0000000642400000, 0x0000000642400000|100%| O|  |TAMS 0x0000000642000000, 0x0000000642000000| Untracked 
| 265|0x0000000642400000, 0x0000000642800000, 0x0000000642800000|100%| O|  |TAMS 0x0000000642400000, 0x0000000642400000| Untracked 
| 266|0x0000000642800000, 0x0000000642c00000, 0x0000000642c00000|100%| O|  |TAMS 0x0000000642800000, 0x0000000642800000| Untracked 
| 267|0x0000000642c00000, 0x0000000643000000, 0x0000000643000000|100%| O|  |TAMS 0x0000000642c00000, 0x0000000642c00000| Untracked 
| 268|0x0000000643000000, 0x0000000643400000, 0x0000000643400000|100%| O|  |TAMS 0x0000000643000000, 0x0000000643000000| Untracked 
| 269|0x0000000643400000, 0x0000000643800000, 0x0000000643800000|100%| O|  |TAMS 0x0000000643400000, 0x0000000643400000| Untracked 
| 270|0x0000000643800000, 0x0000000643c00000, 0x0000000643c00000|100%| O|  |TAMS 0x0000000643800000, 0x0000000643800000| Untracked 
| 271|0x0000000643c00000, 0x0000000644000000, 0x0000000644000000|100%|HS|  |TAMS 0x0000000643c00000, 0x0000000643c00000| Complete 
| 272|0x0000000644000000, 0x0000000644400000, 0x0000000644400000|100%| O|  |TAMS 0x0000000644000000, 0x0000000644000000| Untracked 
| 273|0x0000000644400000, 0x0000000644800000, 0x0000000644800000|100%| O|  |TAMS 0x0000000644400000, 0x0000000644400000| Untracked 
| 274|0x0000000644800000, 0x0000000644c00000, 0x0000000644c00000|100%| O|  |TAMS 0x0000000644800000, 0x0000000644800000| Untracked 
| 275|0x0000000644c00000, 0x0000000645000000, 0x0000000645000000|100%| O|  |TAMS 0x0000000644c00000, 0x0000000644c00000| Untracked 
| 276|0x0000000645000000, 0x0000000645400000, 0x0000000645400000|100%| O|  |TAMS 0x0000000645000000, 0x0000000645000000| Untracked 
| 277|0x0000000645400000, 0x0000000645800000, 0x0000000645800000|100%| O|  |TAMS 0x0000000645400000, 0x0000000645400000| Untracked 
| 278|0x0000000645800000, 0x0000000645c00000, 0x0000000645c00000|100%| O|  |TAMS 0x0000000645800000, 0x0000000645800000| Untracked 
| 279|0x0000000645c00000, 0x0000000646000000, 0x0000000646000000|100%| O|  |TAMS 0x0000000645c00000, 0x0000000645c00000| Untracked 
| 280|0x0000000646000000, 0x0000000646400000, 0x0000000646400000|100%| O|  |TAMS 0x0000000646000000, 0x0000000646000000| Untracked 
| 281|0x0000000646400000, 0x0000000646800000, 0x0000000646800000|100%| O|  |TAMS 0x0000000646400000, 0x0000000646400000| Untracked 
| 282|0x0000000646800000, 0x0000000646c00000, 0x0000000646c00000|100%| O|  |TAMS 0x0000000646800000, 0x0000000646800000| Untracked 
| 283|0x0000000646c00000, 0x0000000647000000, 0x0000000647000000|100%| O|  |TAMS 0x0000000646c00000, 0x0000000646c00000| Untracked 
| 284|0x0000000647000000, 0x0000000647400000, 0x0000000647400000|100%| O|  |TAMS 0x0000000647000000, 0x0000000647000000| Untracked 
| 285|0x0000000647400000, 0x0000000647800000, 0x0000000647800000|100%| O|  |TAMS 0x0000000647400000, 0x0000000647400000| Untracked 
| 286|0x0000000647800000, 0x0000000647c00000, 0x0000000647c00000|100%| O|  |TAMS 0x0000000647800000, 0x0000000647800000| Untracked 
| 287|0x0000000647c00000, 0x0000000648000000, 0x0000000648000000|100%| O|  |TAMS 0x0000000647c00000, 0x0000000647c00000| Untracked 
| 288|0x0000000648000000, 0x0000000648400000, 0x0000000648400000|100%| O|  |TAMS 0x0000000648000000, 0x0000000648000000| Untracked 
| 289|0x0000000648400000, 0x0000000648800000, 0x0000000648800000|100%| O|  |TAMS 0x0000000648400000, 0x0000000648400000| Untracked 
| 290|0x0000000648800000, 0x0000000648c00000, 0x0000000648c00000|100%| O|  |TAMS 0x0000000648800000, 0x0000000648800000| Untracked 
| 291|0x0000000648c00000, 0x0000000649000000, 0x0000000649000000|100%| O|  |TAMS 0x0000000648c00000, 0x0000000648c00000| Untracked 
| 292|0x0000000649000000, 0x0000000649400000, 0x0000000649400000|100%| O|  |TAMS 0x0000000649000000, 0x0000000649000000| Untracked 
| 293|0x0000000649400000, 0x0000000649800000, 0x0000000649800000|100%| O|  |TAMS 0x0000000649400000, 0x0000000649400000| Untracked 
| 294|0x0000000649800000, 0x0000000649c00000, 0x0000000649c00000|100%| O|  |TAMS 0x0000000649800000, 0x0000000649800000| Untracked 
| 295|0x0000000649c00000, 0x000000064a000000, 0x000000064a000000|100%| O|  |TAMS 0x0000000649c00000, 0x0000000649c00000| Untracked 
| 296|0x000000064a000000, 0x000000064a400000, 0x000000064a400000|100%| O|  |TAMS 0x000000064a000000, 0x000000064a000000| Untracked 
| 297|0x000000064a400000, 0x000000064a800000, 0x000000064a800000|100%| O|  |TAMS 0x000000064a400000, 0x000000064a400000| Untracked 
| 298|0x000000064a800000, 0x000000064ac00000, 0x000000064ac00000|100%| O|  |TAMS 0x000000064a800000, 0x000000064a800000| Untracked 
| 299|0x000000064ac00000, 0x000000064b000000, 0x000000064b000000|100%| O|  |TAMS 0x000000064ac00000, 0x000000064ac00000| Untracked 
| 300|0x000000064b000000, 0x000000064b400000, 0x000000064b400000|100%| O|  |TAMS 0x000000064b000000, 0x000000064b000000| Untracked 
| 301|0x000000064b400000, 0x000000064b800000, 0x000000064b800000|100%| O|  |TAMS 0x000000064b400000, 0x000000064b400000| Untracked 
| 302|0x000000064b800000, 0x000000064bc00000, 0x000000064bc00000|100%| O|  |TAMS 0x000000064b800000, 0x000000064b800000| Untracked 
| 303|0x000000064bc00000, 0x000000064c000000, 0x000000064c000000|100%| O|  |TAMS 0x000000064bc00000, 0x000000064bc00000| Untracked 
| 304|0x000000064c000000, 0x000000064c400000, 0x000000064c400000|100%| O|  |TAMS 0x000000064c000000, 0x000000064c000000| Untracked 
| 305|0x000000064c400000, 0x000000064c800000, 0x000000064c800000|100%| O|  |TAMS 0x000000064c400000, 0x000000064c400000| Untracked 
| 306|0x000000064c800000, 0x000000064cc00000, 0x000000064cc00000|100%| O|  |TAMS 0x000000064c800000, 0x000000064c800000| Untracked 
| 307|0x000000064cc00000, 0x000000064d000000, 0x000000064d000000|100%| O|  |TAMS 0x000000064cc00000, 0x000000064cc00000| Untracked 
| 308|0x000000064d000000, 0x000000064d400000, 0x000000064d400000|100%| O|  |TAMS 0x000000064d000000, 0x000000064d000000| Untracked 
| 309|0x000000064d400000, 0x000000064d800000, 0x000000064d800000|100%| O|  |TAMS 0x000000064d400000, 0x000000064d400000| Untracked 
| 310|0x000000064d800000, 0x000000064dc00000, 0x000000064dc00000|100%| O|  |TAMS 0x000000064d800000, 0x000000064d800000| Untracked 
| 311|0x000000064dc00000, 0x000000064e000000, 0x000000064e000000|100%| O|  |TAMS 0x000000064dc00000, 0x000000064dc00000| Untracked 
| 312|0x000000064e000000, 0x000000064e400000, 0x000000064e400000|100%| O|  |TAMS 0x000000064e000000, 0x000000064e000000| Untracked 
| 313|0x000000064e400000, 0x000000064e800000, 0x000000064e800000|100%| O|  |TAMS 0x000000064e400000, 0x000000064e400000| Untracked 
| 314|0x000000064e800000, 0x000000064ec00000, 0x000000064ec00000|100%| O|  |TAMS 0x000000064e800000, 0x000000064e800000| Untracked 
| 315|0x000000064ec00000, 0x000000064f000000, 0x000000064f000000|100%| O|  |TAMS 0x000000064ec00000, 0x000000064ec00000| Untracked 
| 316|0x000000064f000000, 0x000000064f400000, 0x000000064f400000|100%| O|  |TAMS 0x000000064f000000, 0x000000064f000000| Untracked 
| 317|0x000000064f400000, 0x000000064f800000, 0x000000064f800000|100%| O|  |TAMS 0x000000064f400000, 0x000000064f400000| Untracked 
| 318|0x000000064f800000, 0x000000064fc00000, 0x000000064fc00000|100%| O|  |TAMS 0x000000064f800000, 0x000000064f800000| Untracked 
| 319|0x000000064fc00000, 0x0000000650000000, 0x0000000650000000|100%| O|  |TAMS 0x000000064fc00000, 0x000000064fc00000| Untracked 
| 320|0x0000000650000000, 0x0000000650400000, 0x0000000650400000|100%| O|  |TAMS 0x0000000650000000, 0x0000000650000000| Untracked 
| 321|0x0000000650400000, 0x0000000650800000, 0x0000000650800000|100%| O|  |TAMS 0x0000000650400000, 0x0000000650400000| Untracked 
| 322|0x0000000650800000, 0x0000000650c00000, 0x0000000650c00000|100%| O|  |TAMS 0x0000000650800000, 0x0000000650800000| Untracked 
| 323|0x0000000650c00000, 0x0000000651000000, 0x0000000651000000|100%| O|  |TAMS 0x0000000650c00000, 0x0000000650c00000| Untracked 
| 324|0x0000000651000000, 0x0000000651400000, 0x0000000651400000|100%| O|  |TAMS 0x0000000651000000, 0x0000000651000000| Untracked 
| 325|0x0000000651400000, 0x0000000651800000, 0x0000000651800000|100%| O|  |TAMS 0x0000000651400000, 0x0000000651400000| Untracked 
| 326|0x0000000651800000, 0x0000000651c00000, 0x0000000651c00000|100%| O|  |TAMS 0x0000000651800000, 0x0000000651800000| Untracked 
| 327|0x0000000651c00000, 0x0000000652000000, 0x0000000652000000|100%| O|  |TAMS 0x0000000651c00000, 0x0000000651c00000| Untracked 
| 328|0x0000000652000000, 0x0000000652400000, 0x0000000652400000|100%| O|  |TAMS 0x0000000652000000, 0x0000000652000000| Untracked 
| 329|0x0000000652400000, 0x0000000652800000, 0x0000000652800000|100%| O|  |TAMS 0x0000000652400000, 0x0000000652400000| Untracked 
| 330|0x0000000652800000, 0x0000000652c00000, 0x0000000652c00000|100%| O|  |TAMS 0x0000000652800000, 0x0000000652800000| Untracked 
| 331|0x0000000652c00000, 0x0000000653000000, 0x0000000653000000|100%| O|  |TAMS 0x0000000652c00000, 0x0000000652c00000| Untracked 
| 332|0x0000000653000000, 0x0000000653400000, 0x0000000653400000|100%| O|  |TAMS 0x0000000653000000, 0x0000000653000000| Untracked 
| 333|0x0000000653400000, 0x0000000653800000, 0x0000000653800000|100%| O|  |TAMS 0x0000000653400000, 0x0000000653400000| Untracked 
| 334|0x0000000653800000, 0x0000000653c00000, 0x0000000653c00000|100%| O|  |TAMS 0x0000000653800000, 0x0000000653800000| Untracked 
| 335|0x0000000653c00000, 0x0000000654000000, 0x0000000654000000|100%| O|  |TAMS 0x0000000653c00000, 0x0000000653c00000| Untracked 
| 336|0x0000000654000000, 0x0000000654400000, 0x0000000654400000|100%| O|  |TAMS 0x0000000654000000, 0x0000000654000000| Untracked 
| 337|0x0000000654400000, 0x0000000654800000, 0x0000000654800000|100%| O|  |TAMS 0x0000000654400000, 0x0000000654400000| Untracked 
| 338|0x0000000654800000, 0x0000000654c00000, 0x0000000654c00000|100%| O|  |TAMS 0x0000000654800000, 0x0000000654800000| Untracked 
| 339|0x0000000654c00000, 0x0000000655000000, 0x0000000655000000|100%| O|  |TAMS 0x0000000654c00000, 0x0000000654c00000| Untracked 
| 340|0x0000000655000000, 0x0000000655400000, 0x0000000655400000|100%| O|  |TAMS 0x0000000655000000, 0x0000000655000000| Untracked 
| 341|0x0000000655400000, 0x0000000655800000, 0x0000000655800000|100%| O|  |TAMS 0x0000000655400000, 0x0000000655400000| Untracked 
| 342|0x0000000655800000, 0x0000000655c00000, 0x0000000655c00000|100%| O|  |TAMS 0x0000000655800000, 0x0000000655800000| Untracked 
| 343|0x0000000655c00000, 0x0000000656000000, 0x0000000656000000|100%| O|  |TAMS 0x0000000655c00000, 0x0000000655c00000| Untracked 
| 344|0x0000000656000000, 0x0000000656400000, 0x0000000656400000|100%| O|  |TAMS 0x0000000656000000, 0x0000000656000000| Untracked 
| 345|0x0000000656400000, 0x0000000656800000, 0x0000000656800000|100%| O|  |TAMS 0x0000000656400000, 0x0000000656400000| Untracked 
| 346|0x0000000656800000, 0x0000000656c00000, 0x0000000656c00000|100%| O|  |TAMS 0x0000000656800000, 0x0000000656800000| Untracked 
| 347|0x0000000656c00000, 0x0000000657000000, 0x0000000657000000|100%| O|  |TAMS 0x0000000656c00000, 0x0000000656c00000| Untracked 
| 348|0x0000000657000000, 0x0000000657400000, 0x0000000657400000|100%| O|  |TAMS 0x0000000657000000, 0x0000000657000000| Untracked 
| 349|0x0000000657400000, 0x0000000657800000, 0x0000000657800000|100%| O|  |TAMS 0x0000000657400000, 0x0000000657400000| Untracked 
| 350|0x0000000657800000, 0x0000000657c00000, 0x0000000657c00000|100%| O|  |TAMS 0x0000000657800000, 0x0000000657800000| Untracked 
| 351|0x0000000657c00000, 0x0000000658000000, 0x0000000658000000|100%| O|  |TAMS 0x0000000657c00000, 0x0000000657c00000| Untracked 
| 352|0x0000000658000000, 0x0000000658400000, 0x0000000658400000|100%|HS|  |TAMS 0x0000000658000000, 0x0000000658000000| Complete 
| 353|0x0000000658400000, 0x0000000658800000, 0x0000000658800000|100%|HS|  |TAMS 0x0000000658400000, 0x0000000658400000| Complete 
| 354|0x0000000658800000, 0x0000000658c00000, 0x0000000658c00000|100%|HC|  |TAMS 0x0000000658800000, 0x0000000658800000| Complete 
| 355|0x0000000658c00000, 0x0000000659000000, 0x0000000659000000|100%|HS|  |TAMS 0x0000000658c00000, 0x0000000658c00000| Complete 
| 356|0x0000000659000000, 0x0000000659400000, 0x0000000659400000|100%|HC|  |TAMS 0x0000000659000000, 0x0000000659000000| Complete 
| 357|0x0000000659400000, 0x0000000659800000, 0x0000000659800000|100%| O|  |TAMS 0x0000000659400000, 0x0000000659400000| Untracked 
| 358|0x0000000659800000, 0x0000000659c00000, 0x0000000659c00000|100%| O|  |TAMS 0x0000000659800000, 0x0000000659800000| Untracked 
| 359|0x0000000659c00000, 0x000000065a000000, 0x000000065a000000|100%| O|  |TAMS 0x0000000659c00000, 0x0000000659c00000| Untracked 
| 360|0x000000065a000000, 0x000000065a400000, 0x000000065a400000|100%| O|  |TAMS 0x000000065a000000, 0x000000065a000000| Untracked 
| 361|0x000000065a400000, 0x000000065a800000, 0x000000065a800000|100%| O|  |TAMS 0x000000065a400000, 0x000000065a400000| Untracked 
| 362|0x000000065a800000, 0x000000065ac00000, 0x000000065ac00000|100%| O|  |TAMS 0x000000065a800000, 0x000000065a800000| Untracked 
| 363|0x000000065ac00000, 0x000000065b000000, 0x000000065b000000|100%| O|  |TAMS 0x000000065ac00000, 0x000000065ac00000| Untracked 
| 364|0x000000065b000000, 0x000000065b400000, 0x000000065b400000|100%| O|  |TAMS 0x000000065b000000, 0x000000065b000000| Untracked 
| 365|0x000000065b400000, 0x000000065b800000, 0x000000065b800000|100%| O|  |TAMS 0x000000065b400000, 0x000000065b400000| Untracked 
| 366|0x000000065b800000, 0x000000065bc00000, 0x000000065bc00000|100%| O|  |TAMS 0x000000065b800000, 0x000000065b800000| Untracked 
| 367|0x000000065bc00000, 0x000000065c000000, 0x000000065c000000|100%| O|  |TAMS 0x000000065bc00000, 0x000000065bc00000| Untracked 
| 368|0x000000065c000000, 0x000000065c400000, 0x000000065c400000|100%| O|  |TAMS 0x000000065c000000, 0x000000065c000000| Untracked 
| 369|0x000000065c400000, 0x000000065c800000, 0x000000065c800000|100%| O|  |TAMS 0x000000065c400000, 0x000000065c400000| Untracked 
| 370|0x000000065c800000, 0x000000065cc00000, 0x000000065cc00000|100%| O|  |TAMS 0x000000065c800000, 0x000000065c800000| Untracked 
| 371|0x000000065cc00000, 0x000000065cd73200, 0x000000065d000000| 36%| O|  |TAMS 0x000000065cc00000, 0x000000065cc00000| Untracked 
| 372|0x000000065d000000, 0x000000065d000000, 0x000000065d400000|  0%| F|  |TAMS 0x000000065d000000, 0x000000065d000000| Untracked 
| 373|0x000000065d400000, 0x000000065d400000, 0x000000065d800000|  0%| F|  |TAMS 0x000000065d400000, 0x000000065d400000| Untracked 
| 374|0x000000065d800000, 0x000000065d800000, 0x000000065dc00000|  0%| F|  |TAMS 0x000000065d800000, 0x000000065d800000| Untracked 
| 375|0x000000065dc00000, 0x000000065dc00000, 0x000000065e000000|  0%| F|  |TAMS 0x000000065dc00000, 0x000000065dc00000| Untracked 
| 376|0x000000065e000000, 0x000000065e000000, 0x000000065e400000|  0%| F|  |TAMS 0x000000065e000000, 0x000000065e000000| Untracked 
| 377|0x000000065e400000, 0x000000065e400000, 0x000000065e800000|  0%| F|  |TAMS 0x000000065e400000, 0x000000065e400000| Untracked 
| 378|0x000000065e800000, 0x000000065e800000, 0x000000065ec00000|  0%| F|  |TAMS 0x000000065e800000, 0x000000065e800000| Untracked 
| 379|0x000000065ec00000, 0x000000065ec00000, 0x000000065f000000|  0%| F|  |TAMS 0x000000065ec00000, 0x000000065ec00000| Untracked 
| 380|0x000000065f000000, 0x000000065f000000, 0x000000065f400000|  0%| F|  |TAMS 0x000000065f000000, 0x000000065f000000| Untracked 
| 381|0x000000065f400000, 0x000000065f400000, 0x000000065f800000|  0%| F|  |TAMS 0x000000065f400000, 0x000000065f400000| Untracked 
| 382|0x000000065f800000, 0x000000065f800000, 0x000000065fc00000|  0%| F|  |TAMS 0x000000065f800000, 0x000000065f800000| Untracked 
| 383|0x000000065fc00000, 0x000000065fc00000, 0x0000000660000000|  0%| F|  |TAMS 0x000000065fc00000, 0x000000065fc00000| Untracked 
| 384|0x0000000660000000, 0x0000000660000000, 0x0000000660400000|  0%| F|  |TAMS 0x0000000660000000, 0x0000000660000000| Untracked 
| 385|0x0000000660400000, 0x0000000660400000, 0x0000000660800000|  0%| F|  |TAMS 0x0000000660400000, 0x0000000660400000| Untracked 
| 386|0x0000000660800000, 0x0000000660800000, 0x0000000660c00000|  0%| F|  |TAMS 0x0000000660800000, 0x0000000660800000| Untracked 
| 387|0x0000000660c00000, 0x0000000660c00000, 0x0000000661000000|  0%| F|  |TAMS 0x0000000660c00000, 0x0000000660c00000| Untracked 
| 388|0x0000000661000000, 0x0000000661000000, 0x0000000661400000|  0%| F|  |TAMS 0x0000000661000000, 0x0000000661000000| Untracked 
| 389|0x0000000661400000, 0x0000000661400000, 0x0000000661800000|  0%| F|  |TAMS 0x0000000661400000, 0x0000000661400000| Untracked 
| 390|0x0000000661800000, 0x0000000661800000, 0x0000000661c00000|  0%| F|  |TAMS 0x0000000661800000, 0x0000000661800000| Untracked 
| 391|0x0000000661c00000, 0x0000000661c00000, 0x0000000662000000|  0%| F|  |TAMS 0x0000000661c00000, 0x0000000661c00000| Untracked 
| 392|0x0000000662000000, 0x0000000662000000, 0x0000000662400000|  0%| F|  |TAMS 0x0000000662000000, 0x0000000662000000| Untracked 
| 393|0x0000000662400000, 0x0000000662400000, 0x0000000662800000|  0%| F|  |TAMS 0x0000000662400000, 0x0000000662400000| Untracked 
| 394|0x0000000662800000, 0x0000000662800000, 0x0000000662c00000|  0%| F|  |TAMS 0x0000000662800000, 0x0000000662800000| Untracked 
| 395|0x0000000662c00000, 0x0000000662c00000, 0x0000000663000000|  0%| F|  |TAMS 0x0000000662c00000, 0x0000000662c00000| Untracked 
| 396|0x0000000663000000, 0x0000000663000000, 0x0000000663400000|  0%| F|  |TAMS 0x0000000663000000, 0x0000000663000000| Untracked 
| 397|0x0000000663400000, 0x0000000663400000, 0x0000000663800000|  0%| F|  |TAMS 0x0000000663400000, 0x0000000663400000| Untracked 
| 398|0x0000000663800000, 0x0000000663800000, 0x0000000663c00000|  0%| F|  |TAMS 0x0000000663800000, 0x0000000663800000| Untracked 
| 399|0x0000000663c00000, 0x0000000663c00000, 0x0000000664000000|  0%| F|  |TAMS 0x0000000663c00000, 0x0000000663c00000| Untracked 
| 400|0x0000000664000000, 0x0000000664000000, 0x0000000664400000|  0%| F|  |TAMS 0x0000000664000000, 0x0000000664000000| Untracked 
| 401|0x0000000664400000, 0x0000000664400000, 0x0000000664800000|  0%| F|  |TAMS 0x0000000664400000, 0x0000000664400000| Untracked 
| 402|0x0000000664800000, 0x0000000664800000, 0x0000000664c00000|  0%| F|  |TAMS 0x0000000664800000, 0x0000000664800000| Untracked 
| 403|0x0000000664c00000, 0x0000000664c00000, 0x0000000665000000|  0%| F|  |TAMS 0x0000000664c00000, 0x0000000664c00000| Untracked 
| 404|0x0000000665000000, 0x0000000665000000, 0x0000000665400000|  0%| F|  |TAMS 0x0000000665000000, 0x0000000665000000| Untracked 
| 405|0x0000000665400000, 0x0000000665400000, 0x0000000665800000|  0%| F|  |TAMS 0x0000000665400000, 0x0000000665400000| Untracked 
| 406|0x0000000665800000, 0x0000000665800000, 0x0000000665c00000|  0%| F|  |TAMS 0x0000000665800000, 0x0000000665800000| Untracked 
| 407|0x0000000665c00000, 0x0000000665c00000, 0x0000000666000000|  0%| F|  |TAMS 0x0000000665c00000, 0x0000000665c00000| Untracked 
| 408|0x0000000666000000, 0x0000000666000000, 0x0000000666400000|  0%| F|  |TAMS 0x0000000666000000, 0x0000000666000000| Untracked 
| 409|0x0000000666400000, 0x0000000666400000, 0x0000000666800000|  0%| F|  |TAMS 0x0000000666400000, 0x0000000666400000| Untracked 
| 410|0x0000000666800000, 0x0000000666800000, 0x0000000666c00000|  0%| F|  |TAMS 0x0000000666800000, 0x0000000666800000| Untracked 
| 411|0x0000000666c00000, 0x0000000666c00000, 0x0000000667000000|  0%| F|  |TAMS 0x0000000666c00000, 0x0000000666c00000| Untracked 
| 412|0x0000000667000000, 0x0000000667000000, 0x0000000667400000|  0%| F|  |TAMS 0x0000000667000000, 0x0000000667000000| Untracked 
| 413|0x0000000667400000, 0x0000000667400000, 0x0000000667800000|  0%| F|  |TAMS 0x0000000667400000, 0x0000000667400000| Untracked 
| 414|0x0000000667800000, 0x0000000667800000, 0x0000000667c00000|  0%| F|  |TAMS 0x0000000667800000, 0x0000000667800000| Untracked 
| 415|0x0000000667c00000, 0x0000000667c00000, 0x0000000668000000|  0%| F|  |TAMS 0x0000000667c00000, 0x0000000667c00000| Untracked 
| 416|0x0000000668000000, 0x0000000668000000, 0x0000000668400000|  0%| F|  |TAMS 0x0000000668000000, 0x0000000668000000| Untracked 
| 417|0x0000000668400000, 0x0000000668400000, 0x0000000668800000|  0%| F|  |TAMS 0x0000000668400000, 0x0000000668400000| Untracked 
| 418|0x0000000668800000, 0x0000000668800000, 0x0000000668c00000|  0%| F|  |TAMS 0x0000000668800000, 0x0000000668800000| Untracked 
| 419|0x0000000668c00000, 0x0000000668c00000, 0x0000000669000000|  0%| F|  |TAMS 0x0000000668c00000, 0x0000000668c00000| Untracked 
| 420|0x0000000669000000, 0x0000000669000000, 0x0000000669400000|  0%| F|  |TAMS 0x0000000669000000, 0x0000000669000000| Untracked 
| 421|0x0000000669400000, 0x0000000669400000, 0x0000000669800000|  0%| F|  |TAMS 0x0000000669400000, 0x0000000669400000| Untracked 
| 422|0x0000000669800000, 0x0000000669800000, 0x0000000669c00000|  0%| F|  |TAMS 0x0000000669800000, 0x0000000669800000| Untracked 
| 423|0x0000000669c00000, 0x0000000669c00000, 0x000000066a000000|  0%| F|  |TAMS 0x0000000669c00000, 0x0000000669c00000| Untracked 
| 424|0x000000066a000000, 0x000000066a000000, 0x000000066a400000|  0%| F|  |TAMS 0x000000066a000000, 0x000000066a000000| Untracked 
| 425|0x000000066a400000, 0x000000066a400000, 0x000000066a800000|  0%| F|  |TAMS 0x000000066a400000, 0x000000066a400000| Untracked 
| 426|0x000000066a800000, 0x000000066a800000, 0x000000066ac00000|  0%| F|  |TAMS 0x000000066a800000, 0x000000066a800000| Untracked 
| 427|0x000000066ac00000, 0x000000066ac00000, 0x000000066b000000|  0%| F|  |TAMS 0x000000066ac00000, 0x000000066ac00000| Untracked 
| 428|0x000000066b000000, 0x000000066b000000, 0x000000066b400000|  0%| F|  |TAMS 0x000000066b000000, 0x000000066b000000| Untracked 
| 429|0x000000066b400000, 0x000000066b400000, 0x000000066b800000|  0%| F|  |TAMS 0x000000066b400000, 0x000000066b400000| Untracked 
| 430|0x000000066b800000, 0x000000066b800000, 0x000000066bc00000|  0%| F|  |TAMS 0x000000066b800000, 0x000000066b800000| Untracked 
| 431|0x000000066bc00000, 0x000000066bc00000, 0x000000066c000000|  0%| F|  |TAMS 0x000000066bc00000, 0x000000066bc00000| Untracked 
| 432|0x000000066c000000, 0x000000066c000000, 0x000000066c400000|  0%| F|  |TAMS 0x000000066c000000, 0x000000066c000000| Untracked 
| 433|0x000000066c400000, 0x000000066c400000, 0x000000066c800000|  0%| F|  |TAMS 0x000000066c400000, 0x000000066c400000| Untracked 
| 434|0x000000066c800000, 0x000000066c800000, 0x000000066cc00000|  0%| F|  |TAMS 0x000000066c800000, 0x000000066c800000| Untracked 
| 435|0x000000066cc00000, 0x000000066cc00000, 0x000000066d000000|  0%| F|  |TAMS 0x000000066cc00000, 0x000000066cc00000| Untracked 
| 436|0x000000066d000000, 0x000000066d000000, 0x000000066d400000|  0%| F|  |TAMS 0x000000066d000000, 0x000000066d000000| Untracked 
| 437|0x000000066d400000, 0x000000066d400000, 0x000000066d800000|  0%| F|  |TAMS 0x000000066d400000, 0x000000066d400000| Untracked 
| 438|0x000000066d800000, 0x000000066d800000, 0x000000066dc00000|  0%| F|  |TAMS 0x000000066d800000, 0x000000066d800000| Untracked 
| 439|0x000000066dc00000, 0x000000066dc00000, 0x000000066e000000|  0%| F|  |TAMS 0x000000066dc00000, 0x000000066dc00000| Untracked 
| 440|0x000000066e000000, 0x000000066e000000, 0x000000066e400000|  0%| F|  |TAMS 0x000000066e000000, 0x000000066e000000| Untracked 
| 441|0x000000066e400000, 0x000000066e400000, 0x000000066e800000|  0%| F|  |TAMS 0x000000066e400000, 0x000000066e400000| Untracked 
| 442|0x000000066e800000, 0x000000066e800000, 0x000000066ec00000|  0%| F|  |TAMS 0x000000066e800000, 0x000000066e800000| Untracked 
| 443|0x000000066ec00000, 0x000000066ec00000, 0x000000066f000000|  0%| F|  |TAMS 0x000000066ec00000, 0x000000066ec00000| Untracked 
| 444|0x000000066f000000, 0x000000066f000000, 0x000000066f400000|  0%| F|  |TAMS 0x000000066f000000, 0x000000066f000000| Untracked 
| 445|0x000000066f400000, 0x000000066f400000, 0x000000066f800000|  0%| F|  |TAMS 0x000000066f400000, 0x000000066f400000| Untracked 
| 446|0x000000066f800000, 0x000000066f800000, 0x000000066fc00000|  0%| F|  |TAMS 0x000000066f800000, 0x000000066f800000| Untracked 
| 447|0x000000066fc00000, 0x000000066fc00000, 0x0000000670000000|  0%| F|  |TAMS 0x000000066fc00000, 0x000000066fc00000| Untracked 
| 448|0x0000000670000000, 0x0000000670000000, 0x0000000670400000|  0%| F|  |TAMS 0x0000000670000000, 0x0000000670000000| Untracked 
| 449|0x0000000670400000, 0x0000000670400000, 0x0000000670800000|  0%| F|  |TAMS 0x0000000670400000, 0x0000000670400000| Untracked 
| 450|0x0000000670800000, 0x0000000670800000, 0x0000000670c00000|  0%| F|  |TAMS 0x0000000670800000, 0x0000000670800000| Untracked 
| 451|0x0000000670c00000, 0x0000000670c00000, 0x0000000671000000|  0%| F|  |TAMS 0x0000000670c00000, 0x0000000670c00000| Untracked 
| 452|0x0000000671000000, 0x0000000671000000, 0x0000000671400000|  0%| F|  |TAMS 0x0000000671000000, 0x0000000671000000| Untracked 
| 453|0x0000000671400000, 0x0000000671400000, 0x0000000671800000|  0%| F|  |TAMS 0x0000000671400000, 0x0000000671400000| Untracked 
| 454|0x0000000671800000, 0x0000000671800000, 0x0000000671c00000|  0%| F|  |TAMS 0x0000000671800000, 0x0000000671800000| Untracked 
| 455|0x0000000671c00000, 0x0000000671c00000, 0x0000000672000000|  0%| F|  |TAMS 0x0000000671c00000, 0x0000000671c00000| Untracked 
| 456|0x0000000672000000, 0x0000000672000000, 0x0000000672400000|  0%| F|  |TAMS 0x0000000672000000, 0x0000000672000000| Untracked 
| 457|0x0000000672400000, 0x0000000672400000, 0x0000000672800000|  0%| F|  |TAMS 0x0000000672400000, 0x0000000672400000| Untracked 
| 458|0x0000000672800000, 0x0000000672800000, 0x0000000672c00000|  0%| F|  |TAMS 0x0000000672800000, 0x0000000672800000| Untracked 
| 459|0x0000000672c00000, 0x0000000672c00000, 0x0000000673000000|  0%| F|  |TAMS 0x0000000672c00000, 0x0000000672c00000| Untracked 
| 460|0x0000000673000000, 0x0000000673000000, 0x0000000673400000|  0%| F|  |TAMS 0x0000000673000000, 0x0000000673000000| Untracked 
| 461|0x0000000673400000, 0x0000000673400000, 0x0000000673800000|  0%| F|  |TAMS 0x0000000673400000, 0x0000000673400000| Untracked 
| 462|0x0000000673800000, 0x0000000673800000, 0x0000000673c00000|  0%| F|  |TAMS 0x0000000673800000, 0x0000000673800000| Untracked 
| 463|0x0000000673c00000, 0x0000000673c00000, 0x0000000674000000|  0%| F|  |TAMS 0x0000000673c00000, 0x0000000673c00000| Untracked 
| 464|0x0000000674000000, 0x0000000674000000, 0x0000000674400000|  0%| F|  |TAMS 0x0000000674000000, 0x0000000674000000| Untracked 
| 465|0x0000000674400000, 0x0000000674400000, 0x0000000674800000|  0%| F|  |TAMS 0x0000000674400000, 0x0000000674400000| Untracked 
| 466|0x0000000674800000, 0x0000000674800000, 0x0000000674c00000|  0%| F|  |TAMS 0x0000000674800000, 0x0000000674800000| Untracked 
| 467|0x0000000674c00000, 0x0000000674c00000, 0x0000000675000000|  0%| F|  |TAMS 0x0000000674c00000, 0x0000000674c00000| Untracked 
| 468|0x0000000675000000, 0x0000000675000000, 0x0000000675400000|  0%| F|  |TAMS 0x0000000675000000, 0x0000000675000000| Untracked 
| 469|0x0000000675400000, 0x0000000675400000, 0x0000000675800000|  0%| F|  |TAMS 0x0000000675400000, 0x0000000675400000| Untracked 
| 470|0x0000000675800000, 0x0000000675800000, 0x0000000675c00000|  0%| F|  |TAMS 0x0000000675800000, 0x0000000675800000| Untracked 
| 471|0x0000000675c00000, 0x0000000675c00000, 0x0000000676000000|  0%| F|  |TAMS 0x0000000675c00000, 0x0000000675c00000| Untracked 
| 472|0x0000000676000000, 0x0000000676000000, 0x0000000676400000|  0%| F|  |TAMS 0x0000000676000000, 0x0000000676000000| Untracked 
| 473|0x0000000676400000, 0x0000000676400000, 0x0000000676800000|  0%| F|  |TAMS 0x0000000676400000, 0x0000000676400000| Untracked 
| 474|0x0000000676800000, 0x0000000676800000, 0x0000000676c00000|  0%| F|  |TAMS 0x0000000676800000, 0x0000000676800000| Untracked 
| 475|0x0000000676c00000, 0x0000000676c00000, 0x0000000677000000|  0%| F|  |TAMS 0x0000000676c00000, 0x0000000676c00000| Untracked 
| 476|0x0000000677000000, 0x0000000677000000, 0x0000000677400000|  0%| F|  |TAMS 0x0000000677000000, 0x0000000677000000| Untracked 
| 477|0x0000000677400000, 0x0000000677400000, 0x0000000677800000|  0%| F|  |TAMS 0x0000000677400000, 0x0000000677400000| Untracked 
| 478|0x0000000677800000, 0x0000000677800000, 0x0000000677c00000|  0%| F|  |TAMS 0x0000000677800000, 0x0000000677800000| Untracked 
| 479|0x0000000677c00000, 0x0000000677c00000, 0x0000000678000000|  0%| F|  |TAMS 0x0000000677c00000, 0x0000000677c00000| Untracked 
| 480|0x0000000678000000, 0x0000000678000000, 0x0000000678400000|  0%| F|  |TAMS 0x0000000678000000, 0x0000000678000000| Untracked 
| 481|0x0000000678400000, 0x0000000678400000, 0x0000000678800000|  0%| F|  |TAMS 0x0000000678400000, 0x0000000678400000| Untracked 
| 482|0x0000000678800000, 0x0000000678800000, 0x0000000678c00000|  0%| F|  |TAMS 0x0000000678800000, 0x0000000678800000| Untracked 
| 483|0x0000000678c00000, 0x0000000678c00000, 0x0000000679000000|  0%| F|  |TAMS 0x0000000678c00000, 0x0000000678c00000| Untracked 
| 484|0x0000000679000000, 0x0000000679000000, 0x0000000679400000|  0%| F|  |TAMS 0x0000000679000000, 0x0000000679000000| Untracked 
| 485|0x0000000679400000, 0x0000000679400000, 0x0000000679800000|  0%| F|  |TAMS 0x0000000679400000, 0x0000000679400000| Untracked 
| 486|0x0000000679800000, 0x0000000679800000, 0x0000000679c00000|  0%| F|  |TAMS 0x0000000679800000, 0x0000000679800000| Untracked 
| 487|0x0000000679c00000, 0x0000000679c00000, 0x000000067a000000|  0%| F|  |TAMS 0x0000000679c00000, 0x0000000679c00000| Untracked 
| 488|0x000000067a000000, 0x000000067a000000, 0x000000067a400000|  0%| F|  |TAMS 0x000000067a000000, 0x000000067a000000| Untracked 
| 489|0x000000067a400000, 0x000000067a400000, 0x000000067a800000|  0%| F|  |TAMS 0x000000067a400000, 0x000000067a400000| Untracked 
| 490|0x000000067a800000, 0x000000067a800000, 0x000000067ac00000|  0%| F|  |TAMS 0x000000067a800000, 0x000000067a800000| Untracked 
| 491|0x000000067ac00000, 0x000000067ac00000, 0x000000067b000000|  0%| F|  |TAMS 0x000000067ac00000, 0x000000067ac00000| Untracked 
| 492|0x000000067b000000, 0x000000067b000000, 0x000000067b400000|  0%| F|  |TAMS 0x000000067b000000, 0x000000067b000000| Untracked 
| 493|0x000000067b400000, 0x000000067b400000, 0x000000067b800000|  0%| F|  |TAMS 0x000000067b400000, 0x000000067b400000| Untracked 
| 494|0x000000067b800000, 0x000000067b800000, 0x000000067bc00000|  0%| F|  |TAMS 0x000000067b800000, 0x000000067b800000| Untracked 
| 495|0x000000067bc00000, 0x000000067bc00000, 0x000000067c000000|  0%| F|  |TAMS 0x000000067bc00000, 0x000000067bc00000| Untracked 
| 496|0x000000067c000000, 0x000000067c000000, 0x000000067c400000|  0%| F|  |TAMS 0x000000067c000000, 0x000000067c000000| Untracked 
| 497|0x000000067c400000, 0x000000067c400000, 0x000000067c800000|  0%| F|  |TAMS 0x000000067c400000, 0x000000067c400000| Untracked 
| 498|0x000000067c800000, 0x000000067c800000, 0x000000067cc00000|  0%| F|  |TAMS 0x000000067c800000, 0x000000067c800000| Untracked 
| 499|0x000000067cc00000, 0x000000067cc00000, 0x000000067d000000|  0%| F|  |TAMS 0x000000067cc00000, 0x000000067cc00000| Untracked 
| 500|0x000000067d000000, 0x000000067d000000, 0x000000067d400000|  0%| F|  |TAMS 0x000000067d000000, 0x000000067d000000| Untracked 
| 501|0x000000067d400000, 0x000000067d400000, 0x000000067d800000|  0%| F|  |TAMS 0x000000067d400000, 0x000000067d400000| Untracked 
| 502|0x000000067d800000, 0x000000067d800000, 0x000000067dc00000|  0%| F|  |TAMS 0x000000067d800000, 0x000000067d800000| Untracked 
| 503|0x000000067dc00000, 0x000000067dc00000, 0x000000067e000000|  0%| F|  |TAMS 0x000000067dc00000, 0x000000067dc00000| Untracked 
| 504|0x000000067e000000, 0x000000067e000000, 0x000000067e400000|  0%| F|  |TAMS 0x000000067e000000, 0x000000067e000000| Untracked 
| 505|0x000000067e400000, 0x000000067e400000, 0x000000067e800000|  0%| F|  |TAMS 0x000000067e400000, 0x000000067e400000| Untracked 
| 506|0x000000067e800000, 0x000000067e800000, 0x000000067ec00000|  0%| F|  |TAMS 0x000000067e800000, 0x000000067e800000| Untracked 
| 507|0x000000067ec00000, 0x000000067ec00000, 0x000000067f000000|  0%| F|  |TAMS 0x000000067ec00000, 0x000000067ec00000| Untracked 
| 508|0x000000067f000000, 0x000000067f000000, 0x000000067f400000|  0%| F|  |TAMS 0x000000067f000000, 0x000000067f000000| Untracked 
| 509|0x000000067f400000, 0x000000067f400000, 0x000000067f800000|  0%| F|  |TAMS 0x000000067f400000, 0x000000067f400000| Untracked 
| 510|0x000000067f800000, 0x000000067f800000, 0x000000067fc00000|  0%| F|  |TAMS 0x000000067f800000, 0x000000067f800000| Untracked 
| 511|0x000000067fc00000, 0x000000067fc00000, 0x0000000680000000|  0%| F|  |TAMS 0x000000067fc00000, 0x000000067fc00000| Untracked 
| 512|0x0000000680000000, 0x0000000680000000, 0x0000000680400000|  0%| F|  |TAMS 0x0000000680000000, 0x0000000680000000| Untracked 
| 513|0x0000000680400000, 0x0000000680400000, 0x0000000680800000|  0%| F|  |TAMS 0x0000000680400000, 0x0000000680400000| Untracked 
| 514|0x0000000680800000, 0x0000000680800000, 0x0000000680c00000|  0%| F|  |TAMS 0x0000000680800000, 0x0000000680800000| Untracked 
| 515|0x0000000680c00000, 0x0000000680c00000, 0x0000000681000000|  0%| F|  |TAMS 0x0000000680c00000, 0x0000000680c00000| Untracked 
| 516|0x0000000681000000, 0x0000000681000000, 0x0000000681400000|  0%| F|  |TAMS 0x0000000681000000, 0x0000000681000000| Untracked 
| 517|0x0000000681400000, 0x0000000681400000, 0x0000000681800000|  0%| F|  |TAMS 0x0000000681400000, 0x0000000681400000| Untracked 
| 518|0x0000000681800000, 0x0000000681800000, 0x0000000681c00000|  0%| F|  |TAMS 0x0000000681800000, 0x0000000681800000| Untracked 
| 519|0x0000000681c00000, 0x0000000681c00000, 0x0000000682000000|  0%| F|  |TAMS 0x0000000681c00000, 0x0000000681c00000| Untracked 
| 520|0x0000000682000000, 0x0000000682000000, 0x0000000682400000|  0%| F|  |TAMS 0x0000000682000000, 0x0000000682000000| Untracked 
| 521|0x0000000682400000, 0x0000000682400000, 0x0000000682800000|  0%| F|  |TAMS 0x0000000682400000, 0x0000000682400000| Untracked 
| 522|0x0000000682800000, 0x0000000682800000, 0x0000000682c00000|  0%| F|  |TAMS 0x0000000682800000, 0x0000000682800000| Untracked 
| 523|0x0000000682c00000, 0x0000000682c00000, 0x0000000683000000|  0%| F|  |TAMS 0x0000000682c00000, 0x0000000682c00000| Untracked 
| 524|0x0000000683000000, 0x0000000683000000, 0x0000000683400000|  0%| F|  |TAMS 0x0000000683000000, 0x0000000683000000| Untracked 
| 525|0x0000000683400000, 0x0000000683400000, 0x0000000683800000|  0%| F|  |TAMS 0x0000000683400000, 0x0000000683400000| Untracked 
| 526|0x0000000683800000, 0x0000000683800000, 0x0000000683c00000|  0%| F|  |TAMS 0x0000000683800000, 0x0000000683800000| Untracked 
| 527|0x0000000683c00000, 0x0000000683c00000, 0x0000000684000000|  0%| F|  |TAMS 0x0000000683c00000, 0x0000000683c00000| Untracked 
| 528|0x0000000684000000, 0x0000000684000000, 0x0000000684400000|  0%| F|  |TAMS 0x0000000684000000, 0x0000000684000000| Untracked 
| 529|0x0000000684400000, 0x0000000684400000, 0x0000000684800000|  0%| F|  |TAMS 0x0000000684400000, 0x0000000684400000| Untracked 
| 530|0x0000000684800000, 0x0000000684800000, 0x0000000684c00000|  0%| F|  |TAMS 0x0000000684800000, 0x0000000684800000| Untracked 
| 531|0x0000000684c00000, 0x0000000684c00000, 0x0000000685000000|  0%| F|  |TAMS 0x0000000684c00000, 0x0000000684c00000| Untracked 
| 532|0x0000000685000000, 0x0000000685000000, 0x0000000685400000|  0%| F|  |TAMS 0x0000000685000000, 0x0000000685000000| Untracked 
| 533|0x0000000685400000, 0x0000000685400000, 0x0000000685800000|  0%| F|  |TAMS 0x0000000685400000, 0x0000000685400000| Untracked 
| 534|0x0000000685800000, 0x0000000685800000, 0x0000000685c00000|  0%| F|  |TAMS 0x0000000685800000, 0x0000000685800000| Untracked 
| 535|0x0000000685c00000, 0x0000000685c00000, 0x0000000686000000|  0%| F|  |TAMS 0x0000000685c00000, 0x0000000685c00000| Untracked 
| 536|0x0000000686000000, 0x0000000686000000, 0x0000000686400000|  0%| F|  |TAMS 0x0000000686000000, 0x0000000686000000| Untracked 
| 537|0x0000000686400000, 0x0000000686400000, 0x0000000686800000|  0%| F|  |TAMS 0x0000000686400000, 0x0000000686400000| Untracked 
| 538|0x0000000686800000, 0x0000000686800000, 0x0000000686c00000|  0%| F|  |TAMS 0x0000000686800000, 0x0000000686800000| Untracked 
| 539|0x0000000686c00000, 0x0000000686c00000, 0x0000000687000000|  0%| F|  |TAMS 0x0000000686c00000, 0x0000000686c00000| Untracked 
| 540|0x0000000687000000, 0x0000000687000000, 0x0000000687400000|  0%| F|  |TAMS 0x0000000687000000, 0x0000000687000000| Untracked 
| 541|0x0000000687400000, 0x0000000687400000, 0x0000000687800000|  0%| F|  |TAMS 0x0000000687400000, 0x0000000687400000| Untracked 
| 542|0x0000000687800000, 0x0000000687800000, 0x0000000687c00000|  0%| F|  |TAMS 0x0000000687800000, 0x0000000687800000| Untracked 
| 543|0x0000000687c00000, 0x0000000687c00000, 0x0000000688000000|  0%| F|  |TAMS 0x0000000687c00000, 0x0000000687c00000| Untracked 
| 544|0x0000000688000000, 0x0000000688000000, 0x0000000688400000|  0%| F|  |TAMS 0x0000000688000000, 0x0000000688000000| Untracked 
| 545|0x0000000688400000, 0x0000000688400000, 0x0000000688800000|  0%| F|  |TAMS 0x0000000688400000, 0x0000000688400000| Untracked 
| 546|0x0000000688800000, 0x0000000688800000, 0x0000000688c00000|  0%| F|  |TAMS 0x0000000688800000, 0x0000000688800000| Untracked 
| 547|0x0000000688c00000, 0x0000000688c00000, 0x0000000689000000|  0%| F|  |TAMS 0x0000000688c00000, 0x0000000688c00000| Untracked 
| 548|0x0000000689000000, 0x0000000689000000, 0x0000000689400000|  0%| F|  |TAMS 0x0000000689000000, 0x0000000689000000| Untracked 
| 549|0x0000000689400000, 0x0000000689400000, 0x0000000689800000|  0%| F|  |TAMS 0x0000000689400000, 0x0000000689400000| Untracked 
| 550|0x0000000689800000, 0x0000000689800000, 0x0000000689c00000|  0%| F|  |TAMS 0x0000000689800000, 0x0000000689800000| Untracked 
| 551|0x0000000689c00000, 0x0000000689c00000, 0x000000068a000000|  0%| F|  |TAMS 0x0000000689c00000, 0x0000000689c00000| Untracked 
| 552|0x000000068a000000, 0x000000068a000000, 0x000000068a400000|  0%| F|  |TAMS 0x000000068a000000, 0x000000068a000000| Untracked 
| 553|0x000000068a400000, 0x000000068a400000, 0x000000068a800000|  0%| F|  |TAMS 0x000000068a400000, 0x000000068a400000| Untracked 
| 554|0x000000068a800000, 0x000000068a800000, 0x000000068ac00000|  0%| F|  |TAMS 0x000000068a800000, 0x000000068a800000| Untracked 
| 555|0x000000068ac00000, 0x000000068ac00000, 0x000000068b000000|  0%| F|  |TAMS 0x000000068ac00000, 0x000000068ac00000| Untracked 
| 556|0x000000068b000000, 0x000000068b000000, 0x000000068b400000|  0%| F|  |TAMS 0x000000068b000000, 0x000000068b000000| Untracked 
| 557|0x000000068b400000, 0x000000068b400000, 0x000000068b800000|  0%| F|  |TAMS 0x000000068b400000, 0x000000068b400000| Untracked 
| 558|0x000000068b800000, 0x000000068b800000, 0x000000068bc00000|  0%| F|  |TAMS 0x000000068b800000, 0x000000068b800000| Untracked 
| 559|0x000000068bc00000, 0x000000068bc00000, 0x000000068c000000|  0%| F|  |TAMS 0x000000068bc00000, 0x000000068bc00000| Untracked 
| 560|0x000000068c000000, 0x000000068c000000, 0x000000068c400000|  0%| F|  |TAMS 0x000000068c000000, 0x000000068c000000| Untracked 
| 561|0x000000068c400000, 0x000000068c400000, 0x000000068c800000|  0%| F|  |TAMS 0x000000068c400000, 0x000000068c400000| Untracked 
| 562|0x000000068c800000, 0x000000068c800000, 0x000000068cc00000|  0%| F|  |TAMS 0x000000068c800000, 0x000000068c800000| Untracked 
| 563|0x000000068cc00000, 0x000000068cc00000, 0x000000068d000000|  0%| F|  |TAMS 0x000000068cc00000, 0x000000068cc00000| Untracked 
| 564|0x000000068d000000, 0x000000068d000000, 0x000000068d400000|  0%| F|  |TAMS 0x000000068d000000, 0x000000068d000000| Untracked 
| 565|0x000000068d400000, 0x000000068d400000, 0x000000068d800000|  0%| F|  |TAMS 0x000000068d400000, 0x000000068d400000| Untracked 
| 566|0x000000068d800000, 0x000000068d800000, 0x000000068dc00000|  0%| F|  |TAMS 0x000000068d800000, 0x000000068d800000| Untracked 
| 567|0x000000068dc00000, 0x000000068dc00000, 0x000000068e000000|  0%| F|  |TAMS 0x000000068dc00000, 0x000000068dc00000| Untracked 
| 568|0x000000068e000000, 0x000000068e000000, 0x000000068e400000|  0%| F|  |TAMS 0x000000068e000000, 0x000000068e000000| Untracked 
| 569|0x000000068e400000, 0x000000068e400000, 0x000000068e800000|  0%| F|  |TAMS 0x000000068e400000, 0x000000068e400000| Untracked 
| 570|0x000000068e800000, 0x000000068e800000, 0x000000068ec00000|  0%| F|  |TAMS 0x000000068e800000, 0x000000068e800000| Untracked 
| 571|0x000000068ec00000, 0x000000068ec00000, 0x000000068f000000|  0%| F|  |TAMS 0x000000068ec00000, 0x000000068ec00000| Untracked 
| 572|0x000000068f000000, 0x000000068f000000, 0x000000068f400000|  0%| F|  |TAMS 0x000000068f000000, 0x000000068f000000| Untracked 
| 573|0x000000068f400000, 0x000000068f400000, 0x000000068f800000|  0%| F|  |TAMS 0x000000068f400000, 0x000000068f400000| Untracked 
| 574|0x000000068f800000, 0x000000068f800000, 0x000000068fc00000|  0%| F|  |TAMS 0x000000068f800000, 0x000000068f800000| Untracked 
| 575|0x000000068fc00000, 0x000000068fc00000, 0x0000000690000000|  0%| F|  |TAMS 0x000000068fc00000, 0x000000068fc00000| Untracked 
| 576|0x0000000690000000, 0x0000000690000000, 0x0000000690400000|  0%| F|  |TAMS 0x0000000690000000, 0x0000000690000000| Untracked 
| 577|0x0000000690400000, 0x0000000690400000, 0x0000000690800000|  0%| F|  |TAMS 0x0000000690400000, 0x0000000690400000| Untracked 
| 578|0x0000000690800000, 0x0000000690800000, 0x0000000690c00000|  0%| F|  |TAMS 0x0000000690800000, 0x0000000690800000| Untracked 
| 579|0x0000000690c00000, 0x0000000690c00000, 0x0000000691000000|  0%| F|  |TAMS 0x0000000690c00000, 0x0000000690c00000| Untracked 
| 580|0x0000000691000000, 0x0000000691000000, 0x0000000691400000|  0%| F|  |TAMS 0x0000000691000000, 0x0000000691000000| Untracked 
| 581|0x0000000691400000, 0x0000000691400000, 0x0000000691800000|  0%| F|  |TAMS 0x0000000691400000, 0x0000000691400000| Untracked 
| 582|0x0000000691800000, 0x0000000691800000, 0x0000000691c00000|  0%| F|  |TAMS 0x0000000691800000, 0x0000000691800000| Untracked 
| 583|0x0000000691c00000, 0x0000000691c00000, 0x0000000692000000|  0%| F|  |TAMS 0x0000000691c00000, 0x0000000691c00000| Untracked 
| 584|0x0000000692000000, 0x0000000692000000, 0x0000000692400000|  0%| F|  |TAMS 0x0000000692000000, 0x0000000692000000| Untracked 
| 585|0x0000000692400000, 0x0000000692400000, 0x0000000692800000|  0%| F|  |TAMS 0x0000000692400000, 0x0000000692400000| Untracked 
| 586|0x0000000692800000, 0x0000000692800000, 0x0000000692c00000|  0%| F|  |TAMS 0x0000000692800000, 0x0000000692800000| Untracked 
| 587|0x0000000692c00000, 0x0000000692c00000, 0x0000000693000000|  0%| F|  |TAMS 0x0000000692c00000, 0x0000000692c00000| Untracked 
| 588|0x0000000693000000, 0x0000000693000000, 0x0000000693400000|  0%| F|  |TAMS 0x0000000693000000, 0x0000000693000000| Untracked 
| 589|0x0000000693400000, 0x0000000693400000, 0x0000000693800000|  0%| F|  |TAMS 0x0000000693400000, 0x0000000693400000| Untracked 
| 590|0x0000000693800000, 0x0000000693800000, 0x0000000693c00000|  0%| F|  |TAMS 0x0000000693800000, 0x0000000693800000| Untracked 
| 591|0x0000000693c00000, 0x0000000693c00000, 0x0000000694000000|  0%| F|  |TAMS 0x0000000693c00000, 0x0000000693c00000| Untracked 
| 592|0x0000000694000000, 0x0000000694000000, 0x0000000694400000|  0%| F|  |TAMS 0x0000000694000000, 0x0000000694000000| Untracked 
| 593|0x0000000694400000, 0x0000000694400000, 0x0000000694800000|  0%| F|  |TAMS 0x0000000694400000, 0x0000000694400000| Untracked 
| 594|0x0000000694800000, 0x0000000694800000, 0x0000000694c00000|  0%| F|  |TAMS 0x0000000694800000, 0x0000000694800000| Untracked 
| 595|0x0000000694c00000, 0x0000000694c00000, 0x0000000695000000|  0%| F|  |TAMS 0x0000000694c00000, 0x0000000694c00000| Untracked 
| 596|0x0000000695000000, 0x0000000695000000, 0x0000000695400000|  0%| F|  |TAMS 0x0000000695000000, 0x0000000695000000| Untracked 
| 597|0x0000000695400000, 0x0000000695400000, 0x0000000695800000|  0%| F|  |TAMS 0x0000000695400000, 0x0000000695400000| Untracked 
| 598|0x0000000695800000, 0x0000000695800000, 0x0000000695c00000|  0%| F|  |TAMS 0x0000000695800000, 0x0000000695800000| Untracked 
| 599|0x0000000695c00000, 0x0000000695c00000, 0x0000000696000000|  0%| F|  |TAMS 0x0000000695c00000, 0x0000000695c00000| Untracked 
| 600|0x0000000696000000, 0x0000000696000000, 0x0000000696400000|  0%| F|  |TAMS 0x0000000696000000, 0x0000000696000000| Untracked 
| 601|0x0000000696400000, 0x0000000696400000, 0x0000000696800000|  0%| F|  |TAMS 0x0000000696400000, 0x0000000696400000| Untracked 
| 602|0x0000000696800000, 0x0000000696800000, 0x0000000696c00000|  0%| F|  |TAMS 0x0000000696800000, 0x0000000696800000| Untracked 
| 603|0x0000000696c00000, 0x0000000696c00000, 0x0000000697000000|  0%| F|  |TAMS 0x0000000696c00000, 0x0000000696c00000| Untracked 
| 604|0x0000000697000000, 0x0000000697000000, 0x0000000697400000|  0%| F|  |TAMS 0x0000000697000000, 0x0000000697000000| Untracked 
| 605|0x0000000697400000, 0x0000000697400000, 0x0000000697800000|  0%| F|  |TAMS 0x0000000697400000, 0x0000000697400000| Untracked 
| 606|0x0000000697800000, 0x0000000697800000, 0x0000000697c00000|  0%| F|  |TAMS 0x0000000697800000, 0x0000000697800000| Untracked 
| 607|0x0000000697c00000, 0x0000000697c00000, 0x0000000698000000|  0%| F|  |TAMS 0x0000000697c00000, 0x0000000697c00000| Untracked 
| 608|0x0000000698000000, 0x0000000698000000, 0x0000000698400000|  0%| F|  |TAMS 0x0000000698000000, 0x0000000698000000| Untracked 
| 609|0x0000000698400000, 0x0000000698400000, 0x0000000698800000|  0%| F|  |TAMS 0x0000000698400000, 0x0000000698400000| Untracked 
| 610|0x0000000698800000, 0x0000000698800000, 0x0000000698c00000|  0%| F|  |TAMS 0x0000000698800000, 0x0000000698800000| Untracked 
| 611|0x0000000698c00000, 0x0000000698c00000, 0x0000000699000000|  0%| F|  |TAMS 0x0000000698c00000, 0x0000000698c00000| Untracked 
| 612|0x0000000699000000, 0x0000000699000000, 0x0000000699400000|  0%| F|  |TAMS 0x0000000699000000, 0x0000000699000000| Untracked 
| 613|0x0000000699400000, 0x0000000699400000, 0x0000000699800000|  0%| F|  |TAMS 0x0000000699400000, 0x0000000699400000| Untracked 
| 614|0x0000000699800000, 0x0000000699800000, 0x0000000699c00000|  0%| F|  |TAMS 0x0000000699800000, 0x0000000699800000| Untracked 
| 615|0x0000000699c00000, 0x0000000699c00000, 0x000000069a000000|  0%| F|  |TAMS 0x0000000699c00000, 0x0000000699c00000| Untracked 
| 616|0x000000069a000000, 0x000000069a000000, 0x000000069a400000|  0%| F|  |TAMS 0x000000069a000000, 0x000000069a000000| Untracked 
| 617|0x000000069a400000, 0x000000069a400000, 0x000000069a800000|  0%| F|  |TAMS 0x000000069a400000, 0x000000069a400000| Untracked 
| 618|0x000000069a800000, 0x000000069a800000, 0x000000069ac00000|  0%| F|  |TAMS 0x000000069a800000, 0x000000069a800000| Untracked 
| 619|0x000000069ac00000, 0x000000069ac00000, 0x000000069b000000|  0%| F|  |TAMS 0x000000069ac00000, 0x000000069ac00000| Untracked 
| 620|0x000000069b000000, 0x000000069b000000, 0x000000069b400000|  0%| F|  |TAMS 0x000000069b000000, 0x000000069b000000| Untracked 
| 621|0x000000069b400000, 0x000000069b400000, 0x000000069b800000|  0%| F|  |TAMS 0x000000069b400000, 0x000000069b400000| Untracked 
| 622|0x000000069b800000, 0x000000069b800000, 0x000000069bc00000|  0%| F|  |TAMS 0x000000069b800000, 0x000000069b800000| Untracked 
| 623|0x000000069bc00000, 0x000000069bc00000, 0x000000069c000000|  0%| F|  |TAMS 0x000000069bc00000, 0x000000069bc00000| Untracked 
| 624|0x000000069c000000, 0x000000069c000000, 0x000000069c400000|  0%| F|  |TAMS 0x000000069c000000, 0x000000069c000000| Untracked 
| 625|0x000000069c400000, 0x000000069c400000, 0x000000069c800000|  0%| F|  |TAMS 0x000000069c400000, 0x000000069c400000| Untracked 
| 626|0x000000069c800000, 0x000000069c800000, 0x000000069cc00000|  0%| F|  |TAMS 0x000000069c800000, 0x000000069c800000| Untracked 
| 627|0x000000069cc00000, 0x000000069cc00000, 0x000000069d000000|  0%| F|  |TAMS 0x000000069cc00000, 0x000000069cc00000| Untracked 
| 628|0x000000069d000000, 0x000000069d000000, 0x000000069d400000|  0%| F|  |TAMS 0x000000069d000000, 0x000000069d000000| Untracked 
| 629|0x000000069d400000, 0x000000069d400000, 0x000000069d800000|  0%| F|  |TAMS 0x000000069d400000, 0x000000069d400000| Untracked 
| 630|0x000000069d800000, 0x000000069d800000, 0x000000069dc00000|  0%| F|  |TAMS 0x000000069d800000, 0x000000069d800000| Untracked 
| 631|0x000000069dc00000, 0x000000069dc00000, 0x000000069e000000|  0%| F|  |TAMS 0x000000069dc00000, 0x000000069dc00000| Untracked 
| 632|0x000000069e000000, 0x000000069e000000, 0x000000069e400000|  0%| F|  |TAMS 0x000000069e000000, 0x000000069e000000| Untracked 
| 633|0x000000069e400000, 0x000000069e400000, 0x000000069e800000|  0%| F|  |TAMS 0x000000069e400000, 0x000000069e400000| Untracked 
| 634|0x000000069e800000, 0x000000069e800000, 0x000000069ec00000|  0%| F|  |TAMS 0x000000069e800000, 0x000000069e800000| Untracked 
| 635|0x000000069ec00000, 0x000000069ec00000, 0x000000069f000000|  0%| F|  |TAMS 0x000000069ec00000, 0x000000069ec00000| Untracked 
| 636|0x000000069f000000, 0x000000069f000000, 0x000000069f400000|  0%| F|  |TAMS 0x000000069f000000, 0x000000069f000000| Untracked 
| 637|0x000000069f400000, 0x000000069f400000, 0x000000069f800000|  0%| F|  |TAMS 0x000000069f400000, 0x000000069f400000| Untracked 
| 638|0x000000069f800000, 0x000000069f800000, 0x000000069fc00000|  0%| F|  |TAMS 0x000000069f800000, 0x000000069f800000| Untracked 
| 639|0x000000069fc00000, 0x000000069fc00000, 0x00000006a0000000|  0%| F|  |TAMS 0x000000069fc00000, 0x000000069fc00000| Untracked 
| 640|0x00000006a0000000, 0x00000006a0000000, 0x00000006a0400000|  0%| F|  |TAMS 0x00000006a0000000, 0x00000006a0000000| Untracked 
| 641|0x00000006a0400000, 0x00000006a0400000, 0x00000006a0800000|  0%| F|  |TAMS 0x00000006a0400000, 0x00000006a0400000| Untracked 
| 642|0x00000006a0800000, 0x00000006a0800000, 0x00000006a0c00000|  0%| F|  |TAMS 0x00000006a0800000, 0x00000006a0800000| Untracked 
| 643|0x00000006a0c00000, 0x00000006a0c00000, 0x00000006a1000000|  0%| F|  |TAMS 0x00000006a0c00000, 0x00000006a0c00000| Untracked 
| 644|0x00000006a1000000, 0x00000006a1000000, 0x00000006a1400000|  0%| F|  |TAMS 0x00000006a1000000, 0x00000006a1000000| Untracked 
| 645|0x00000006a1400000, 0x00000006a1400000, 0x00000006a1800000|  0%| F|  |TAMS 0x00000006a1400000, 0x00000006a1400000| Untracked 
| 646|0x00000006a1800000, 0x00000006a1800000, 0x00000006a1c00000|  0%| F|  |TAMS 0x00000006a1800000, 0x00000006a1800000| Untracked 
| 647|0x00000006a1c00000, 0x00000006a1c00000, 0x00000006a2000000|  0%| F|  |TAMS 0x00000006a1c00000, 0x00000006a1c00000| Untracked 
| 648|0x00000006a2000000, 0x00000006a2000000, 0x00000006a2400000|  0%| F|  |TAMS 0x00000006a2000000, 0x00000006a2000000| Untracked 
| 649|0x00000006a2400000, 0x00000006a2400000, 0x00000006a2800000|  0%| F|  |TAMS 0x00000006a2400000, 0x00000006a2400000| Untracked 
| 650|0x00000006a2800000, 0x00000006a2800000, 0x00000006a2c00000|  0%| F|  |TAMS 0x00000006a2800000, 0x00000006a2800000| Untracked 
| 651|0x00000006a2c00000, 0x00000006a2c00000, 0x00000006a3000000|  0%| F|  |TAMS 0x00000006a2c00000, 0x00000006a2c00000| Untracked 
| 652|0x00000006a3000000, 0x00000006a3000000, 0x00000006a3400000|  0%| F|  |TAMS 0x00000006a3000000, 0x00000006a3000000| Untracked 
| 653|0x00000006a3400000, 0x00000006a3400000, 0x00000006a3800000|  0%| F|  |TAMS 0x00000006a3400000, 0x00000006a3400000| Untracked 
| 654|0x00000006a3800000, 0x00000006a3800000, 0x00000006a3c00000|  0%| F|  |TAMS 0x00000006a3800000, 0x00000006a3800000| Untracked 
| 655|0x00000006a3c00000, 0x00000006a3c00000, 0x00000006a4000000|  0%| F|  |TAMS 0x00000006a3c00000, 0x00000006a3c00000| Untracked 
| 656|0x00000006a4000000, 0x00000006a4000000, 0x00000006a4400000|  0%| F|  |TAMS 0x00000006a4000000, 0x00000006a4000000| Untracked 
| 657|0x00000006a4400000, 0x00000006a4400000, 0x00000006a4800000|  0%| F|  |TAMS 0x00000006a4400000, 0x00000006a4400000| Untracked 
| 658|0x00000006a4800000, 0x00000006a4800000, 0x00000006a4c00000|  0%| F|  |TAMS 0x00000006a4800000, 0x00000006a4800000| Untracked 
| 659|0x00000006a4c00000, 0x00000006a4c00000, 0x00000006a5000000|  0%| F|  |TAMS 0x00000006a4c00000, 0x00000006a4c00000| Untracked 
| 660|0x00000006a5000000, 0x00000006a5000000, 0x00000006a5400000|  0%| F|  |TAMS 0x00000006a5000000, 0x00000006a5000000| Untracked 
| 661|0x00000006a5400000, 0x00000006a5400000, 0x00000006a5800000|  0%| F|  |TAMS 0x00000006a5400000, 0x00000006a5400000| Untracked 
| 662|0x00000006a5800000, 0x00000006a5800000, 0x00000006a5c00000|  0%| F|  |TAMS 0x00000006a5800000, 0x00000006a5800000| Untracked 
| 663|0x00000006a5c00000, 0x00000006a5c00000, 0x00000006a6000000|  0%| F|  |TAMS 0x00000006a5c00000, 0x00000006a5c00000| Untracked 
| 664|0x00000006a6000000, 0x00000006a6000000, 0x00000006a6400000|  0%| F|  |TAMS 0x00000006a6000000, 0x00000006a6000000| Untracked 
| 665|0x00000006a6400000, 0x00000006a6400000, 0x00000006a6800000|  0%| F|  |TAMS 0x00000006a6400000, 0x00000006a6400000| Untracked 
| 666|0x00000006a6800000, 0x00000006a6800000, 0x00000006a6c00000|  0%| F|  |TAMS 0x00000006a6800000, 0x00000006a6800000| Untracked 
| 667|0x00000006a6c00000, 0x00000006a6c00000, 0x00000006a7000000|  0%| F|  |TAMS 0x00000006a6c00000, 0x00000006a6c00000| Untracked 
| 668|0x00000006a7000000, 0x00000006a7000000, 0x00000006a7400000|  0%| F|  |TAMS 0x00000006a7000000, 0x00000006a7000000| Untracked 
| 669|0x00000006a7400000, 0x00000006a7400000, 0x00000006a7800000|  0%| F|  |TAMS 0x00000006a7400000, 0x00000006a7400000| Untracked 
| 670|0x00000006a7800000, 0x00000006a7800000, 0x00000006a7c00000|  0%| F|  |TAMS 0x00000006a7800000, 0x00000006a7800000| Untracked 
| 671|0x00000006a7c00000, 0x00000006a7c00000, 0x00000006a8000000|  0%| F|  |TAMS 0x00000006a7c00000, 0x00000006a7c00000| Untracked 
| 672|0x00000006a8000000, 0x00000006a8000000, 0x00000006a8400000|  0%| F|  |TAMS 0x00000006a8000000, 0x00000006a8000000| Untracked 
| 673|0x00000006a8400000, 0x00000006a8400000, 0x00000006a8800000|  0%| F|  |TAMS 0x00000006a8400000, 0x00000006a8400000| Untracked 
| 674|0x00000006a8800000, 0x00000006a8800000, 0x00000006a8c00000|  0%| F|  |TAMS 0x00000006a8800000, 0x00000006a8800000| Untracked 
| 675|0x00000006a8c00000, 0x00000006a8c00000, 0x00000006a9000000|  0%| F|  |TAMS 0x00000006a8c00000, 0x00000006a8c00000| Untracked 
| 676|0x00000006a9000000, 0x00000006a9000000, 0x00000006a9400000|  0%| F|  |TAMS 0x00000006a9000000, 0x00000006a9000000| Untracked 
| 677|0x00000006a9400000, 0x00000006a9400000, 0x00000006a9800000|  0%| F|  |TAMS 0x00000006a9400000, 0x00000006a9400000| Untracked 
| 678|0x00000006a9800000, 0x00000006a9800000, 0x00000006a9c00000|  0%| F|  |TAMS 0x00000006a9800000, 0x00000006a9800000| Untracked 
| 679|0x00000006a9c00000, 0x00000006a9c00000, 0x00000006aa000000|  0%| F|  |TAMS 0x00000006a9c00000, 0x00000006a9c00000| Untracked 
| 680|0x00000006aa000000, 0x00000006aa000000, 0x00000006aa400000|  0%| F|  |TAMS 0x00000006aa000000, 0x00000006aa000000| Untracked 
| 681|0x00000006aa400000, 0x00000006aa400000, 0x00000006aa800000|  0%| F|  |TAMS 0x00000006aa400000, 0x00000006aa400000| Untracked 
| 682|0x00000006aa800000, 0x00000006aa800000, 0x00000006aac00000|  0%| F|  |TAMS 0x00000006aa800000, 0x00000006aa800000| Untracked 
| 683|0x00000006aac00000, 0x00000006aac00000, 0x00000006ab000000|  0%| F|  |TAMS 0x00000006aac00000, 0x00000006aac00000| Untracked 
| 684|0x00000006ab000000, 0x00000006ab000000, 0x00000006ab400000|  0%| F|  |TAMS 0x00000006ab000000, 0x00000006ab000000| Untracked 
| 685|0x00000006ab400000, 0x00000006ab400000, 0x00000006ab800000|  0%| F|  |TAMS 0x00000006ab400000, 0x00000006ab400000| Untracked 
| 686|0x00000006ab800000, 0x00000006ab800000, 0x00000006abc00000|  0%| F|  |TAMS 0x00000006ab800000, 0x00000006ab800000| Untracked 
| 687|0x00000006abc00000, 0x00000006abc00000, 0x00000006ac000000|  0%| F|  |TAMS 0x00000006abc00000, 0x00000006abc00000| Untracked 
| 688|0x00000006ac000000, 0x00000006ac000000, 0x00000006ac400000|  0%| F|  |TAMS 0x00000006ac000000, 0x00000006ac000000| Untracked 
| 689|0x00000006ac400000, 0x00000006ac400000, 0x00000006ac800000|  0%| F|  |TAMS 0x00000006ac400000, 0x00000006ac400000| Untracked 
| 690|0x00000006ac800000, 0x00000006ac800000, 0x00000006acc00000|  0%| F|  |TAMS 0x00000006ac800000, 0x00000006ac800000| Untracked 
| 691|0x00000006acc00000, 0x00000006acc00000, 0x00000006ad000000|  0%| F|  |TAMS 0x00000006acc00000, 0x00000006acc00000| Untracked 
| 692|0x00000006ad000000, 0x00000006ad000000, 0x00000006ad400000|  0%| F|  |TAMS 0x00000006ad000000, 0x00000006ad000000| Untracked 
| 693|0x00000006ad400000, 0x00000006ad400000, 0x00000006ad800000|  0%| F|  |TAMS 0x00000006ad400000, 0x00000006ad400000| Untracked 
| 694|0x00000006ad800000, 0x00000006ad800000, 0x00000006adc00000|  0%| F|  |TAMS 0x00000006ad800000, 0x00000006ad800000| Untracked 
| 695|0x00000006adc00000, 0x00000006adc00000, 0x00000006ae000000|  0%| F|  |TAMS 0x00000006adc00000, 0x00000006adc00000| Untracked 
| 696|0x00000006ae000000, 0x00000006ae000000, 0x00000006ae400000|  0%| F|  |TAMS 0x00000006ae000000, 0x00000006ae000000| Untracked 
| 697|0x00000006ae400000, 0x00000006ae400000, 0x00000006ae800000|  0%| F|  |TAMS 0x00000006ae400000, 0x00000006ae400000| Untracked 
| 698|0x00000006ae800000, 0x00000006ae800000, 0x00000006aec00000|  0%| F|  |TAMS 0x00000006ae800000, 0x00000006ae800000| Untracked 
| 699|0x00000006aec00000, 0x00000006aec00000, 0x00000006af000000|  0%| F|  |TAMS 0x00000006aec00000, 0x00000006aec00000| Untracked 
| 700|0x00000006af000000, 0x00000006af000000, 0x00000006af400000|  0%| F|  |TAMS 0x00000006af000000, 0x00000006af000000| Untracked 
| 701|0x00000006af400000, 0x00000006af400000, 0x00000006af800000|  0%| F|  |TAMS 0x00000006af400000, 0x00000006af400000| Untracked 
| 702|0x00000006af800000, 0x00000006af800000, 0x00000006afc00000|  0%| F|  |TAMS 0x00000006af800000, 0x00000006af800000| Untracked 
| 703|0x00000006afc00000, 0x00000006afc00000, 0x00000006b0000000|  0%| F|  |TAMS 0x00000006afc00000, 0x00000006afc00000| Untracked 
| 704|0x00000006b0000000, 0x00000006b0000000, 0x00000006b0400000|  0%| F|  |TAMS 0x00000006b0000000, 0x00000006b0000000| Untracked 
| 705|0x00000006b0400000, 0x00000006b0400000, 0x00000006b0800000|  0%| F|  |TAMS 0x00000006b0400000, 0x00000006b0400000| Untracked 
| 706|0x00000006b0800000, 0x00000006b0800000, 0x00000006b0c00000|  0%| F|  |TAMS 0x00000006b0800000, 0x00000006b0800000| Untracked 
| 707|0x00000006b0c00000, 0x00000006b0c00000, 0x00000006b1000000|  0%| F|  |TAMS 0x00000006b0c00000, 0x00000006b0c00000| Untracked 
| 708|0x00000006b1000000, 0x00000006b1000000, 0x00000006b1400000|  0%| F|  |TAMS 0x00000006b1000000, 0x00000006b1000000| Untracked 
| 709|0x00000006b1400000, 0x00000006b1400000, 0x00000006b1800000|  0%| F|  |TAMS 0x00000006b1400000, 0x00000006b1400000| Untracked 
| 710|0x00000006b1800000, 0x00000006b1800000, 0x00000006b1c00000|  0%| F|  |TAMS 0x00000006b1800000, 0x00000006b1800000| Untracked 
| 711|0x00000006b1c00000, 0x00000006b1c00000, 0x00000006b2000000|  0%| F|  |TAMS 0x00000006b1c00000, 0x00000006b1c00000| Untracked 
| 712|0x00000006b2000000, 0x00000006b2000000, 0x00000006b2400000|  0%| F|  |TAMS 0x00000006b2000000, 0x00000006b2000000| Untracked 
| 713|0x00000006b2400000, 0x00000006b2400000, 0x00000006b2800000|  0%| F|  |TAMS 0x00000006b2400000, 0x00000006b2400000| Untracked 
| 714|0x00000006b2800000, 0x00000006b2800000, 0x00000006b2c00000|  0%| F|  |TAMS 0x00000006b2800000, 0x00000006b2800000| Untracked 
| 715|0x00000006b2c00000, 0x00000006b2c00000, 0x00000006b3000000|  0%| F|  |TAMS 0x00000006b2c00000, 0x00000006b2c00000| Untracked 
| 716|0x00000006b3000000, 0x00000006b3000000, 0x00000006b3400000|  0%| F|  |TAMS 0x00000006b3000000, 0x00000006b3000000| Untracked 
| 717|0x00000006b3400000, 0x00000006b3400000, 0x00000006b3800000|  0%| F|  |TAMS 0x00000006b3400000, 0x00000006b3400000| Untracked 
| 718|0x00000006b3800000, 0x00000006b3800000, 0x00000006b3c00000|  0%| F|  |TAMS 0x00000006b3800000, 0x00000006b3800000| Untracked 
| 719|0x00000006b3c00000, 0x00000006b3c00000, 0x00000006b4000000|  0%| F|  |TAMS 0x00000006b3c00000, 0x00000006b3c00000| Untracked 
| 720|0x00000006b4000000, 0x00000006b4000000, 0x00000006b4400000|  0%| F|  |TAMS 0x00000006b4000000, 0x00000006b4000000| Untracked 
| 721|0x00000006b4400000, 0x00000006b4400000, 0x00000006b4800000|  0%| F|  |TAMS 0x00000006b4400000, 0x00000006b4400000| Untracked 
| 722|0x00000006b4800000, 0x00000006b4800000, 0x00000006b4c00000|  0%| F|  |TAMS 0x00000006b4800000, 0x00000006b4800000| Untracked 
| 723|0x00000006b4c00000, 0x00000006b4c00000, 0x00000006b5000000|  0%| F|  |TAMS 0x00000006b4c00000, 0x00000006b4c00000| Untracked 
| 724|0x00000006b5000000, 0x00000006b5000000, 0x00000006b5400000|  0%| F|  |TAMS 0x00000006b5000000, 0x00000006b5000000| Untracked 
| 725|0x00000006b5400000, 0x00000006b5400000, 0x00000006b5800000|  0%| F|  |TAMS 0x00000006b5400000, 0x00000006b5400000| Untracked 
| 726|0x00000006b5800000, 0x00000006b5800000, 0x00000006b5c00000|  0%| F|  |TAMS 0x00000006b5800000, 0x00000006b5800000| Untracked 
| 727|0x00000006b5c00000, 0x00000006b5c00000, 0x00000006b6000000|  0%| F|  |TAMS 0x00000006b5c00000, 0x00000006b5c00000| Untracked 
| 728|0x00000006b6000000, 0x00000006b6000000, 0x00000006b6400000|  0%| F|  |TAMS 0x00000006b6000000, 0x00000006b6000000| Untracked 
| 729|0x00000006b6400000, 0x00000006b6400000, 0x00000006b6800000|  0%| F|  |TAMS 0x00000006b6400000, 0x00000006b6400000| Untracked 
| 730|0x00000006b6800000, 0x00000006b6800000, 0x00000006b6c00000|  0%| F|  |TAMS 0x00000006b6800000, 0x00000006b6800000| Untracked 
| 731|0x00000006b6c00000, 0x00000006b6c00000, 0x00000006b7000000|  0%| F|  |TAMS 0x00000006b6c00000, 0x00000006b6c00000| Untracked 
| 732|0x00000006b7000000, 0x00000006b7000000, 0x00000006b7400000|  0%| F|  |TAMS 0x00000006b7000000, 0x00000006b7000000| Untracked 
| 733|0x00000006b7400000, 0x00000006b7400000, 0x00000006b7800000|  0%| F|  |TAMS 0x00000006b7400000, 0x00000006b7400000| Untracked 
| 734|0x00000006b7800000, 0x00000006b7800000, 0x00000006b7c00000|  0%| F|  |TAMS 0x00000006b7800000, 0x00000006b7800000| Untracked 
| 735|0x00000006b7c00000, 0x00000006b7c00000, 0x00000006b8000000|  0%| F|  |TAMS 0x00000006b7c00000, 0x00000006b7c00000| Untracked 
| 736|0x00000006b8000000, 0x00000006b8000000, 0x00000006b8400000|  0%| F|  |TAMS 0x00000006b8000000, 0x00000006b8000000| Untracked 
| 737|0x00000006b8400000, 0x00000006b8400000, 0x00000006b8800000|  0%| F|  |TAMS 0x00000006b8400000, 0x00000006b8400000| Untracked 
| 738|0x00000006b8800000, 0x00000006b8800000, 0x00000006b8c00000|  0%| F|  |TAMS 0x00000006b8800000, 0x00000006b8800000| Untracked 
| 739|0x00000006b8c00000, 0x00000006b8c00000, 0x00000006b9000000|  0%| F|  |TAMS 0x00000006b8c00000, 0x00000006b8c00000| Untracked 
| 740|0x00000006b9000000, 0x00000006b9000000, 0x00000006b9400000|  0%| F|  |TAMS 0x00000006b9000000, 0x00000006b9000000| Untracked 
| 741|0x00000006b9400000, 0x00000006b9400000, 0x00000006b9800000|  0%| F|  |TAMS 0x00000006b9400000, 0x00000006b9400000| Untracked 
| 742|0x00000006b9800000, 0x00000006b9800000, 0x00000006b9c00000|  0%| F|  |TAMS 0x00000006b9800000, 0x00000006b9800000| Untracked 
| 743|0x00000006b9c00000, 0x00000006b9c00000, 0x00000006ba000000|  0%| F|  |TAMS 0x00000006b9c00000, 0x00000006b9c00000| Untracked 
| 744|0x00000006ba000000, 0x00000006ba000000, 0x00000006ba400000|  0%| F|  |TAMS 0x00000006ba000000, 0x00000006ba000000| Untracked 
| 745|0x00000006ba400000, 0x00000006ba400000, 0x00000006ba800000|  0%| F|  |TAMS 0x00000006ba400000, 0x00000006ba400000| Untracked 
| 746|0x00000006ba800000, 0x00000006ba800000, 0x00000006bac00000|  0%| F|  |TAMS 0x00000006ba800000, 0x00000006ba800000| Untracked 
| 747|0x00000006bac00000, 0x00000006bac00000, 0x00000006bb000000|  0%| F|  |TAMS 0x00000006bac00000, 0x00000006bac00000| Untracked 
| 748|0x00000006bb000000, 0x00000006bb000000, 0x00000006bb400000|  0%| F|  |TAMS 0x00000006bb000000, 0x00000006bb000000| Untracked 
| 749|0x00000006bb400000, 0x00000006bb400000, 0x00000006bb800000|  0%| F|  |TAMS 0x00000006bb400000, 0x00000006bb400000| Untracked 
| 750|0x00000006bb800000, 0x00000006bb800000, 0x00000006bbc00000|  0%| F|  |TAMS 0x00000006bb800000, 0x00000006bb800000| Untracked 
| 751|0x00000006bbc00000, 0x00000006bbc00000, 0x00000006bc000000|  0%| F|  |TAMS 0x00000006bbc00000, 0x00000006bbc00000| Untracked 
| 752|0x00000006bc000000, 0x00000006bc000000, 0x00000006bc400000|  0%| F|  |TAMS 0x00000006bc000000, 0x00000006bc000000| Untracked 
| 753|0x00000006bc400000, 0x00000006bc400000, 0x00000006bc800000|  0%| F|  |TAMS 0x00000006bc400000, 0x00000006bc400000| Untracked 
| 754|0x00000006bc800000, 0x00000006bc800000, 0x00000006bcc00000|  0%| F|  |TAMS 0x00000006bc800000, 0x00000006bc800000| Untracked 
| 755|0x00000006bcc00000, 0x00000006bcc00000, 0x00000006bd000000|  0%| F|  |TAMS 0x00000006bcc00000, 0x00000006bcc00000| Untracked 
| 756|0x00000006bd000000, 0x00000006bd000000, 0x00000006bd400000|  0%| F|  |TAMS 0x00000006bd000000, 0x00000006bd000000| Untracked 
| 757|0x00000006bd400000, 0x00000006bd400000, 0x00000006bd800000|  0%| F|  |TAMS 0x00000006bd400000, 0x00000006bd400000| Untracked 
| 758|0x00000006bd800000, 0x00000006bd800000, 0x00000006bdc00000|  0%| F|  |TAMS 0x00000006bd800000, 0x00000006bd800000| Untracked 
| 759|0x00000006bdc00000, 0x00000006bdc00000, 0x00000006be000000|  0%| F|  |TAMS 0x00000006bdc00000, 0x00000006bdc00000| Untracked 
| 760|0x00000006be000000, 0x00000006be000000, 0x00000006be400000|  0%| F|  |TAMS 0x00000006be000000, 0x00000006be000000| Untracked 
| 761|0x00000006be400000, 0x00000006be400000, 0x00000006be800000|  0%| F|  |TAMS 0x00000006be400000, 0x00000006be400000| Untracked 
| 762|0x00000006be800000, 0x00000006be800000, 0x00000006bec00000|  0%| F|  |TAMS 0x00000006be800000, 0x00000006be800000| Untracked 
| 763|0x00000006bec00000, 0x00000006bec00000, 0x00000006bf000000|  0%| F|  |TAMS 0x00000006bec00000, 0x00000006bec00000| Untracked 
| 764|0x00000006bf000000, 0x00000006bf000000, 0x00000006bf400000|  0%| F|  |TAMS 0x00000006bf000000, 0x00000006bf000000| Untracked 
| 765|0x00000006bf400000, 0x00000006bf400000, 0x00000006bf800000|  0%| F|  |TAMS 0x00000006bf400000, 0x00000006bf400000| Untracked 
| 766|0x00000006bf800000, 0x00000006bf800000, 0x00000006bfc00000|  0%| F|  |TAMS 0x00000006bf800000, 0x00000006bf800000| Untracked 
| 767|0x00000006bfc00000, 0x00000006bfc00000, 0x00000006c0000000|  0%| F|  |TAMS 0x00000006bfc00000, 0x00000006bfc00000| Untracked 
| 768|0x00000006c0000000, 0x00000006c0000000, 0x00000006c0400000|  0%| F|  |TAMS 0x00000006c0000000, 0x00000006c0000000| Untracked 
| 769|0x00000006c0400000, 0x00000006c0400000, 0x00000006c0800000|  0%| F|  |TAMS 0x00000006c0400000, 0x00000006c0400000| Untracked 
| 770|0x00000006c0800000, 0x00000006c0800000, 0x00000006c0c00000|  0%| F|  |TAMS 0x00000006c0800000, 0x00000006c0800000| Untracked 
| 771|0x00000006c0c00000, 0x00000006c0c00000, 0x00000006c1000000|  0%| F|  |TAMS 0x00000006c0c00000, 0x00000006c0c00000| Untracked 
| 772|0x00000006c1000000, 0x00000006c1000000, 0x00000006c1400000|  0%| F|  |TAMS 0x00000006c1000000, 0x00000006c1000000| Untracked 
| 773|0x00000006c1400000, 0x00000006c1400000, 0x00000006c1800000|  0%| F|  |TAMS 0x00000006c1400000, 0x00000006c1400000| Untracked 
| 774|0x00000006c1800000, 0x00000006c1800000, 0x00000006c1c00000|  0%| F|  |TAMS 0x00000006c1800000, 0x00000006c1800000| Untracked 
| 775|0x00000006c1c00000, 0x00000006c1c00000, 0x00000006c2000000|  0%| F|  |TAMS 0x00000006c1c00000, 0x00000006c1c00000| Untracked 
| 776|0x00000006c2000000, 0x00000006c2000000, 0x00000006c2400000|  0%| F|  |TAMS 0x00000006c2000000, 0x00000006c2000000| Untracked 
| 777|0x00000006c2400000, 0x00000006c2400000, 0x00000006c2800000|  0%| F|  |TAMS 0x00000006c2400000, 0x00000006c2400000| Untracked 
| 778|0x00000006c2800000, 0x00000006c2800000, 0x00000006c2c00000|  0%| F|  |TAMS 0x00000006c2800000, 0x00000006c2800000| Untracked 
| 779|0x00000006c2c00000, 0x00000006c2c00000, 0x00000006c3000000|  0%| F|  |TAMS 0x00000006c2c00000, 0x00000006c2c00000| Untracked 
| 780|0x00000006c3000000, 0x00000006c3000000, 0x00000006c3400000|  0%| F|  |TAMS 0x00000006c3000000, 0x00000006c3000000| Untracked 
| 781|0x00000006c3400000, 0x00000006c3400000, 0x00000006c3800000|  0%| F|  |TAMS 0x00000006c3400000, 0x00000006c3400000| Untracked 
| 782|0x00000006c3800000, 0x00000006c3800000, 0x00000006c3c00000|  0%| F|  |TAMS 0x00000006c3800000, 0x00000006c3800000| Untracked 
| 783|0x00000006c3c00000, 0x00000006c3c00000, 0x00000006c4000000|  0%| F|  |TAMS 0x00000006c3c00000, 0x00000006c3c00000| Untracked 
| 784|0x00000006c4000000, 0x00000006c4000000, 0x00000006c4400000|  0%| F|  |TAMS 0x00000006c4000000, 0x00000006c4000000| Untracked 
| 785|0x00000006c4400000, 0x00000006c4400000, 0x00000006c4800000|  0%| F|  |TAMS 0x00000006c4400000, 0x00000006c4400000| Untracked 
| 786|0x00000006c4800000, 0x00000006c4800000, 0x00000006c4c00000|  0%| F|  |TAMS 0x00000006c4800000, 0x00000006c4800000| Untracked 
| 787|0x00000006c4c00000, 0x00000006c4c00000, 0x00000006c5000000|  0%| F|  |TAMS 0x00000006c4c00000, 0x00000006c4c00000| Untracked 
| 788|0x00000006c5000000, 0x00000006c5000000, 0x00000006c5400000|  0%| F|  |TAMS 0x00000006c5000000, 0x00000006c5000000| Untracked 
| 789|0x00000006c5400000, 0x00000006c5400000, 0x00000006c5800000|  0%| F|  |TAMS 0x00000006c5400000, 0x00000006c5400000| Untracked 
| 790|0x00000006c5800000, 0x00000006c5800000, 0x00000006c5c00000|  0%| F|  |TAMS 0x00000006c5800000, 0x00000006c5800000| Untracked 
| 791|0x00000006c5c00000, 0x00000006c5c00000, 0x00000006c6000000|  0%| F|  |TAMS 0x00000006c5c00000, 0x00000006c5c00000| Untracked 
| 792|0x00000006c6000000, 0x00000006c6000000, 0x00000006c6400000|  0%| F|  |TAMS 0x00000006c6000000, 0x00000006c6000000| Untracked 
| 793|0x00000006c6400000, 0x00000006c6400000, 0x00000006c6800000|  0%| F|  |TAMS 0x00000006c6400000, 0x00000006c6400000| Untracked 
| 794|0x00000006c6800000, 0x00000006c6800000, 0x00000006c6c00000|  0%| F|  |TAMS 0x00000006c6800000, 0x00000006c6800000| Untracked 
| 795|0x00000006c6c00000, 0x00000006c6c00000, 0x00000006c7000000|  0%| F|  |TAMS 0x00000006c6c00000, 0x00000006c6c00000| Untracked 
| 796|0x00000006c7000000, 0x00000006c7000000, 0x00000006c7400000|  0%| F|  |TAMS 0x00000006c7000000, 0x00000006c7000000| Untracked 
| 797|0x00000006c7400000, 0x00000006c7400000, 0x00000006c7800000|  0%| F|  |TAMS 0x00000006c7400000, 0x00000006c7400000| Untracked 
| 798|0x00000006c7800000, 0x00000006c7800000, 0x00000006c7c00000|  0%| F|  |TAMS 0x00000006c7800000, 0x00000006c7800000| Untracked 
| 799|0x00000006c7c00000, 0x00000006c7c00000, 0x00000006c8000000|  0%| F|  |TAMS 0x00000006c7c00000, 0x00000006c7c00000| Untracked 
| 800|0x00000006c8000000, 0x00000006c8000000, 0x00000006c8400000|  0%| F|  |TAMS 0x00000006c8000000, 0x00000006c8000000| Untracked 
| 801|0x00000006c8400000, 0x00000006c8400000, 0x00000006c8800000|  0%| F|  |TAMS 0x00000006c8400000, 0x00000006c8400000| Untracked 
| 802|0x00000006c8800000, 0x00000006c8800000, 0x00000006c8c00000|  0%| F|  |TAMS 0x00000006c8800000, 0x00000006c8800000| Untracked 
| 803|0x00000006c8c00000, 0x00000006c8c00000, 0x00000006c9000000|  0%| F|  |TAMS 0x00000006c8c00000, 0x00000006c8c00000| Untracked 
| 804|0x00000006c9000000, 0x00000006c9000000, 0x00000006c9400000|  0%| F|  |TAMS 0x00000006c9000000, 0x00000006c9000000| Untracked 
| 805|0x00000006c9400000, 0x00000006c9400000, 0x00000006c9800000|  0%| F|  |TAMS 0x00000006c9400000, 0x00000006c9400000| Untracked 
| 806|0x00000006c9800000, 0x00000006c9800000, 0x00000006c9c00000|  0%| F|  |TAMS 0x00000006c9800000, 0x00000006c9800000| Untracked 
| 807|0x00000006c9c00000, 0x00000006c9c00000, 0x00000006ca000000|  0%| F|  |TAMS 0x00000006c9c00000, 0x00000006c9c00000| Untracked 
| 808|0x00000006ca000000, 0x00000006ca000000, 0x00000006ca400000|  0%| F|  |TAMS 0x00000006ca000000, 0x00000006ca000000| Untracked 
| 809|0x00000006ca400000, 0x00000006ca400000, 0x00000006ca800000|  0%| F|  |TAMS 0x00000006ca400000, 0x00000006ca400000| Untracked 
| 810|0x00000006ca800000, 0x00000006ca800000, 0x00000006cac00000|  0%| F|  |TAMS 0x00000006ca800000, 0x00000006ca800000| Untracked 
| 811|0x00000006cac00000, 0x00000006cac00000, 0x00000006cb000000|  0%| F|  |TAMS 0x00000006cac00000, 0x00000006cac00000| Untracked 
| 812|0x00000006cb000000, 0x00000006cb000000, 0x00000006cb400000|  0%| F|  |TAMS 0x00000006cb000000, 0x00000006cb000000| Untracked 
| 813|0x00000006cb400000, 0x00000006cb400000, 0x00000006cb800000|  0%| F|  |TAMS 0x00000006cb400000, 0x00000006cb400000| Untracked 
| 814|0x00000006cb800000, 0x00000006cb800000, 0x00000006cbc00000|  0%| F|  |TAMS 0x00000006cb800000, 0x00000006cb800000| Untracked 
| 815|0x00000006cbc00000, 0x00000006cbc00000, 0x00000006cc000000|  0%| F|  |TAMS 0x00000006cbc00000, 0x00000006cbc00000| Untracked 
| 816|0x00000006cc000000, 0x00000006cc000000, 0x00000006cc400000|  0%| F|  |TAMS 0x00000006cc000000, 0x00000006cc000000| Untracked 
| 817|0x00000006cc400000, 0x00000006cc400000, 0x00000006cc800000|  0%| F|  |TAMS 0x00000006cc400000, 0x00000006cc400000| Untracked 
| 818|0x00000006cc800000, 0x00000006cc800000, 0x00000006ccc00000|  0%| F|  |TAMS 0x00000006cc800000, 0x00000006cc800000| Untracked 
| 819|0x00000006ccc00000, 0x00000006ccc00000, 0x00000006cd000000|  0%| F|  |TAMS 0x00000006ccc00000, 0x00000006ccc00000| Untracked 
| 820|0x00000006cd000000, 0x00000006cd000000, 0x00000006cd400000|  0%| F|  |TAMS 0x00000006cd000000, 0x00000006cd000000| Untracked 
| 821|0x00000006cd400000, 0x00000006cd400000, 0x00000006cd800000|  0%| F|  |TAMS 0x00000006cd400000, 0x00000006cd400000| Untracked 
| 822|0x00000006cd800000, 0x00000006cd800000, 0x00000006cdc00000|  0%| F|  |TAMS 0x00000006cd800000, 0x00000006cd800000| Untracked 
| 823|0x00000006cdc00000, 0x00000006cdc00000, 0x00000006ce000000|  0%| F|  |TAMS 0x00000006cdc00000, 0x00000006cdc00000| Untracked 
| 824|0x00000006ce000000, 0x00000006ce000000, 0x00000006ce400000|  0%| F|  |TAMS 0x00000006ce000000, 0x00000006ce000000| Untracked 
| 825|0x00000006ce400000, 0x00000006ce400000, 0x00000006ce800000|  0%| F|  |TAMS 0x00000006ce400000, 0x00000006ce400000| Untracked 
| 826|0x00000006ce800000, 0x00000006ce800000, 0x00000006cec00000|  0%| F|  |TAMS 0x00000006ce800000, 0x00000006ce800000| Untracked 
| 827|0x00000006cec00000, 0x00000006cec00000, 0x00000006cf000000|  0%| F|  |TAMS 0x00000006cec00000, 0x00000006cec00000| Untracked 
| 828|0x00000006cf000000, 0x00000006cf000000, 0x00000006cf400000|  0%| F|  |TAMS 0x00000006cf000000, 0x00000006cf000000| Untracked 
| 829|0x00000006cf400000, 0x00000006cf400000, 0x00000006cf800000|  0%| F|  |TAMS 0x00000006cf400000, 0x00000006cf400000| Untracked 
| 830|0x00000006cf800000, 0x00000006cf800000, 0x00000006cfc00000|  0%| F|  |TAMS 0x00000006cf800000, 0x00000006cf800000| Untracked 
| 831|0x00000006cfc00000, 0x00000006cfc00000, 0x00000006d0000000|  0%| F|  |TAMS 0x00000006cfc00000, 0x00000006cfc00000| Untracked 
| 832|0x00000006d0000000, 0x00000006d0000000, 0x00000006d0400000|  0%| F|  |TAMS 0x00000006d0000000, 0x00000006d0000000| Untracked 
| 833|0x00000006d0400000, 0x00000006d0400000, 0x00000006d0800000|  0%| F|  |TAMS 0x00000006d0400000, 0x00000006d0400000| Untracked 
| 834|0x00000006d0800000, 0x00000006d0800000, 0x00000006d0c00000|  0%| F|  |TAMS 0x00000006d0800000, 0x00000006d0800000| Untracked 
| 835|0x00000006d0c00000, 0x00000006d0c00000, 0x00000006d1000000|  0%| F|  |TAMS 0x00000006d0c00000, 0x00000006d0c00000| Untracked 
| 836|0x00000006d1000000, 0x00000006d1000000, 0x00000006d1400000|  0%| F|  |TAMS 0x00000006d1000000, 0x00000006d1000000| Untracked 
| 837|0x00000006d1400000, 0x00000006d1400000, 0x00000006d1800000|  0%| F|  |TAMS 0x00000006d1400000, 0x00000006d1400000| Untracked 
| 838|0x00000006d1800000, 0x00000006d1800000, 0x00000006d1c00000|  0%| F|  |TAMS 0x00000006d1800000, 0x00000006d1800000| Untracked 
| 839|0x00000006d1c00000, 0x00000006d1c00000, 0x00000006d2000000|  0%| F|  |TAMS 0x00000006d1c00000, 0x00000006d1c00000| Untracked 
| 840|0x00000006d2000000, 0x00000006d2000000, 0x00000006d2400000|  0%| F|  |TAMS 0x00000006d2000000, 0x00000006d2000000| Untracked 
| 841|0x00000006d2400000, 0x00000006d2400000, 0x00000006d2800000|  0%| F|  |TAMS 0x00000006d2400000, 0x00000006d2400000| Untracked 
| 842|0x00000006d2800000, 0x00000006d2800000, 0x00000006d2c00000|  0%| F|  |TAMS 0x00000006d2800000, 0x00000006d2800000| Untracked 
| 843|0x00000006d2c00000, 0x00000006d2c00000, 0x00000006d3000000|  0%| F|  |TAMS 0x00000006d2c00000, 0x00000006d2c00000| Untracked 
| 844|0x00000006d3000000, 0x00000006d3000000, 0x00000006d3400000|  0%| F|  |TAMS 0x00000006d3000000, 0x00000006d3000000| Untracked 
| 845|0x00000006d3400000, 0x00000006d3400000, 0x00000006d3800000|  0%| F|  |TAMS 0x00000006d3400000, 0x00000006d3400000| Untracked 
| 846|0x00000006d3800000, 0x00000006d3800000, 0x00000006d3c00000|  0%| F|  |TAMS 0x00000006d3800000, 0x00000006d3800000| Untracked 
| 847|0x00000006d3c00000, 0x00000006d3c00000, 0x00000006d4000000|  0%| F|  |TAMS 0x00000006d3c00000, 0x00000006d3c00000| Untracked 
| 848|0x00000006d4000000, 0x00000006d4000000, 0x00000006d4400000|  0%| F|  |TAMS 0x00000006d4000000, 0x00000006d4000000| Untracked 
| 849|0x00000006d4400000, 0x00000006d4400000, 0x00000006d4800000|  0%| F|  |TAMS 0x00000006d4400000, 0x00000006d4400000| Untracked 
| 850|0x00000006d4800000, 0x00000006d4800000, 0x00000006d4c00000|  0%| F|  |TAMS 0x00000006d4800000, 0x00000006d4800000| Untracked 
| 851|0x00000006d4c00000, 0x00000006d4c00000, 0x00000006d5000000|  0%| F|  |TAMS 0x00000006d4c00000, 0x00000006d4c00000| Untracked 
| 852|0x00000006d5000000, 0x00000006d5000000, 0x00000006d5400000|  0%| F|  |TAMS 0x00000006d5000000, 0x00000006d5000000| Untracked 
| 853|0x00000006d5400000, 0x00000006d5400000, 0x00000006d5800000|  0%| F|  |TAMS 0x00000006d5400000, 0x00000006d5400000| Untracked 
| 854|0x00000006d5800000, 0x00000006d5800000, 0x00000006d5c00000|  0%| F|  |TAMS 0x00000006d5800000, 0x00000006d5800000| Untracked 
| 855|0x00000006d5c00000, 0x00000006d5c00000, 0x00000006d6000000|  0%| F|  |TAMS 0x00000006d5c00000, 0x00000006d5c00000| Untracked 
| 856|0x00000006d6000000, 0x00000006d6000000, 0x00000006d6400000|  0%| F|  |TAMS 0x00000006d6000000, 0x00000006d6000000| Untracked 
| 857|0x00000006d6400000, 0x00000006d6400000, 0x00000006d6800000|  0%| F|  |TAMS 0x00000006d6400000, 0x00000006d6400000| Untracked 
| 858|0x00000006d6800000, 0x00000006d6800000, 0x00000006d6c00000|  0%| F|  |TAMS 0x00000006d6800000, 0x00000006d6800000| Untracked 
| 859|0x00000006d6c00000, 0x00000006d6c00000, 0x00000006d7000000|  0%| F|  |TAMS 0x00000006d6c00000, 0x00000006d6c00000| Untracked 
| 860|0x00000006d7000000, 0x00000006d7000000, 0x00000006d7400000|  0%| F|  |TAMS 0x00000006d7000000, 0x00000006d7000000| Untracked 
| 861|0x00000006d7400000, 0x00000006d7400000, 0x00000006d7800000|  0%| F|  |TAMS 0x00000006d7400000, 0x00000006d7400000| Untracked 
| 862|0x00000006d7800000, 0x00000006d7800000, 0x00000006d7c00000|  0%| F|  |TAMS 0x00000006d7800000, 0x00000006d7800000| Untracked 
| 863|0x00000006d7c00000, 0x00000006d7c00000, 0x00000006d8000000|  0%| F|  |TAMS 0x00000006d7c00000, 0x00000006d7c00000| Untracked 
| 864|0x00000006d8000000, 0x00000006d8000000, 0x00000006d8400000|  0%| F|  |TAMS 0x00000006d8000000, 0x00000006d8000000| Untracked 
| 865|0x00000006d8400000, 0x00000006d8400000, 0x00000006d8800000|  0%| F|  |TAMS 0x00000006d8400000, 0x00000006d8400000| Untracked 
| 866|0x00000006d8800000, 0x00000006d8800000, 0x00000006d8c00000|  0%| F|  |TAMS 0x00000006d8800000, 0x00000006d8800000| Untracked 
| 867|0x00000006d8c00000, 0x00000006d8c00000, 0x00000006d9000000|  0%| F|  |TAMS 0x00000006d8c00000, 0x00000006d8c00000| Untracked 
| 868|0x00000006d9000000, 0x00000006d9000000, 0x00000006d9400000|  0%| F|  |TAMS 0x00000006d9000000, 0x00000006d9000000| Untracked 
| 869|0x00000006d9400000, 0x00000006d9400000, 0x00000006d9800000|  0%| F|  |TAMS 0x00000006d9400000, 0x00000006d9400000| Untracked 
| 870|0x00000006d9800000, 0x00000006d9800000, 0x00000006d9c00000|  0%| F|  |TAMS 0x00000006d9800000, 0x00000006d9800000| Untracked 
| 871|0x00000006d9c00000, 0x00000006d9c00000, 0x00000006da000000|  0%| F|  |TAMS 0x00000006d9c00000, 0x00000006d9c00000| Untracked 
| 872|0x00000006da000000, 0x00000006da000000, 0x00000006da400000|  0%| F|  |TAMS 0x00000006da000000, 0x00000006da000000| Untracked 
| 873|0x00000006da400000, 0x00000006da400000, 0x00000006da800000|  0%| F|  |TAMS 0x00000006da400000, 0x00000006da400000| Untracked 
| 874|0x00000006da800000, 0x00000006da800000, 0x00000006dac00000|  0%| F|  |TAMS 0x00000006da800000, 0x00000006da800000| Untracked 
| 875|0x00000006dac00000, 0x00000006dac00000, 0x00000006db000000|  0%| F|  |TAMS 0x00000006dac00000, 0x00000006dac00000| Untracked 
| 876|0x00000006db000000, 0x00000006db000000, 0x00000006db400000|  0%| F|  |TAMS 0x00000006db000000, 0x00000006db000000| Untracked 
| 877|0x00000006db400000, 0x00000006db400000, 0x00000006db800000|  0%| F|  |TAMS 0x00000006db400000, 0x00000006db400000| Untracked 
| 878|0x00000006db800000, 0x00000006db800000, 0x00000006dbc00000|  0%| F|  |TAMS 0x00000006db800000, 0x00000006db800000| Untracked 
| 879|0x00000006dbc00000, 0x00000006dbc00000, 0x00000006dc000000|  0%| F|  |TAMS 0x00000006dbc00000, 0x00000006dbc00000| Untracked 
| 880|0x00000006dc000000, 0x00000006dc000000, 0x00000006dc400000|  0%| F|  |TAMS 0x00000006dc000000, 0x00000006dc000000| Untracked 
| 881|0x00000006dc400000, 0x00000006dc400000, 0x00000006dc800000|  0%| F|  |TAMS 0x00000006dc400000, 0x00000006dc400000| Untracked 
| 882|0x00000006dc800000, 0x00000006dc800000, 0x00000006dcc00000|  0%| F|  |TAMS 0x00000006dc800000, 0x00000006dc800000| Untracked 
| 883|0x00000006dcc00000, 0x00000006dcc00000, 0x00000006dd000000|  0%| F|  |TAMS 0x00000006dcc00000, 0x00000006dcc00000| Untracked 
| 884|0x00000006dd000000, 0x00000006dd000000, 0x00000006dd400000|  0%| F|  |TAMS 0x00000006dd000000, 0x00000006dd000000| Untracked 
| 885|0x00000006dd400000, 0x00000006dd400000, 0x00000006dd800000|  0%| F|  |TAMS 0x00000006dd400000, 0x00000006dd400000| Untracked 
| 886|0x00000006dd800000, 0x00000006dd800000, 0x00000006ddc00000|  0%| F|  |TAMS 0x00000006dd800000, 0x00000006dd800000| Untracked 
| 887|0x00000006ddc00000, 0x00000006ddc00000, 0x00000006de000000|  0%| F|  |TAMS 0x00000006ddc00000, 0x00000006ddc00000| Untracked 
| 888|0x00000006de000000, 0x00000006de000000, 0x00000006de400000|  0%| F|  |TAMS 0x00000006de000000, 0x00000006de000000| Untracked 
| 889|0x00000006de400000, 0x00000006de400000, 0x00000006de800000|  0%| F|  |TAMS 0x00000006de400000, 0x00000006de400000| Untracked 
| 890|0x00000006de800000, 0x00000006de800000, 0x00000006dec00000|  0%| F|  |TAMS 0x00000006de800000, 0x00000006de800000| Untracked 
| 891|0x00000006dec00000, 0x00000006dec00000, 0x00000006df000000|  0%| F|  |TAMS 0x00000006dec00000, 0x00000006dec00000| Untracked 
| 892|0x00000006df000000, 0x00000006df000000, 0x00000006df400000|  0%| F|  |TAMS 0x00000006df000000, 0x00000006df000000| Untracked 
| 893|0x00000006df400000, 0x00000006df400000, 0x00000006df800000|  0%| F|  |TAMS 0x00000006df400000, 0x00000006df400000| Untracked 
| 894|0x00000006df800000, 0x00000006df800000, 0x00000006dfc00000|  0%| F|  |TAMS 0x00000006df800000, 0x00000006df800000| Untracked 
| 895|0x00000006dfc00000, 0x00000006dfc00000, 0x00000006e0000000|  0%| F|  |TAMS 0x00000006dfc00000, 0x00000006dfc00000| Untracked 
| 896|0x00000006e0000000, 0x00000006e0000000, 0x00000006e0400000|  0%| F|  |TAMS 0x00000006e0000000, 0x00000006e0000000| Untracked 
| 897|0x00000006e0400000, 0x00000006e0400000, 0x00000006e0800000|  0%| F|  |TAMS 0x00000006e0400000, 0x00000006e0400000| Untracked 
| 898|0x00000006e0800000, 0x00000006e0800000, 0x00000006e0c00000|  0%| F|  |TAMS 0x00000006e0800000, 0x00000006e0800000| Untracked 
| 899|0x00000006e0c00000, 0x00000006e0c00000, 0x00000006e1000000|  0%| F|  |TAMS 0x00000006e0c00000, 0x00000006e0c00000| Untracked 
| 900|0x00000006e1000000, 0x00000006e1000000, 0x00000006e1400000|  0%| F|  |TAMS 0x00000006e1000000, 0x00000006e1000000| Untracked 
| 901|0x00000006e1400000, 0x00000006e1400000, 0x00000006e1800000|  0%| F|  |TAMS 0x00000006e1400000, 0x00000006e1400000| Untracked 
| 902|0x00000006e1800000, 0x00000006e1800000, 0x00000006e1c00000|  0%| F|  |TAMS 0x00000006e1800000, 0x00000006e1800000| Untracked 
| 903|0x00000006e1c00000, 0x00000006e1c00000, 0x00000006e2000000|  0%| F|  |TAMS 0x00000006e1c00000, 0x00000006e1c00000| Untracked 
| 904|0x00000006e2000000, 0x00000006e2000000, 0x00000006e2400000|  0%| F|  |TAMS 0x00000006e2000000, 0x00000006e2000000| Untracked 
| 905|0x00000006e2400000, 0x00000006e2400000, 0x00000006e2800000|  0%| F|  |TAMS 0x00000006e2400000, 0x00000006e2400000| Untracked 
| 906|0x00000006e2800000, 0x00000006e2800000, 0x00000006e2c00000|  0%| F|  |TAMS 0x00000006e2800000, 0x00000006e2800000| Untracked 
| 907|0x00000006e2c00000, 0x00000006e2c00000, 0x00000006e3000000|  0%| F|  |TAMS 0x00000006e2c00000, 0x00000006e2c00000| Untracked 
| 908|0x00000006e3000000, 0x00000006e3000000, 0x00000006e3400000|  0%| F|  |TAMS 0x00000006e3000000, 0x00000006e3000000| Untracked 
| 909|0x00000006e3400000, 0x00000006e3400000, 0x00000006e3800000|  0%| F|  |TAMS 0x00000006e3400000, 0x00000006e3400000| Untracked 
| 910|0x00000006e3800000, 0x00000006e3800000, 0x00000006e3c00000|  0%| F|  |TAMS 0x00000006e3800000, 0x00000006e3800000| Untracked 
| 911|0x00000006e3c00000, 0x00000006e3c00000, 0x00000006e4000000|  0%| F|  |TAMS 0x00000006e3c00000, 0x00000006e3c00000| Untracked 
| 912|0x00000006e4000000, 0x00000006e4000000, 0x00000006e4400000|  0%| F|  |TAMS 0x00000006e4000000, 0x00000006e4000000| Untracked 
| 913|0x00000006e4400000, 0x00000006e4400000, 0x00000006e4800000|  0%| F|  |TAMS 0x00000006e4400000, 0x00000006e4400000| Untracked 
| 914|0x00000006e4800000, 0x00000006e4800000, 0x00000006e4c00000|  0%| F|  |TAMS 0x00000006e4800000, 0x00000006e4800000| Untracked 
| 915|0x00000006e4c00000, 0x00000006e4c00000, 0x00000006e5000000|  0%| F|  |TAMS 0x00000006e4c00000, 0x00000006e4c00000| Untracked 
| 916|0x00000006e5000000, 0x00000006e5000000, 0x00000006e5400000|  0%| F|  |TAMS 0x00000006e5000000, 0x00000006e5000000| Untracked 
| 917|0x00000006e5400000, 0x00000006e5400000, 0x00000006e5800000|  0%| F|  |TAMS 0x00000006e5400000, 0x00000006e5400000| Untracked 
| 918|0x00000006e5800000, 0x00000006e5800000, 0x00000006e5c00000|  0%| F|  |TAMS 0x00000006e5800000, 0x00000006e5800000| Untracked 
| 919|0x00000006e5c00000, 0x00000006e5c00000, 0x00000006e6000000|  0%| F|  |TAMS 0x00000006e5c00000, 0x00000006e5c00000| Untracked 
| 920|0x00000006e6000000, 0x00000006e6000000, 0x00000006e6400000|  0%| F|  |TAMS 0x00000006e6000000, 0x00000006e6000000| Untracked 
| 921|0x00000006e6400000, 0x00000006e6400000, 0x00000006e6800000|  0%| F|  |TAMS 0x00000006e6400000, 0x00000006e6400000| Untracked 
| 922|0x00000006e6800000, 0x00000006e6800000, 0x00000006e6c00000|  0%| F|  |TAMS 0x00000006e6800000, 0x00000006e6800000| Untracked 
| 923|0x00000006e6c00000, 0x00000006e6c00000, 0x00000006e7000000|  0%| F|  |TAMS 0x00000006e6c00000, 0x00000006e6c00000| Untracked 
| 924|0x00000006e7000000, 0x00000006e7000000, 0x00000006e7400000|  0%| F|  |TAMS 0x00000006e7000000, 0x00000006e7000000| Untracked 
| 925|0x00000006e7400000, 0x00000006e7400000, 0x00000006e7800000|  0%| F|  |TAMS 0x00000006e7400000, 0x00000006e7400000| Untracked 
| 926|0x00000006e7800000, 0x00000006e7800000, 0x00000006e7c00000|  0%| F|  |TAMS 0x00000006e7800000, 0x00000006e7800000| Untracked 
| 927|0x00000006e7c00000, 0x00000006e7c00000, 0x00000006e8000000|  0%| F|  |TAMS 0x00000006e7c00000, 0x00000006e7c00000| Untracked 
| 928|0x00000006e8000000, 0x00000006e8000000, 0x00000006e8400000|  0%| F|  |TAMS 0x00000006e8000000, 0x00000006e8000000| Untracked 
| 929|0x00000006e8400000, 0x00000006e8400000, 0x00000006e8800000|  0%| F|  |TAMS 0x00000006e8400000, 0x00000006e8400000| Untracked 
| 930|0x00000006e8800000, 0x00000006e8800000, 0x00000006e8c00000|  0%| F|  |TAMS 0x00000006e8800000, 0x00000006e8800000| Untracked 
| 931|0x00000006e8c00000, 0x00000006e8c00000, 0x00000006e9000000|  0%| F|  |TAMS 0x00000006e8c00000, 0x00000006e8c00000| Untracked 
| 932|0x00000006e9000000, 0x00000006e9000000, 0x00000006e9400000|  0%| F|  |TAMS 0x00000006e9000000, 0x00000006e9000000| Untracked 
| 933|0x00000006e9400000, 0x00000006e9400000, 0x00000006e9800000|  0%| F|  |TAMS 0x00000006e9400000, 0x00000006e9400000| Untracked 
| 934|0x00000006e9800000, 0x00000006e9800000, 0x00000006e9c00000|  0%| F|  |TAMS 0x00000006e9800000, 0x00000006e9800000| Untracked 
| 935|0x00000006e9c00000, 0x00000006e9c00000, 0x00000006ea000000|  0%| F|  |TAMS 0x00000006e9c00000, 0x00000006e9c00000| Untracked 
| 936|0x00000006ea000000, 0x00000006ea000000, 0x00000006ea400000|  0%| F|  |TAMS 0x00000006ea000000, 0x00000006ea000000| Untracked 
| 937|0x00000006ea400000, 0x00000006ea400000, 0x00000006ea800000|  0%| F|  |TAMS 0x00000006ea400000, 0x00000006ea400000| Untracked 
| 938|0x00000006ea800000, 0x00000006ea800000, 0x00000006eac00000|  0%| F|  |TAMS 0x00000006ea800000, 0x00000006ea800000| Untracked 
| 939|0x00000006eac00000, 0x00000006eac00000, 0x00000006eb000000|  0%| F|  |TAMS 0x00000006eac00000, 0x00000006eac00000| Untracked 
| 940|0x00000006eb000000, 0x00000006eb000000, 0x00000006eb400000|  0%| F|  |TAMS 0x00000006eb000000, 0x00000006eb000000| Untracked 
| 941|0x00000006eb400000, 0x00000006eb400000, 0x00000006eb800000|  0%| F|  |TAMS 0x00000006eb400000, 0x00000006eb400000| Untracked 
| 942|0x00000006eb800000, 0x00000006eb800000, 0x00000006ebc00000|  0%| F|  |TAMS 0x00000006eb800000, 0x00000006eb800000| Untracked 
| 943|0x00000006ebc00000, 0x00000006ebc00000, 0x00000006ec000000|  0%| F|  |TAMS 0x00000006ebc00000, 0x00000006ebc00000| Untracked 
| 944|0x00000006ec000000, 0x00000006ec000000, 0x00000006ec400000|  0%| F|  |TAMS 0x00000006ec000000, 0x00000006ec000000| Untracked 
| 945|0x00000006ec400000, 0x00000006ec400000, 0x00000006ec800000|  0%| F|  |TAMS 0x00000006ec400000, 0x00000006ec400000| Untracked 
| 946|0x00000006ec800000, 0x00000006ec800000, 0x00000006ecc00000|  0%| F|  |TAMS 0x00000006ec800000, 0x00000006ec800000| Untracked 
| 947|0x00000006ecc00000, 0x00000006ecc00000, 0x00000006ed000000|  0%| F|  |TAMS 0x00000006ecc00000, 0x00000006ecc00000| Untracked 
| 948|0x00000006ed000000, 0x00000006ed000000, 0x00000006ed400000|  0%| F|  |TAMS 0x00000006ed000000, 0x00000006ed000000| Untracked 
| 949|0x00000006ed400000, 0x00000006ed400000, 0x00000006ed800000|  0%| F|  |TAMS 0x00000006ed400000, 0x00000006ed400000| Untracked 
| 950|0x00000006ed800000, 0x00000006ed800000, 0x00000006edc00000|  0%| F|  |TAMS 0x00000006ed800000, 0x00000006ed800000| Untracked 
| 951|0x00000006edc00000, 0x00000006edc00000, 0x00000006ee000000|  0%| F|  |TAMS 0x00000006edc00000, 0x00000006edc00000| Untracked 
| 952|0x00000006ee000000, 0x00000006ee000000, 0x00000006ee400000|  0%| F|  |TAMS 0x00000006ee000000, 0x00000006ee000000| Untracked 
| 953|0x00000006ee400000, 0x00000006ee400000, 0x00000006ee800000|  0%| F|  |TAMS 0x00000006ee400000, 0x00000006ee400000| Untracked 
| 954|0x00000006ee800000, 0x00000006ee800000, 0x00000006eec00000|  0%| F|  |TAMS 0x00000006ee800000, 0x00000006ee800000| Untracked 
| 955|0x00000006eec00000, 0x00000006eec00000, 0x00000006ef000000|  0%| F|  |TAMS 0x00000006eec00000, 0x00000006eec00000| Untracked 
| 956|0x00000006ef000000, 0x00000006ef000000, 0x00000006ef400000|  0%| F|  |TAMS 0x00000006ef000000, 0x00000006ef000000| Untracked 
| 957|0x00000006ef400000, 0x00000006ef400000, 0x00000006ef800000|  0%| F|  |TAMS 0x00000006ef400000, 0x00000006ef400000| Untracked 
| 958|0x00000006ef800000, 0x00000006ef800000, 0x00000006efc00000|  0%| F|  |TAMS 0x00000006ef800000, 0x00000006ef800000| Untracked 
| 959|0x00000006efc00000, 0x00000006efc00000, 0x00000006f0000000|  0%| F|  |TAMS 0x00000006efc00000, 0x00000006efc00000| Untracked 
| 960|0x00000006f0000000, 0x00000006f0000000, 0x00000006f0400000|  0%| F|  |TAMS 0x00000006f0000000, 0x00000006f0000000| Untracked 
| 961|0x00000006f0400000, 0x00000006f0400000, 0x00000006f0800000|  0%| F|  |TAMS 0x00000006f0400000, 0x00000006f0400000| Untracked 
| 962|0x00000006f0800000, 0x00000006f0800000, 0x00000006f0c00000|  0%| F|  |TAMS 0x00000006f0800000, 0x00000006f0800000| Untracked 
| 963|0x00000006f0c00000, 0x00000006f0c00000, 0x00000006f1000000|  0%| F|  |TAMS 0x00000006f0c00000, 0x00000006f0c00000| Untracked 
| 964|0x00000006f1000000, 0x00000006f1000000, 0x00000006f1400000|  0%| F|  |TAMS 0x00000006f1000000, 0x00000006f1000000| Untracked 
| 965|0x00000006f1400000, 0x00000006f1400000, 0x00000006f1800000|  0%| F|  |TAMS 0x00000006f1400000, 0x00000006f1400000| Untracked 
| 966|0x00000006f1800000, 0x00000006f1800000, 0x00000006f1c00000|  0%| F|  |TAMS 0x00000006f1800000, 0x00000006f1800000| Untracked 
| 967|0x00000006f1c00000, 0x00000006f1c00000, 0x00000006f2000000|  0%| F|  |TAMS 0x00000006f1c00000, 0x00000006f1c00000| Untracked 
| 968|0x00000006f2000000, 0x00000006f2000000, 0x00000006f2400000|  0%| F|  |TAMS 0x00000006f2000000, 0x00000006f2000000| Untracked 
| 969|0x00000006f2400000, 0x00000006f2400000, 0x00000006f2800000|  0%| F|  |TAMS 0x00000006f2400000, 0x00000006f2400000| Untracked 
| 970|0x00000006f2800000, 0x00000006f2800000, 0x00000006f2c00000|  0%| F|  |TAMS 0x00000006f2800000, 0x00000006f2800000| Untracked 
| 971|0x00000006f2c00000, 0x00000006f2c00000, 0x00000006f3000000|  0%| F|  |TAMS 0x00000006f2c00000, 0x00000006f2c00000| Untracked 
| 972|0x00000006f3000000, 0x00000006f3000000, 0x00000006f3400000|  0%| F|  |TAMS 0x00000006f3000000, 0x00000006f3000000| Untracked 
| 973|0x00000006f3400000, 0x00000006f3400000, 0x00000006f3800000|  0%| F|  |TAMS 0x00000006f3400000, 0x00000006f3400000| Untracked 
| 974|0x00000006f3800000, 0x00000006f3800000, 0x00000006f3c00000|  0%| F|  |TAMS 0x00000006f3800000, 0x00000006f3800000| Untracked 
| 975|0x00000006f3c00000, 0x00000006f3c00000, 0x00000006f4000000|  0%| F|  |TAMS 0x00000006f3c00000, 0x00000006f3c00000| Untracked 
| 976|0x00000006f4000000, 0x00000006f4000000, 0x00000006f4400000|  0%| F|  |TAMS 0x00000006f4000000, 0x00000006f4000000| Untracked 
| 977|0x00000006f4400000, 0x00000006f4400000, 0x00000006f4800000|  0%| F|  |TAMS 0x00000006f4400000, 0x00000006f4400000| Untracked 
| 978|0x00000006f4800000, 0x00000006f4800000, 0x00000006f4c00000|  0%| F|  |TAMS 0x00000006f4800000, 0x00000006f4800000| Untracked 
| 979|0x00000006f4c00000, 0x00000006f4c00000, 0x00000006f5000000|  0%| F|  |TAMS 0x00000006f4c00000, 0x00000006f4c00000| Untracked 
| 980|0x00000006f5000000, 0x00000006f5000000, 0x00000006f5400000|  0%| F|  |TAMS 0x00000006f5000000, 0x00000006f5000000| Untracked 
| 981|0x00000006f5400000, 0x00000006f5400000, 0x00000006f5800000|  0%| F|  |TAMS 0x00000006f5400000, 0x00000006f5400000| Untracked 
| 982|0x00000006f5800000, 0x00000006f5800000, 0x00000006f5c00000|  0%| F|  |TAMS 0x00000006f5800000, 0x00000006f5800000| Untracked 
| 983|0x00000006f5c00000, 0x00000006f5c00000, 0x00000006f6000000|  0%| F|  |TAMS 0x00000006f5c00000, 0x00000006f5c00000| Untracked 
| 984|0x00000006f6000000, 0x00000006f6000000, 0x00000006f6400000|  0%| F|  |TAMS 0x00000006f6000000, 0x00000006f6000000| Untracked 
| 985|0x00000006f6400000, 0x00000006f6400000, 0x00000006f6800000|  0%| F|  |TAMS 0x00000006f6400000, 0x00000006f6400000| Untracked 
| 986|0x00000006f6800000, 0x00000006f6800000, 0x00000006f6c00000|  0%| F|  |TAMS 0x00000006f6800000, 0x00000006f6800000| Untracked 
| 987|0x00000006f6c00000, 0x00000006f6c00000, 0x00000006f7000000|  0%| F|  |TAMS 0x00000006f6c00000, 0x00000006f6c00000| Untracked 
| 988|0x00000006f7000000, 0x00000006f7000000, 0x00000006f7400000|  0%| F|  |TAMS 0x00000006f7000000, 0x00000006f7000000| Untracked 
| 989|0x00000006f7400000, 0x00000006f7400000, 0x00000006f7800000|  0%| F|  |TAMS 0x00000006f7400000, 0x00000006f7400000| Untracked 
| 990|0x00000006f7800000, 0x00000006f7800000, 0x00000006f7c00000|  0%| F|  |TAMS 0x00000006f7800000, 0x00000006f7800000| Untracked 
| 991|0x00000006f7c00000, 0x00000006f7c00000, 0x00000006f8000000|  0%| F|  |TAMS 0x00000006f7c00000, 0x00000006f7c00000| Untracked 
| 992|0x00000006f8000000, 0x00000006f8000000, 0x00000006f8400000|  0%| F|  |TAMS 0x00000006f8000000, 0x00000006f8000000| Untracked 
| 993|0x00000006f8400000, 0x00000006f8400000, 0x00000006f8800000|  0%| F|  |TAMS 0x00000006f8400000, 0x00000006f8400000| Untracked 
| 994|0x00000006f8800000, 0x00000006f8800000, 0x00000006f8c00000|  0%| F|  |TAMS 0x00000006f8800000, 0x00000006f8800000| Untracked 
| 995|0x00000006f8c00000, 0x00000006f8c00000, 0x00000006f9000000|  0%| F|  |TAMS 0x00000006f8c00000, 0x00000006f8c00000| Untracked 
| 996|0x00000006f9000000, 0x00000006f9000000, 0x00000006f9400000|  0%| F|  |TAMS 0x00000006f9000000, 0x00000006f9000000| Untracked 
| 997|0x00000006f9400000, 0x00000006f9400000, 0x00000006f9800000|  0%| F|  |TAMS 0x00000006f9400000, 0x00000006f9400000| Untracked 
| 998|0x00000006f9800000, 0x00000006f9800000, 0x00000006f9c00000|  0%| F|  |TAMS 0x00000006f9800000, 0x00000006f9800000| Untracked 
| 999|0x00000006f9c00000, 0x00000006f9c00000, 0x00000006fa000000|  0%| F|  |TAMS 0x00000006f9c00000, 0x00000006f9c00000| Untracked 
|1000|0x00000006fa000000, 0x00000006fa000000, 0x00000006fa400000|  0%| F|  |TAMS 0x00000006fa000000, 0x00000006fa000000| Untracked 
|1001|0x00000006fa400000, 0x00000006fa400000, 0x00000006fa800000|  0%| F|  |TAMS 0x00000006fa400000, 0x00000006fa400000| Untracked 
|1002|0x00000006fa800000, 0x00000006fa800000, 0x00000006fac00000|  0%| F|  |TAMS 0x00000006fa800000, 0x00000006fa800000| Untracked 
|1003|0x00000006fac00000, 0x00000006fac00000, 0x00000006fb000000|  0%| F|  |TAMS 0x00000006fac00000, 0x00000006fac00000| Untracked 
|1004|0x00000006fb000000, 0x00000006fb000000, 0x00000006fb400000|  0%| F|  |TAMS 0x00000006fb000000, 0x00000006fb000000| Untracked 
|1005|0x00000006fb400000, 0x00000006fb400000, 0x00000006fb800000|  0%| F|  |TAMS 0x00000006fb400000, 0x00000006fb400000| Untracked 
|1006|0x00000006fb800000, 0x00000006fb800000, 0x00000006fbc00000|  0%| F|  |TAMS 0x00000006fb800000, 0x00000006fb800000| Untracked 
|1007|0x00000006fbc00000, 0x00000006fbc00000, 0x00000006fc000000|  0%| F|  |TAMS 0x00000006fbc00000, 0x00000006fbc00000| Untracked 
|1008|0x00000006fc000000, 0x00000006fc000000, 0x00000006fc400000|  0%| F|  |TAMS 0x00000006fc000000, 0x00000006fc000000| Untracked 
|1009|0x00000006fc400000, 0x00000006fc400000, 0x00000006fc800000|  0%| F|  |TAMS 0x00000006fc400000, 0x00000006fc400000| Untracked 
|1010|0x00000006fc800000, 0x00000006fc800000, 0x00000006fcc00000|  0%| F|  |TAMS 0x00000006fc800000, 0x00000006fc800000| Untracked 
|1011|0x00000006fcc00000, 0x00000006fcc00000, 0x00000006fd000000|  0%| F|  |TAMS 0x00000006fcc00000, 0x00000006fcc00000| Untracked 
|1012|0x00000006fd000000, 0x00000006fd000000, 0x00000006fd400000|  0%| F|  |TAMS 0x00000006fd000000, 0x00000006fd000000| Untracked 
|1013|0x00000006fd400000, 0x00000006fd400000, 0x00000006fd800000|  0%| F|  |TAMS 0x00000006fd400000, 0x00000006fd400000| Untracked 
|1014|0x00000006fd800000, 0x00000006fd800000, 0x00000006fdc00000|  0%| F|  |TAMS 0x00000006fd800000, 0x00000006fd800000| Untracked 
|1015|0x00000006fdc00000, 0x00000006fdc00000, 0x00000006fe000000|  0%| F|  |TAMS 0x00000006fdc00000, 0x00000006fdc00000| Untracked 
|1016|0x00000006fe000000, 0x00000006fe000000, 0x00000006fe400000|  0%| F|  |TAMS 0x00000006fe000000, 0x00000006fe000000| Untracked 
|1017|0x00000006fe400000, 0x00000006fe400000, 0x00000006fe800000|  0%| F|  |TAMS 0x00000006fe400000, 0x00000006fe400000| Untracked 
|1018|0x00000006fe800000, 0x00000006fe800000, 0x00000006fec00000|  0%| F|  |TAMS 0x00000006fe800000, 0x00000006fe800000| Untracked 
|1019|0x00000006fec00000, 0x00000006fec00000, 0x00000006ff000000|  0%| F|  |TAMS 0x00000006fec00000, 0x00000006fec00000| Untracked 
|1020|0x00000006ff000000, 0x00000006ff000000, 0x00000006ff400000|  0%| F|  |TAMS 0x00000006ff000000, 0x00000006ff000000| Untracked 
|1021|0x00000006ff400000, 0x00000006ff400000, 0x00000006ff800000|  0%| F|  |TAMS 0x00000006ff400000, 0x00000006ff400000| Untracked 
|1022|0x00000006ff800000, 0x00000006ff800000, 0x00000006ffc00000|  0%| F|  |TAMS 0x00000006ff800000, 0x00000006ff800000| Untracked 
|1023|0x00000006ffc00000, 0x00000006ffc00000, 0x0000000700000000|  0%| F|  |TAMS 0x00000006ffc00000, 0x00000006ffc00000| Untracked 
|1024|0x0000000700000000, 0x0000000700000000, 0x0000000700400000|  0%| F|  |TAMS 0x0000000700000000, 0x0000000700000000| Untracked 
|1025|0x0000000700400000, 0x0000000700400000, 0x0000000700800000|  0%| F|  |TAMS 0x0000000700400000, 0x0000000700400000| Untracked 
|1026|0x0000000700800000, 0x0000000700800000, 0x0000000700c00000|  0%| F|  |TAMS 0x0000000700800000, 0x0000000700800000| Untracked 
|1027|0x0000000700c00000, 0x0000000700c00000, 0x0000000701000000|  0%| F|  |TAMS 0x0000000700c00000, 0x0000000700c00000| Untracked 
|1028|0x0000000701000000, 0x0000000701000000, 0x0000000701400000|  0%| F|  |TAMS 0x0000000701000000, 0x0000000701000000| Untracked 
|1029|0x0000000701400000, 0x0000000701400000, 0x0000000701800000|  0%| F|  |TAMS 0x0000000701400000, 0x0000000701400000| Untracked 
|1030|0x0000000701800000, 0x0000000701800000, 0x0000000701c00000|  0%| F|  |TAMS 0x0000000701800000, 0x0000000701800000| Untracked 
|1031|0x0000000701c00000, 0x0000000701c00000, 0x0000000702000000|  0%| F|  |TAMS 0x0000000701c00000, 0x0000000701c00000| Untracked 
|1032|0x0000000702000000, 0x0000000702000000, 0x0000000702400000|  0%| F|  |TAMS 0x0000000702000000, 0x0000000702000000| Untracked 
|1033|0x0000000702400000, 0x0000000702400000, 0x0000000702800000|  0%| F|  |TAMS 0x0000000702400000, 0x0000000702400000| Untracked 
|1034|0x0000000702800000, 0x0000000702800000, 0x0000000702c00000|  0%| F|  |TAMS 0x0000000702800000, 0x0000000702800000| Untracked 
|1035|0x0000000702c00000, 0x0000000702c00000, 0x0000000703000000|  0%| F|  |TAMS 0x0000000702c00000, 0x0000000702c00000| Untracked 
|1036|0x0000000703000000, 0x0000000703000000, 0x0000000703400000|  0%| F|  |TAMS 0x0000000703000000, 0x0000000703000000| Untracked 
|1037|0x0000000703400000, 0x0000000703400000, 0x0000000703800000|  0%| F|  |TAMS 0x0000000703400000, 0x0000000703400000| Untracked 
|1038|0x0000000703800000, 0x0000000703800000, 0x0000000703c00000|  0%| F|  |TAMS 0x0000000703800000, 0x0000000703800000| Untracked 
|1039|0x0000000703c00000, 0x0000000703c00000, 0x0000000704000000|  0%| F|  |TAMS 0x0000000703c00000, 0x0000000703c00000| Untracked 
|1040|0x0000000704000000, 0x0000000704000000, 0x0000000704400000|  0%| F|  |TAMS 0x0000000704000000, 0x0000000704000000| Untracked 
|1041|0x0000000704400000, 0x0000000704400000, 0x0000000704800000|  0%| F|  |TAMS 0x0000000704400000, 0x0000000704400000| Untracked 
|1042|0x0000000704800000, 0x0000000704800000, 0x0000000704c00000|  0%| F|  |TAMS 0x0000000704800000, 0x0000000704800000| Untracked 
|1043|0x0000000704c00000, 0x0000000704c00000, 0x0000000705000000|  0%| F|  |TAMS 0x0000000704c00000, 0x0000000704c00000| Untracked 
|1044|0x0000000705000000, 0x0000000705000000, 0x0000000705400000|  0%| F|  |TAMS 0x0000000705000000, 0x0000000705000000| Untracked 
|1045|0x0000000705400000, 0x0000000705400000, 0x0000000705800000|  0%| F|  |TAMS 0x0000000705400000, 0x0000000705400000| Untracked 
|1046|0x0000000705800000, 0x0000000705800000, 0x0000000705c00000|  0%| F|  |TAMS 0x0000000705800000, 0x0000000705800000| Untracked 
|1047|0x0000000705c00000, 0x0000000705c00000, 0x0000000706000000|  0%| F|  |TAMS 0x0000000705c00000, 0x0000000705c00000| Untracked 
|1048|0x0000000706000000, 0x0000000706000000, 0x0000000706400000|  0%| F|  |TAMS 0x0000000706000000, 0x0000000706000000| Untracked 
|1049|0x0000000706400000, 0x0000000706400000, 0x0000000706800000|  0%| F|  |TAMS 0x0000000706400000, 0x0000000706400000| Untracked 
|1050|0x0000000706800000, 0x0000000706800000, 0x0000000706c00000|  0%| F|  |TAMS 0x0000000706800000, 0x0000000706800000| Untracked 
|1051|0x0000000706c00000, 0x0000000706c00000, 0x0000000707000000|  0%| F|  |TAMS 0x0000000706c00000, 0x0000000706c00000| Untracked 
|1052|0x0000000707000000, 0x0000000707000000, 0x0000000707400000|  0%| F|  |TAMS 0x0000000707000000, 0x0000000707000000| Untracked 
|1053|0x0000000707400000, 0x0000000707400000, 0x0000000707800000|  0%| F|  |TAMS 0x0000000707400000, 0x0000000707400000| Untracked 
|1054|0x0000000707800000, 0x0000000707800000, 0x0000000707c00000|  0%| F|  |TAMS 0x0000000707800000, 0x0000000707800000| Untracked 
|1055|0x0000000707c00000, 0x0000000707c00000, 0x0000000708000000|  0%| F|  |TAMS 0x0000000707c00000, 0x0000000707c00000| Untracked 
|1056|0x0000000708000000, 0x0000000708000000, 0x0000000708400000|  0%| F|  |TAMS 0x0000000708000000, 0x0000000708000000| Untracked 
|1057|0x0000000708400000, 0x0000000708400000, 0x0000000708800000|  0%| F|  |TAMS 0x0000000708400000, 0x0000000708400000| Untracked 
|1058|0x0000000708800000, 0x0000000708800000, 0x0000000708c00000|  0%| F|  |TAMS 0x0000000708800000, 0x0000000708800000| Untracked 
|1059|0x0000000708c00000, 0x0000000708c00000, 0x0000000709000000|  0%| F|  |TAMS 0x0000000708c00000, 0x0000000708c00000| Untracked 
|1060|0x0000000709000000, 0x0000000709000000, 0x0000000709400000|  0%| F|  |TAMS 0x0000000709000000, 0x0000000709000000| Untracked 
|1061|0x0000000709400000, 0x0000000709400000, 0x0000000709800000|  0%| F|  |TAMS 0x0000000709400000, 0x0000000709400000| Untracked 
|1062|0x0000000709800000, 0x0000000709800000, 0x0000000709c00000|  0%| F|  |TAMS 0x0000000709800000, 0x0000000709800000| Untracked 
|1063|0x0000000709c00000, 0x0000000709c00000, 0x000000070a000000|  0%| F|  |TAMS 0x0000000709c00000, 0x0000000709c00000| Untracked 
|1064|0x000000070a000000, 0x000000070a000000, 0x000000070a400000|  0%| F|  |TAMS 0x000000070a000000, 0x000000070a000000| Untracked 
|1065|0x000000070a400000, 0x000000070a400000, 0x000000070a800000|  0%| F|  |TAMS 0x000000070a400000, 0x000000070a400000| Untracked 
|1066|0x000000070a800000, 0x000000070a800000, 0x000000070ac00000|  0%| F|  |TAMS 0x000000070a800000, 0x000000070a800000| Untracked 
|1067|0x000000070ac00000, 0x000000070ac00000, 0x000000070b000000|  0%| F|  |TAMS 0x000000070ac00000, 0x000000070ac00000| Untracked 
|1068|0x000000070b000000, 0x000000070b000000, 0x000000070b400000|  0%| F|  |TAMS 0x000000070b000000, 0x000000070b000000| Untracked 
|1069|0x000000070b400000, 0x000000070b400000, 0x000000070b800000|  0%| F|  |TAMS 0x000000070b400000, 0x000000070b400000| Untracked 
|1070|0x000000070b800000, 0x000000070b800000, 0x000000070bc00000|  0%| F|  |TAMS 0x000000070b800000, 0x000000070b800000| Untracked 
|1071|0x000000070bc00000, 0x000000070bc00000, 0x000000070c000000|  0%| F|  |TAMS 0x000000070bc00000, 0x000000070bc00000| Untracked 
|1072|0x000000070c000000, 0x000000070c000000, 0x000000070c400000|  0%| F|  |TAMS 0x000000070c000000, 0x000000070c000000| Untracked 
|1073|0x000000070c400000, 0x000000070c400000, 0x000000070c800000|  0%| F|  |TAMS 0x000000070c400000, 0x000000070c400000| Untracked 
|1074|0x000000070c800000, 0x000000070c800000, 0x000000070cc00000|  0%| F|  |TAMS 0x000000070c800000, 0x000000070c800000| Untracked 
|1075|0x000000070cc00000, 0x000000070cc00000, 0x000000070d000000|  0%| F|  |TAMS 0x000000070cc00000, 0x000000070cc00000| Untracked 
|1076|0x000000070d000000, 0x000000070d000000, 0x000000070d400000|  0%| F|  |TAMS 0x000000070d000000, 0x000000070d000000| Untracked 
|1077|0x000000070d400000, 0x000000070d400000, 0x000000070d800000|  0%| F|  |TAMS 0x000000070d400000, 0x000000070d400000| Untracked 
|1078|0x000000070d800000, 0x000000070d800000, 0x000000070dc00000|  0%| F|  |TAMS 0x000000070d800000, 0x000000070d800000| Untracked 
|1079|0x000000070dc00000, 0x000000070dc00000, 0x000000070e000000|  0%| F|  |TAMS 0x000000070dc00000, 0x000000070dc00000| Untracked 
|1080|0x000000070e000000, 0x000000070e000000, 0x000000070e400000|  0%| F|  |TAMS 0x000000070e000000, 0x000000070e000000| Untracked 
|1081|0x000000070e400000, 0x000000070e400000, 0x000000070e800000|  0%| F|  |TAMS 0x000000070e400000, 0x000000070e400000| Untracked 
|1082|0x000000070e800000, 0x000000070e800000, 0x000000070ec00000|  0%| F|  |TAMS 0x000000070e800000, 0x000000070e800000| Untracked 
|1083|0x000000070ec00000, 0x000000070ec00000, 0x000000070f000000|  0%| F|  |TAMS 0x000000070ec00000, 0x000000070ec00000| Untracked 
|1084|0x000000070f000000, 0x000000070f000000, 0x000000070f400000|  0%| F|  |TAMS 0x000000070f000000, 0x000000070f000000| Untracked 
|1085|0x000000070f400000, 0x000000070f400000, 0x000000070f800000|  0%| F|  |TAMS 0x000000070f400000, 0x000000070f400000| Untracked 
|1086|0x000000070f800000, 0x000000070f800000, 0x000000070fc00000|  0%| F|  |TAMS 0x000000070f800000, 0x000000070f800000| Untracked 
|1087|0x000000070fc00000, 0x000000070fc00000, 0x0000000710000000|  0%| F|  |TAMS 0x000000070fc00000, 0x000000070fc00000| Untracked 
|1088|0x0000000710000000, 0x0000000710000000, 0x0000000710400000|  0%| F|  |TAMS 0x0000000710000000, 0x0000000710000000| Untracked 
|1089|0x0000000710400000, 0x0000000710400000, 0x0000000710800000|  0%| F|  |TAMS 0x0000000710400000, 0x0000000710400000| Untracked 
|1090|0x0000000710800000, 0x0000000710800000, 0x0000000710c00000|  0%| F|  |TAMS 0x0000000710800000, 0x0000000710800000| Untracked 
|1091|0x0000000710c00000, 0x0000000710c00000, 0x0000000711000000|  0%| F|  |TAMS 0x0000000710c00000, 0x0000000710c00000| Untracked 
|1092|0x0000000711000000, 0x0000000711000000, 0x0000000711400000|  0%| F|  |TAMS 0x0000000711000000, 0x0000000711000000| Untracked 
|1093|0x0000000711400000, 0x0000000711400000, 0x0000000711800000|  0%| F|  |TAMS 0x0000000711400000, 0x0000000711400000| Untracked 
|1094|0x0000000711800000, 0x0000000711800000, 0x0000000711c00000|  0%| F|  |TAMS 0x0000000711800000, 0x0000000711800000| Untracked 
|1095|0x0000000711c00000, 0x0000000711c00000, 0x0000000712000000|  0%| F|  |TAMS 0x0000000711c00000, 0x0000000711c00000| Untracked 
|1096|0x0000000712000000, 0x0000000712000000, 0x0000000712400000|  0%| F|  |TAMS 0x0000000712000000, 0x0000000712000000| Untracked 
|1097|0x0000000712400000, 0x0000000712400000, 0x0000000712800000|  0%| F|  |TAMS 0x0000000712400000, 0x0000000712400000| Untracked 
|1098|0x0000000712800000, 0x0000000712800000, 0x0000000712c00000|  0%| F|  |TAMS 0x0000000712800000, 0x0000000712800000| Untracked 
|1099|0x0000000712c00000, 0x0000000712c00000, 0x0000000713000000|  0%| F|  |TAMS 0x0000000712c00000, 0x0000000712c00000| Untracked 
|1100|0x0000000713000000, 0x0000000713000000, 0x0000000713400000|  0%| F|  |TAMS 0x0000000713000000, 0x0000000713000000| Untracked 
|1101|0x0000000713400000, 0x0000000713400000, 0x0000000713800000|  0%| F|  |TAMS 0x0000000713400000, 0x0000000713400000| Untracked 
|1102|0x0000000713800000, 0x0000000713800000, 0x0000000713c00000|  0%| F|  |TAMS 0x0000000713800000, 0x0000000713800000| Untracked 
|1103|0x0000000713c00000, 0x0000000713c00000, 0x0000000714000000|  0%| F|  |TAMS 0x0000000713c00000, 0x0000000713c00000| Untracked 
|1104|0x0000000714000000, 0x0000000714000000, 0x0000000714400000|  0%| F|  |TAMS 0x0000000714000000, 0x0000000714000000| Untracked 
|1105|0x0000000714400000, 0x0000000714400000, 0x0000000714800000|  0%| F|  |TAMS 0x0000000714400000, 0x0000000714400000| Untracked 
|1106|0x0000000714800000, 0x0000000714800000, 0x0000000714c00000|  0%| F|  |TAMS 0x0000000714800000, 0x0000000714800000| Untracked 
|1107|0x0000000714c00000, 0x0000000714c00000, 0x0000000715000000|  0%| F|  |TAMS 0x0000000714c00000, 0x0000000714c00000| Untracked 
|1108|0x0000000715000000, 0x0000000715000000, 0x0000000715400000|  0%| F|  |TAMS 0x0000000715000000, 0x0000000715000000| Untracked 
|1109|0x0000000715400000, 0x0000000715400000, 0x0000000715800000|  0%| F|  |TAMS 0x0000000715400000, 0x0000000715400000| Untracked 
|1110|0x0000000715800000, 0x0000000715800000, 0x0000000715c00000|  0%| F|  |TAMS 0x0000000715800000, 0x0000000715800000| Untracked 
|1111|0x0000000715c00000, 0x0000000715c00000, 0x0000000716000000|  0%| F|  |TAMS 0x0000000715c00000, 0x0000000715c00000| Untracked 
|1112|0x0000000716000000, 0x0000000716000000, 0x0000000716400000|  0%| F|  |TAMS 0x0000000716000000, 0x0000000716000000| Untracked 
|1113|0x0000000716400000, 0x0000000716400000, 0x0000000716800000|  0%| F|  |TAMS 0x0000000716400000, 0x0000000716400000| Untracked 
|1114|0x0000000716800000, 0x0000000716800000, 0x0000000716c00000|  0%| F|  |TAMS 0x0000000716800000, 0x0000000716800000| Untracked 
|1115|0x0000000716c00000, 0x0000000716c00000, 0x0000000717000000|  0%| F|  |TAMS 0x0000000716c00000, 0x0000000716c00000| Untracked 
|1116|0x0000000717000000, 0x0000000717000000, 0x0000000717400000|  0%| F|  |TAMS 0x0000000717000000, 0x0000000717000000| Untracked 
|1117|0x0000000717400000, 0x0000000717400000, 0x0000000717800000|  0%| F|  |TAMS 0x0000000717400000, 0x0000000717400000| Untracked 
|1118|0x0000000717800000, 0x0000000717800000, 0x0000000717c00000|  0%| F|  |TAMS 0x0000000717800000, 0x0000000717800000| Untracked 
|1119|0x0000000717c00000, 0x0000000717c00000, 0x0000000718000000|  0%| F|  |TAMS 0x0000000717c00000, 0x0000000717c00000| Untracked 
|1120|0x0000000718000000, 0x0000000718000000, 0x0000000718400000|  0%| F|  |TAMS 0x0000000718000000, 0x0000000718000000| Untracked 
|1121|0x0000000718400000, 0x0000000718400000, 0x0000000718800000|  0%| F|  |TAMS 0x0000000718400000, 0x0000000718400000| Untracked 
|1122|0x0000000718800000, 0x0000000718800000, 0x0000000718c00000|  0%| F|  |TAMS 0x0000000718800000, 0x0000000718800000| Untracked 
|1123|0x0000000718c00000, 0x0000000718c00000, 0x0000000719000000|  0%| F|  |TAMS 0x0000000718c00000, 0x0000000718c00000| Untracked 
|1124|0x0000000719000000, 0x0000000719000000, 0x0000000719400000|  0%| F|  |TAMS 0x0000000719000000, 0x0000000719000000| Untracked 
|1125|0x0000000719400000, 0x0000000719400000, 0x0000000719800000|  0%| F|  |TAMS 0x0000000719400000, 0x0000000719400000| Untracked 
|1126|0x0000000719800000, 0x0000000719800000, 0x0000000719c00000|  0%| F|  |TAMS 0x0000000719800000, 0x0000000719800000| Untracked 
|1127|0x0000000719c00000, 0x0000000719c00000, 0x000000071a000000|  0%| F|  |TAMS 0x0000000719c00000, 0x0000000719c00000| Untracked 
|1128|0x000000071a000000, 0x000000071a000000, 0x000000071a400000|  0%| F|  |TAMS 0x000000071a000000, 0x000000071a000000| Untracked 
|1129|0x000000071a400000, 0x000000071a400000, 0x000000071a800000|  0%| F|  |TAMS 0x000000071a400000, 0x000000071a400000| Untracked 
|1130|0x000000071a800000, 0x000000071a800000, 0x000000071ac00000|  0%| F|  |TAMS 0x000000071a800000, 0x000000071a800000| Untracked 
|1131|0x000000071ac00000, 0x000000071ac00000, 0x000000071b000000|  0%| F|  |TAMS 0x000000071ac00000, 0x000000071ac00000| Untracked 
|1132|0x000000071b000000, 0x000000071b000000, 0x000000071b400000|  0%| F|  |TAMS 0x000000071b000000, 0x000000071b000000| Untracked 
|1133|0x000000071b400000, 0x000000071b400000, 0x000000071b800000|  0%| F|  |TAMS 0x000000071b400000, 0x000000071b400000| Untracked 
|1134|0x000000071b800000, 0x000000071b800000, 0x000000071bc00000|  0%| F|  |TAMS 0x000000071b800000, 0x000000071b800000| Untracked 
|1135|0x000000071bc00000, 0x000000071bc00000, 0x000000071c000000|  0%| F|  |TAMS 0x000000071bc00000, 0x000000071bc00000| Untracked 
|1136|0x000000071c000000, 0x000000071c000000, 0x000000071c400000|  0%| F|  |TAMS 0x000000071c000000, 0x000000071c000000| Untracked 
|1137|0x000000071c400000, 0x000000071c400000, 0x000000071c800000|  0%| F|  |TAMS 0x000000071c400000, 0x000000071c400000| Untracked 
|1138|0x000000071c800000, 0x000000071c800000, 0x000000071cc00000|  0%| F|  |TAMS 0x000000071c800000, 0x000000071c800000| Untracked 
|1139|0x000000071cc00000, 0x000000071cc00000, 0x000000071d000000|  0%| F|  |TAMS 0x000000071cc00000, 0x000000071cc00000| Untracked 
|1140|0x000000071d000000, 0x000000071d000000, 0x000000071d400000|  0%| F|  |TAMS 0x000000071d000000, 0x000000071d000000| Untracked 
|1141|0x000000071d400000, 0x000000071d400000, 0x000000071d800000|  0%| F|  |TAMS 0x000000071d400000, 0x000000071d400000| Untracked 
|1142|0x000000071d800000, 0x000000071d800000, 0x000000071dc00000|  0%| F|  |TAMS 0x000000071d800000, 0x000000071d800000| Untracked 
|1143|0x000000071dc00000, 0x000000071dc00000, 0x000000071e000000|  0%| F|  |TAMS 0x000000071dc00000, 0x000000071dc00000| Untracked 
|1144|0x000000071e000000, 0x000000071e000000, 0x000000071e400000|  0%| F|  |TAMS 0x000000071e000000, 0x000000071e000000| Untracked 
|1145|0x000000071e400000, 0x000000071e400000, 0x000000071e800000|  0%| F|  |TAMS 0x000000071e400000, 0x000000071e400000| Untracked 
|1146|0x000000071e800000, 0x000000071e800000, 0x000000071ec00000|  0%| F|  |TAMS 0x000000071e800000, 0x000000071e800000| Untracked 
|1147|0x000000071ec00000, 0x000000071ec00000, 0x000000071f000000|  0%| F|  |TAMS 0x000000071ec00000, 0x000000071ec00000| Untracked 
|1148|0x000000071f000000, 0x000000071f000000, 0x000000071f400000|  0%| F|  |TAMS 0x000000071f000000, 0x000000071f000000| Untracked 
|1149|0x000000071f400000, 0x000000071f400000, 0x000000071f800000|  0%| F|  |TAMS 0x000000071f400000, 0x000000071f400000| Untracked 
|1150|0x000000071f800000, 0x000000071f800000, 0x000000071fc00000|  0%| F|  |TAMS 0x000000071f800000, 0x000000071f800000| Untracked 
|1151|0x000000071fc00000, 0x000000071fc00000, 0x0000000720000000|  0%| F|  |TAMS 0x000000071fc00000, 0x000000071fc00000| Untracked 
|1152|0x0000000720000000, 0x0000000720000000, 0x0000000720400000|  0%| F|  |TAMS 0x0000000720000000, 0x0000000720000000| Untracked 
|1153|0x0000000720400000, 0x0000000720400000, 0x0000000720800000|  0%| F|  |TAMS 0x0000000720400000, 0x0000000720400000| Untracked 
|1154|0x0000000720800000, 0x0000000720800000, 0x0000000720c00000|  0%| F|  |TAMS 0x0000000720800000, 0x0000000720800000| Untracked 
|1155|0x0000000720c00000, 0x0000000720c00000, 0x0000000721000000|  0%| F|  |TAMS 0x0000000720c00000, 0x0000000720c00000| Untracked 
|1156|0x0000000721000000, 0x0000000721000000, 0x0000000721400000|  0%| F|  |TAMS 0x0000000721000000, 0x0000000721000000| Untracked 
|1157|0x0000000721400000, 0x0000000721400000, 0x0000000721800000|  0%| F|  |TAMS 0x0000000721400000, 0x0000000721400000| Untracked 
|1158|0x0000000721800000, 0x0000000721800000, 0x0000000721c00000|  0%| F|  |TAMS 0x0000000721800000, 0x0000000721800000| Untracked 
|1159|0x0000000721c00000, 0x0000000721c00000, 0x0000000722000000|  0%| F|  |TAMS 0x0000000721c00000, 0x0000000721c00000| Untracked 
|1160|0x0000000722000000, 0x0000000722000000, 0x0000000722400000|  0%| F|  |TAMS 0x0000000722000000, 0x0000000722000000| Untracked 
|1161|0x0000000722400000, 0x0000000722400000, 0x0000000722800000|  0%| F|  |TAMS 0x0000000722400000, 0x0000000722400000| Untracked 
|1162|0x0000000722800000, 0x0000000722800000, 0x0000000722c00000|  0%| F|  |TAMS 0x0000000722800000, 0x0000000722800000| Untracked 
|1163|0x0000000722c00000, 0x0000000722c00000, 0x0000000723000000|  0%| F|  |TAMS 0x0000000722c00000, 0x0000000722c00000| Untracked 
|1164|0x0000000723000000, 0x0000000723000000, 0x0000000723400000|  0%| F|  |TAMS 0x0000000723000000, 0x0000000723000000| Untracked 
|1165|0x0000000723400000, 0x0000000723400000, 0x0000000723800000|  0%| F|  |TAMS 0x0000000723400000, 0x0000000723400000| Untracked 
|1166|0x0000000723800000, 0x0000000723800000, 0x0000000723c00000|  0%| F|  |TAMS 0x0000000723800000, 0x0000000723800000| Untracked 
|1167|0x0000000723c00000, 0x0000000723c00000, 0x0000000724000000|  0%| F|  |TAMS 0x0000000723c00000, 0x0000000723c00000| Untracked 
|1168|0x0000000724000000, 0x0000000724000000, 0x0000000724400000|  0%| F|  |TAMS 0x0000000724000000, 0x0000000724000000| Untracked 
|1169|0x0000000724400000, 0x0000000724400000, 0x0000000724800000|  0%| F|  |TAMS 0x0000000724400000, 0x0000000724400000| Untracked 
|1170|0x0000000724800000, 0x0000000724800000, 0x0000000724c00000|  0%| F|  |TAMS 0x0000000724800000, 0x0000000724800000| Untracked 
|1171|0x0000000724c00000, 0x0000000724c00000, 0x0000000725000000|  0%| F|  |TAMS 0x0000000724c00000, 0x0000000724c00000| Untracked 
|1172|0x0000000725000000, 0x0000000725000000, 0x0000000725400000|  0%| F|  |TAMS 0x0000000725000000, 0x0000000725000000| Untracked 
|1173|0x0000000725400000, 0x0000000725400000, 0x0000000725800000|  0%| F|  |TAMS 0x0000000725400000, 0x0000000725400000| Untracked 
|1174|0x0000000725800000, 0x0000000725800000, 0x0000000725c00000|  0%| F|  |TAMS 0x0000000725800000, 0x0000000725800000| Untracked 
|1175|0x0000000725c00000, 0x0000000725c00000, 0x0000000726000000|  0%| F|  |TAMS 0x0000000725c00000, 0x0000000725c00000| Untracked 
|1176|0x0000000726000000, 0x0000000726000000, 0x0000000726400000|  0%| F|  |TAMS 0x0000000726000000, 0x0000000726000000| Untracked 
|1177|0x0000000726400000, 0x0000000726400000, 0x0000000726800000|  0%| F|  |TAMS 0x0000000726400000, 0x0000000726400000| Untracked 
|1178|0x0000000726800000, 0x0000000726800000, 0x0000000726c00000|  0%| F|  |TAMS 0x0000000726800000, 0x0000000726800000| Untracked 
|1179|0x0000000726c00000, 0x0000000726c00000, 0x0000000727000000|  0%| F|  |TAMS 0x0000000726c00000, 0x0000000726c00000| Untracked 
|1180|0x0000000727000000, 0x0000000727000000, 0x0000000727400000|  0%| F|  |TAMS 0x0000000727000000, 0x0000000727000000| Untracked 
|1181|0x0000000727400000, 0x0000000727400000, 0x0000000727800000|  0%| F|  |TAMS 0x0000000727400000, 0x0000000727400000| Untracked 
|1182|0x0000000727800000, 0x0000000727800000, 0x0000000727c00000|  0%| F|  |TAMS 0x0000000727800000, 0x0000000727800000| Untracked 
|1183|0x0000000727c00000, 0x0000000727c00000, 0x0000000728000000|  0%| F|  |TAMS 0x0000000727c00000, 0x0000000727c00000| Untracked 
|1184|0x0000000728000000, 0x0000000728000000, 0x0000000728400000|  0%| F|  |TAMS 0x0000000728000000, 0x0000000728000000| Untracked 
|1185|0x0000000728400000, 0x0000000728400000, 0x0000000728800000|  0%| F|  |TAMS 0x0000000728400000, 0x0000000728400000| Untracked 
|1186|0x0000000728800000, 0x0000000728800000, 0x0000000728c00000|  0%| F|  |TAMS 0x0000000728800000, 0x0000000728800000| Untracked 
|1187|0x0000000728c00000, 0x0000000728c00000, 0x0000000729000000|  0%| F|  |TAMS 0x0000000728c00000, 0x0000000728c00000| Untracked 
|1188|0x0000000729000000, 0x0000000729000000, 0x0000000729400000|  0%| F|  |TAMS 0x0000000729000000, 0x0000000729000000| Untracked 
|1189|0x0000000729400000, 0x0000000729400000, 0x0000000729800000|  0%| F|  |TAMS 0x0000000729400000, 0x0000000729400000| Untracked 
|1190|0x0000000729800000, 0x0000000729800000, 0x0000000729c00000|  0%| F|  |TAMS 0x0000000729800000, 0x0000000729800000| Untracked 
|1191|0x0000000729c00000, 0x0000000729c00000, 0x000000072a000000|  0%| F|  |TAMS 0x0000000729c00000, 0x0000000729c00000| Untracked 
|1192|0x000000072a000000, 0x000000072a000000, 0x000000072a400000|  0%| F|  |TAMS 0x000000072a000000, 0x000000072a000000| Untracked 
|1193|0x000000072a400000, 0x000000072a400000, 0x000000072a800000|  0%| F|  |TAMS 0x000000072a400000, 0x000000072a400000| Untracked 
|1194|0x000000072a800000, 0x000000072a800000, 0x000000072ac00000|  0%| F|  |TAMS 0x000000072a800000, 0x000000072a800000| Untracked 
|1195|0x000000072ac00000, 0x000000072ac00000, 0x000000072b000000|  0%| F|  |TAMS 0x000000072ac00000, 0x000000072ac00000| Untracked 
|1196|0x000000072b000000, 0x000000072b000000, 0x000000072b400000|  0%| F|  |TAMS 0x000000072b000000, 0x000000072b000000| Untracked 
|1197|0x000000072b400000, 0x000000072b400000, 0x000000072b800000|  0%| F|  |TAMS 0x000000072b400000, 0x000000072b400000| Untracked 
|1198|0x000000072b800000, 0x000000072b800000, 0x000000072bc00000|  0%| F|  |TAMS 0x000000072b800000, 0x000000072b800000| Untracked 
|1199|0x000000072bc00000, 0x000000072bc00000, 0x000000072c000000|  0%| F|  |TAMS 0x000000072bc00000, 0x000000072bc00000| Untracked 
|1200|0x000000072c000000, 0x000000072c000000, 0x000000072c400000|  0%| F|  |TAMS 0x000000072c000000, 0x000000072c000000| Untracked 
|1201|0x000000072c400000, 0x000000072c400000, 0x000000072c800000|  0%| F|  |TAMS 0x000000072c400000, 0x000000072c400000| Untracked 
|1202|0x000000072c800000, 0x000000072c800000, 0x000000072cc00000|  0%| F|  |TAMS 0x000000072c800000, 0x000000072c800000| Untracked 
|1203|0x000000072cc00000, 0x000000072cc00000, 0x000000072d000000|  0%| F|  |TAMS 0x000000072cc00000, 0x000000072cc00000| Untracked 
|1204|0x000000072d000000, 0x000000072d000000, 0x000000072d400000|  0%| F|  |TAMS 0x000000072d000000, 0x000000072d000000| Untracked 
|1205|0x000000072d400000, 0x000000072d400000, 0x000000072d800000|  0%| F|  |TAMS 0x000000072d400000, 0x000000072d400000| Untracked 
|1206|0x000000072d800000, 0x000000072d800000, 0x000000072dc00000|  0%| F|  |TAMS 0x000000072d800000, 0x000000072d800000| Untracked 
|1207|0x000000072dc00000, 0x000000072dc00000, 0x000000072e000000|  0%| F|  |TAMS 0x000000072dc00000, 0x000000072dc00000| Untracked 
|1208|0x000000072e000000, 0x000000072e000000, 0x000000072e400000|  0%| F|  |TAMS 0x000000072e000000, 0x000000072e000000| Untracked 
|1209|0x000000072e400000, 0x000000072e400000, 0x000000072e800000|  0%| F|  |TAMS 0x000000072e400000, 0x000000072e400000| Untracked 
|1210|0x000000072e800000, 0x000000072e800000, 0x000000072ec00000|  0%| F|  |TAMS 0x000000072e800000, 0x000000072e800000| Untracked 
|1211|0x000000072ec00000, 0x000000072ec00000, 0x000000072f000000|  0%| F|  |TAMS 0x000000072ec00000, 0x000000072ec00000| Untracked 
|1212|0x000000072f000000, 0x000000072f000000, 0x000000072f400000|  0%| F|  |TAMS 0x000000072f000000, 0x000000072f000000| Untracked 
|1213|0x000000072f400000, 0x000000072f400000, 0x000000072f800000|  0%| F|  |TAMS 0x000000072f400000, 0x000000072f400000| Untracked 
|1214|0x000000072f800000, 0x000000072f800000, 0x000000072fc00000|  0%| F|  |TAMS 0x000000072f800000, 0x000000072f800000| Untracked 
|1215|0x000000072fc00000, 0x000000072fc00000, 0x0000000730000000|  0%| F|  |TAMS 0x000000072fc00000, 0x000000072fc00000| Untracked 
|1216|0x0000000730000000, 0x0000000730000000, 0x0000000730400000|  0%| F|  |TAMS 0x0000000730000000, 0x0000000730000000| Untracked 
|1217|0x0000000730400000, 0x0000000730400000, 0x0000000730800000|  0%| F|  |TAMS 0x0000000730400000, 0x0000000730400000| Untracked 
|1218|0x0000000730800000, 0x0000000730800000, 0x0000000730c00000|  0%| F|  |TAMS 0x0000000730800000, 0x0000000730800000| Untracked 
|1219|0x0000000730c00000, 0x0000000730c00000, 0x0000000731000000|  0%| F|  |TAMS 0x0000000730c00000, 0x0000000730c00000| Untracked 
|1220|0x0000000731000000, 0x0000000731000000, 0x0000000731400000|  0%| F|  |TAMS 0x0000000731000000, 0x0000000731000000| Untracked 
|1221|0x0000000731400000, 0x0000000731400000, 0x0000000731800000|  0%| F|  |TAMS 0x0000000731400000, 0x0000000731400000| Untracked 
|1222|0x0000000731800000, 0x0000000731800000, 0x0000000731c00000|  0%| F|  |TAMS 0x0000000731800000, 0x0000000731800000| Untracked 
|1223|0x0000000731c00000, 0x0000000731c00000, 0x0000000732000000|  0%| F|  |TAMS 0x0000000731c00000, 0x0000000731c00000| Untracked 
|1224|0x0000000732000000, 0x0000000732000000, 0x0000000732400000|  0%| F|  |TAMS 0x0000000732000000, 0x0000000732000000| Untracked 
|1225|0x0000000732400000, 0x0000000732400000, 0x0000000732800000|  0%| F|  |TAMS 0x0000000732400000, 0x0000000732400000| Untracked 
|1226|0x0000000732800000, 0x0000000732800000, 0x0000000732c00000|  0%| F|  |TAMS 0x0000000732800000, 0x0000000732800000| Untracked 
|1227|0x0000000732c00000, 0x0000000732c00000, 0x0000000733000000|  0%| F|  |TAMS 0x0000000732c00000, 0x0000000732c00000| Untracked 
|1228|0x0000000733000000, 0x0000000733000000, 0x0000000733400000|  0%| F|  |TAMS 0x0000000733000000, 0x0000000733000000| Untracked 
|1229|0x0000000733400000, 0x0000000733400000, 0x0000000733800000|  0%| F|  |TAMS 0x0000000733400000, 0x0000000733400000| Untracked 
|1230|0x0000000733800000, 0x0000000733800000, 0x0000000733c00000|  0%| F|  |TAMS 0x0000000733800000, 0x0000000733800000| Untracked 
|1231|0x0000000733c00000, 0x0000000733c00000, 0x0000000734000000|  0%| F|  |TAMS 0x0000000733c00000, 0x0000000733c00000| Untracked 
|1232|0x0000000734000000, 0x0000000734000000, 0x0000000734400000|  0%| F|  |TAMS 0x0000000734000000, 0x0000000734000000| Untracked 
|1233|0x0000000734400000, 0x0000000734400000, 0x0000000734800000|  0%| F|  |TAMS 0x0000000734400000, 0x0000000734400000| Untracked 
|1234|0x0000000734800000, 0x0000000734800000, 0x0000000734c00000|  0%| F|  |TAMS 0x0000000734800000, 0x0000000734800000| Untracked 
|1235|0x0000000734c00000, 0x0000000734c00000, 0x0000000735000000|  0%| F|  |TAMS 0x0000000734c00000, 0x0000000734c00000| Untracked 
|1236|0x0000000735000000, 0x0000000735000000, 0x0000000735400000|  0%| F|  |TAMS 0x0000000735000000, 0x0000000735000000| Untracked 
|1237|0x0000000735400000, 0x0000000735400000, 0x0000000735800000|  0%| F|  |TAMS 0x0000000735400000, 0x0000000735400000| Untracked 
|1238|0x0000000735800000, 0x0000000735800000, 0x0000000735c00000|  0%| F|  |TAMS 0x0000000735800000, 0x0000000735800000| Untracked 
|1239|0x0000000735c00000, 0x0000000735c00000, 0x0000000736000000|  0%| F|  |TAMS 0x0000000735c00000, 0x0000000735c00000| Untracked 
|1240|0x0000000736000000, 0x0000000736000000, 0x0000000736400000|  0%| F|  |TAMS 0x0000000736000000, 0x0000000736000000| Untracked 
|1241|0x0000000736400000, 0x0000000736400000, 0x0000000736800000|  0%| F|  |TAMS 0x0000000736400000, 0x0000000736400000| Untracked 
|1242|0x0000000736800000, 0x0000000736800000, 0x0000000736c00000|  0%| F|  |TAMS 0x0000000736800000, 0x0000000736800000| Untracked 
|1243|0x0000000736c00000, 0x0000000736c00000, 0x0000000737000000|  0%| F|  |TAMS 0x0000000736c00000, 0x0000000736c00000| Untracked 
|1244|0x0000000737000000, 0x0000000737000000, 0x0000000737400000|  0%| F|  |TAMS 0x0000000737000000, 0x0000000737000000| Untracked 
|1245|0x0000000737400000, 0x0000000737400000, 0x0000000737800000|  0%| F|  |TAMS 0x0000000737400000, 0x0000000737400000| Untracked 
|1246|0x0000000737800000, 0x0000000737800000, 0x0000000737c00000|  0%| F|  |TAMS 0x0000000737800000, 0x0000000737800000| Untracked 
|1247|0x0000000737c00000, 0x0000000737c00000, 0x0000000738000000|  0%| F|  |TAMS 0x0000000737c00000, 0x0000000737c00000| Untracked 
|1248|0x0000000738000000, 0x0000000738000000, 0x0000000738400000|  0%| F|  |TAMS 0x0000000738000000, 0x0000000738000000| Untracked 
|1249|0x0000000738400000, 0x0000000738400000, 0x0000000738800000|  0%| F|  |TAMS 0x0000000738400000, 0x0000000738400000| Untracked 
|1250|0x0000000738800000, 0x0000000738800000, 0x0000000738c00000|  0%| F|  |TAMS 0x0000000738800000, 0x0000000738800000| Untracked 
|1251|0x0000000738c00000, 0x0000000738c00000, 0x0000000739000000|  0%| F|  |TAMS 0x0000000738c00000, 0x0000000738c00000| Untracked 
|1252|0x0000000739000000, 0x0000000739000000, 0x0000000739400000|  0%| F|  |TAMS 0x0000000739000000, 0x0000000739000000| Untracked 
|1253|0x0000000739400000, 0x0000000739400000, 0x0000000739800000|  0%| F|  |TAMS 0x0000000739400000, 0x0000000739400000| Untracked 
|1254|0x0000000739800000, 0x0000000739800000, 0x0000000739c00000|  0%| F|  |TAMS 0x0000000739800000, 0x0000000739800000| Untracked 
|1255|0x0000000739c00000, 0x0000000739c00000, 0x000000073a000000|  0%| F|  |TAMS 0x0000000739c00000, 0x0000000739c00000| Untracked 
|1256|0x000000073a000000, 0x000000073a000000, 0x000000073a400000|  0%| F|  |TAMS 0x000000073a000000, 0x000000073a000000| Untracked 
|1257|0x000000073a400000, 0x000000073a400000, 0x000000073a800000|  0%| F|  |TAMS 0x000000073a400000, 0x000000073a400000| Untracked 
|1258|0x000000073a800000, 0x000000073a800000, 0x000000073ac00000|  0%| F|  |TAMS 0x000000073a800000, 0x000000073a800000| Untracked 
|1259|0x000000073ac00000, 0x000000073ac00000, 0x000000073b000000|  0%| F|  |TAMS 0x000000073ac00000, 0x000000073ac00000| Untracked 
|1260|0x000000073b000000, 0x000000073b000000, 0x000000073b400000|  0%| F|  |TAMS 0x000000073b000000, 0x000000073b000000| Untracked 
|1261|0x000000073b400000, 0x000000073b400000, 0x000000073b800000|  0%| F|  |TAMS 0x000000073b400000, 0x000000073b400000| Untracked 
|1262|0x000000073b800000, 0x000000073b800000, 0x000000073bc00000|  0%| F|  |TAMS 0x000000073b800000, 0x000000073b800000| Untracked 
|1263|0x000000073bc00000, 0x000000073bc00000, 0x000000073c000000|  0%| F|  |TAMS 0x000000073bc00000, 0x000000073bc00000| Untracked 
|1264|0x000000073c000000, 0x000000073c000000, 0x000000073c400000|  0%| F|  |TAMS 0x000000073c000000, 0x000000073c000000| Untracked 
|1265|0x000000073c400000, 0x000000073c400000, 0x000000073c800000|  0%| F|  |TAMS 0x000000073c400000, 0x000000073c400000| Untracked 
|1266|0x000000073c800000, 0x000000073c800000, 0x000000073cc00000|  0%| F|  |TAMS 0x000000073c800000, 0x000000073c800000| Untracked 
|1267|0x000000073cc00000, 0x000000073cc00000, 0x000000073d000000|  0%| F|  |TAMS 0x000000073cc00000, 0x000000073cc00000| Untracked 
|1268|0x000000073d000000, 0x000000073d000000, 0x000000073d400000|  0%| F|  |TAMS 0x000000073d000000, 0x000000073d000000| Untracked 
|1269|0x000000073d400000, 0x000000073d400000, 0x000000073d800000|  0%| F|  |TAMS 0x000000073d400000, 0x000000073d400000| Untracked 
|1270|0x000000073d800000, 0x000000073d800000, 0x000000073dc00000|  0%| F|  |TAMS 0x000000073d800000, 0x000000073d800000| Untracked 
|1271|0x000000073dc00000, 0x000000073dc00000, 0x000000073e000000|  0%| F|  |TAMS 0x000000073dc00000, 0x000000073dc00000| Untracked 
|1272|0x000000073e000000, 0x000000073e000000, 0x000000073e400000|  0%| F|  |TAMS 0x000000073e000000, 0x000000073e000000| Untracked 
|1273|0x000000073e400000, 0x000000073e400000, 0x000000073e800000|  0%| F|  |TAMS 0x000000073e400000, 0x000000073e400000| Untracked 
|1274|0x000000073e800000, 0x000000073e800000, 0x000000073ec00000|  0%| F|  |TAMS 0x000000073e800000, 0x000000073e800000| Untracked 
|1275|0x000000073ec00000, 0x000000073ec00000, 0x000000073f000000|  0%| F|  |TAMS 0x000000073ec00000, 0x000000073ec00000| Untracked 
|1276|0x000000073f000000, 0x000000073f000000, 0x000000073f400000|  0%| F|  |TAMS 0x000000073f000000, 0x000000073f000000| Untracked 
|1277|0x000000073f400000, 0x000000073f400000, 0x000000073f800000|  0%| F|  |TAMS 0x000000073f400000, 0x000000073f400000| Untracked 
|1278|0x000000073f800000, 0x000000073f800000, 0x000000073fc00000|  0%| F|  |TAMS 0x000000073f800000, 0x000000073f800000| Untracked 
|1279|0x000000073fc00000, 0x000000073fc00000, 0x0000000740000000|  0%| F|  |TAMS 0x000000073fc00000, 0x000000073fc00000| Untracked 
|1280|0x0000000740000000, 0x0000000740000000, 0x0000000740400000|  0%| F|  |TAMS 0x0000000740000000, 0x0000000740000000| Untracked 
|1281|0x0000000740400000, 0x0000000740400000, 0x0000000740800000|  0%| F|  |TAMS 0x0000000740400000, 0x0000000740400000| Untracked 
|1282|0x0000000740800000, 0x0000000740800000, 0x0000000740c00000|  0%| F|  |TAMS 0x0000000740800000, 0x0000000740800000| Untracked 
|1283|0x0000000740c00000, 0x0000000740c00000, 0x0000000741000000|  0%| F|  |TAMS 0x0000000740c00000, 0x0000000740c00000| Untracked 
|1284|0x0000000741000000, 0x0000000741000000, 0x0000000741400000|  0%| F|  |TAMS 0x0000000741000000, 0x0000000741000000| Untracked 
|1285|0x0000000741400000, 0x0000000741400000, 0x0000000741800000|  0%| F|  |TAMS 0x0000000741400000, 0x0000000741400000| Untracked 
|1286|0x0000000741800000, 0x0000000741800000, 0x0000000741c00000|  0%| F|  |TAMS 0x0000000741800000, 0x0000000741800000| Untracked 
|1287|0x0000000741c00000, 0x0000000741c00000, 0x0000000742000000|  0%| F|  |TAMS 0x0000000741c00000, 0x0000000741c00000| Untracked 
|1288|0x0000000742000000, 0x0000000742000000, 0x0000000742400000|  0%| F|  |TAMS 0x0000000742000000, 0x0000000742000000| Untracked 
|1289|0x0000000742400000, 0x0000000742400000, 0x0000000742800000|  0%| F|  |TAMS 0x0000000742400000, 0x0000000742400000| Untracked 
|1290|0x0000000742800000, 0x0000000742800000, 0x0000000742c00000|  0%| F|  |TAMS 0x0000000742800000, 0x0000000742800000| Untracked 
|1291|0x0000000742c00000, 0x0000000742c00000, 0x0000000743000000|  0%| F|  |TAMS 0x0000000742c00000, 0x0000000742c00000| Untracked 
|1292|0x0000000743000000, 0x0000000743000000, 0x0000000743400000|  0%| F|  |TAMS 0x0000000743000000, 0x0000000743000000| Untracked 
|1293|0x0000000743400000, 0x0000000743400000, 0x0000000743800000|  0%| F|  |TAMS 0x0000000743400000, 0x0000000743400000| Untracked 
|1294|0x0000000743800000, 0x0000000743800000, 0x0000000743c00000|  0%| F|  |TAMS 0x0000000743800000, 0x0000000743800000| Untracked 
|1295|0x0000000743c00000, 0x0000000743c00000, 0x0000000744000000|  0%| F|  |TAMS 0x0000000743c00000, 0x0000000743c00000| Untracked 
|1296|0x0000000744000000, 0x0000000744000000, 0x0000000744400000|  0%| F|  |TAMS 0x0000000744000000, 0x0000000744000000| Untracked 
|1297|0x0000000744400000, 0x0000000744400000, 0x0000000744800000|  0%| F|  |TAMS 0x0000000744400000, 0x0000000744400000| Untracked 
|1298|0x0000000744800000, 0x0000000744800000, 0x0000000744c00000|  0%| F|  |TAMS 0x0000000744800000, 0x0000000744800000| Untracked 
|1299|0x0000000744c00000, 0x0000000744c00000, 0x0000000745000000|  0%| F|  |TAMS 0x0000000744c00000, 0x0000000744c00000| Untracked 
|1300|0x0000000745000000, 0x0000000745000000, 0x0000000745400000|  0%| F|  |TAMS 0x0000000745000000, 0x0000000745000000| Untracked 
|1301|0x0000000745400000, 0x0000000745400000, 0x0000000745800000|  0%| F|  |TAMS 0x0000000745400000, 0x0000000745400000| Untracked 
|1302|0x0000000745800000, 0x0000000745800000, 0x0000000745c00000|  0%| F|  |TAMS 0x0000000745800000, 0x0000000745800000| Untracked 
|1303|0x0000000745c00000, 0x0000000745c00000, 0x0000000746000000|  0%| F|  |TAMS 0x0000000745c00000, 0x0000000745c00000| Untracked 
|1304|0x0000000746000000, 0x0000000746000000, 0x0000000746400000|  0%| F|  |TAMS 0x0000000746000000, 0x0000000746000000| Untracked 
|1305|0x0000000746400000, 0x0000000746400000, 0x0000000746800000|  0%| F|  |TAMS 0x0000000746400000, 0x0000000746400000| Untracked 
|1306|0x0000000746800000, 0x0000000746800000, 0x0000000746c00000|  0%| F|  |TAMS 0x0000000746800000, 0x0000000746800000| Untracked 
|1307|0x0000000746c00000, 0x0000000746c00000, 0x0000000747000000|  0%| F|  |TAMS 0x0000000746c00000, 0x0000000746c00000| Untracked 
|1308|0x0000000747000000, 0x0000000747000000, 0x0000000747400000|  0%| F|  |TAMS 0x0000000747000000, 0x0000000747000000| Untracked 
|1309|0x0000000747400000, 0x0000000747400000, 0x0000000747800000|  0%| F|  |TAMS 0x0000000747400000, 0x0000000747400000| Untracked 
|1310|0x0000000747800000, 0x0000000747800000, 0x0000000747c00000|  0%| F|  |TAMS 0x0000000747800000, 0x0000000747800000| Untracked 
|1311|0x0000000747c00000, 0x0000000747c00000, 0x0000000748000000|  0%| F|  |TAMS 0x0000000747c00000, 0x0000000747c00000| Untracked 
|1312|0x0000000748000000, 0x0000000748000000, 0x0000000748400000|  0%| F|  |TAMS 0x0000000748000000, 0x0000000748000000| Untracked 
|1313|0x0000000748400000, 0x0000000748400000, 0x0000000748800000|  0%| F|  |TAMS 0x0000000748400000, 0x0000000748400000| Untracked 
|1314|0x0000000748800000, 0x0000000748800000, 0x0000000748c00000|  0%| F|  |TAMS 0x0000000748800000, 0x0000000748800000| Untracked 
|1315|0x0000000748c00000, 0x0000000748c00000, 0x0000000749000000|  0%| F|  |TAMS 0x0000000748c00000, 0x0000000748c00000| Untracked 
|1316|0x0000000749000000, 0x0000000749000000, 0x0000000749400000|  0%| F|  |TAMS 0x0000000749000000, 0x0000000749000000| Untracked 
|1317|0x0000000749400000, 0x0000000749400000, 0x0000000749800000|  0%| F|  |TAMS 0x0000000749400000, 0x0000000749400000| Untracked 
|1318|0x0000000749800000, 0x0000000749800000, 0x0000000749c00000|  0%| F|  |TAMS 0x0000000749800000, 0x0000000749800000| Untracked 
|1319|0x0000000749c00000, 0x0000000749c00000, 0x000000074a000000|  0%| F|  |TAMS 0x0000000749c00000, 0x0000000749c00000| Untracked 
|1320|0x000000074a000000, 0x000000074a000000, 0x000000074a400000|  0%| F|  |TAMS 0x000000074a000000, 0x000000074a000000| Untracked 
|1321|0x000000074a400000, 0x000000074a400000, 0x000000074a800000|  0%| F|  |TAMS 0x000000074a400000, 0x000000074a400000| Untracked 
|1322|0x000000074a800000, 0x000000074a800000, 0x000000074ac00000|  0%| F|  |TAMS 0x000000074a800000, 0x000000074a800000| Untracked 
|1323|0x000000074ac00000, 0x000000074ac00000, 0x000000074b000000|  0%| F|  |TAMS 0x000000074ac00000, 0x000000074ac00000| Untracked 
|1324|0x000000074b000000, 0x000000074b000000, 0x000000074b400000|  0%| F|  |TAMS 0x000000074b000000, 0x000000074b000000| Untracked 
|1325|0x000000074b400000, 0x000000074b400000, 0x000000074b800000|  0%| F|  |TAMS 0x000000074b400000, 0x000000074b400000| Untracked 
|1326|0x000000074b800000, 0x000000074b800000, 0x000000074bc00000|  0%| F|  |TAMS 0x000000074b800000, 0x000000074b800000| Untracked 
|1327|0x000000074bc00000, 0x000000074bc00000, 0x000000074c000000|  0%| F|  |TAMS 0x000000074bc00000, 0x000000074bc00000| Untracked 
|1328|0x000000074c000000, 0x000000074c000000, 0x000000074c400000|  0%| F|  |TAMS 0x000000074c000000, 0x000000074c000000| Untracked 
|1329|0x000000074c400000, 0x000000074c400000, 0x000000074c800000|  0%| F|  |TAMS 0x000000074c400000, 0x000000074c400000| Untracked 
|1330|0x000000074c800000, 0x000000074c800000, 0x000000074cc00000|  0%| F|  |TAMS 0x000000074c800000, 0x000000074c800000| Untracked 
|1331|0x000000074cc00000, 0x000000074cc00000, 0x000000074d000000|  0%| F|  |TAMS 0x000000074cc00000, 0x000000074cc00000| Untracked 
|1332|0x000000074d000000, 0x000000074d000000, 0x000000074d400000|  0%| F|  |TAMS 0x000000074d000000, 0x000000074d000000| Untracked 
|1333|0x000000074d400000, 0x000000074d400000, 0x000000074d800000|  0%| F|  |TAMS 0x000000074d400000, 0x000000074d400000| Untracked 
|1334|0x000000074d800000, 0x000000074d800000, 0x000000074dc00000|  0%| F|  |TAMS 0x000000074d800000, 0x000000074d800000| Untracked 
|1335|0x000000074dc00000, 0x000000074dc00000, 0x000000074e000000|  0%| F|  |TAMS 0x000000074dc00000, 0x000000074dc00000| Untracked 
|1336|0x000000074e000000, 0x000000074e000000, 0x000000074e400000|  0%| F|  |TAMS 0x000000074e000000, 0x000000074e000000| Untracked 
|1337|0x000000074e400000, 0x000000074e400000, 0x000000074e800000|  0%| F|  |TAMS 0x000000074e400000, 0x000000074e400000| Untracked 
|1338|0x000000074e800000, 0x000000074e800000, 0x000000074ec00000|  0%| F|  |TAMS 0x000000074e800000, 0x000000074e800000| Untracked 
|1339|0x000000074ec00000, 0x000000074ec00000, 0x000000074f000000|  0%| F|  |TAMS 0x000000074ec00000, 0x000000074ec00000| Untracked 
|1340|0x000000074f000000, 0x000000074f000000, 0x000000074f400000|  0%| F|  |TAMS 0x000000074f000000, 0x000000074f000000| Untracked 
|1341|0x000000074f400000, 0x000000074f400000, 0x000000074f800000|  0%| F|  |TAMS 0x000000074f400000, 0x000000074f400000| Untracked 
|1342|0x000000074f800000, 0x000000074f800000, 0x000000074fc00000|  0%| F|  |TAMS 0x000000074f800000, 0x000000074f800000| Untracked 
|1343|0x000000074fc00000, 0x000000074fc00000, 0x0000000750000000|  0%| F|  |TAMS 0x000000074fc00000, 0x000000074fc00000| Untracked 
|1344|0x0000000750000000, 0x0000000750000000, 0x0000000750400000|  0%| F|  |TAMS 0x0000000750000000, 0x0000000750000000| Untracked 
|1345|0x0000000750400000, 0x0000000750400000, 0x0000000750800000|  0%| F|  |TAMS 0x0000000750400000, 0x0000000750400000| Untracked 
|1346|0x0000000750800000, 0x0000000750800000, 0x0000000750c00000|  0%| F|  |TAMS 0x0000000750800000, 0x0000000750800000| Untracked 
|1347|0x0000000750c00000, 0x0000000750c00000, 0x0000000751000000|  0%| F|  |TAMS 0x0000000750c00000, 0x0000000750c00000| Untracked 
|1348|0x0000000751000000, 0x0000000751000000, 0x0000000751400000|  0%| F|  |TAMS 0x0000000751000000, 0x0000000751000000| Untracked 
|1349|0x0000000751400000, 0x0000000751400000, 0x0000000751800000|  0%| F|  |TAMS 0x0000000751400000, 0x0000000751400000| Untracked 
|1350|0x0000000751800000, 0x0000000751800000, 0x0000000751c00000|  0%| F|  |TAMS 0x0000000751800000, 0x0000000751800000| Untracked 
|1351|0x0000000751c00000, 0x0000000751c00000, 0x0000000752000000|  0%| F|  |TAMS 0x0000000751c00000, 0x0000000751c00000| Untracked 
|1352|0x0000000752000000, 0x0000000752000000, 0x0000000752400000|  0%| F|  |TAMS 0x0000000752000000, 0x0000000752000000| Untracked 
|1353|0x0000000752400000, 0x0000000752400000, 0x0000000752800000|  0%| F|  |TAMS 0x0000000752400000, 0x0000000752400000| Untracked 
|1354|0x0000000752800000, 0x0000000752800000, 0x0000000752c00000|  0%| F|  |TAMS 0x0000000752800000, 0x0000000752800000| Untracked 
|1355|0x0000000752c00000, 0x0000000752c00000, 0x0000000753000000|  0%| F|  |TAMS 0x0000000752c00000, 0x0000000752c00000| Untracked 
|1356|0x0000000753000000, 0x0000000753000000, 0x0000000753400000|  0%| F|  |TAMS 0x0000000753000000, 0x0000000753000000| Untracked 
|1357|0x0000000753400000, 0x0000000753400000, 0x0000000753800000|  0%| F|  |TAMS 0x0000000753400000, 0x0000000753400000| Untracked 
|1358|0x0000000753800000, 0x0000000753800000, 0x0000000753c00000|  0%| F|  |TAMS 0x0000000753800000, 0x0000000753800000| Untracked 
|1359|0x0000000753c00000, 0x0000000753c00000, 0x0000000754000000|  0%| F|  |TAMS 0x0000000753c00000, 0x0000000753c00000| Untracked 
|1360|0x0000000754000000, 0x0000000754000000, 0x0000000754400000|  0%| F|  |TAMS 0x0000000754000000, 0x0000000754000000| Untracked 
|1361|0x0000000754400000, 0x0000000754400000, 0x0000000754800000|  0%| F|  |TAMS 0x0000000754400000, 0x0000000754400000| Untracked 
|1362|0x0000000754800000, 0x0000000754800000, 0x0000000754c00000|  0%| F|  |TAMS 0x0000000754800000, 0x0000000754800000| Untracked 
|1363|0x0000000754c00000, 0x0000000754c00000, 0x0000000755000000|  0%| F|  |TAMS 0x0000000754c00000, 0x0000000754c00000| Untracked 
|1364|0x0000000755000000, 0x0000000755000000, 0x0000000755400000|  0%| F|  |TAMS 0x0000000755000000, 0x0000000755000000| Untracked 
|1365|0x0000000755400000, 0x0000000755400000, 0x0000000755800000|  0%| F|  |TAMS 0x0000000755400000, 0x0000000755400000| Untracked 
|1366|0x0000000755800000, 0x0000000755800000, 0x0000000755c00000|  0%| F|  |TAMS 0x0000000755800000, 0x0000000755800000| Untracked 
|1367|0x0000000755c00000, 0x0000000755c00000, 0x0000000756000000|  0%| F|  |TAMS 0x0000000755c00000, 0x0000000755c00000| Untracked 
|1368|0x0000000756000000, 0x0000000756000000, 0x0000000756400000|  0%| F|  |TAMS 0x0000000756000000, 0x0000000756000000| Untracked 
|1369|0x0000000756400000, 0x0000000756400000, 0x0000000756800000|  0%| F|  |TAMS 0x0000000756400000, 0x0000000756400000| Untracked 
|1370|0x0000000756800000, 0x0000000756800000, 0x0000000756c00000|  0%| F|  |TAMS 0x0000000756800000, 0x0000000756800000| Untracked 
|1371|0x0000000756c00000, 0x0000000756c00000, 0x0000000757000000|  0%| F|  |TAMS 0x0000000756c00000, 0x0000000756c00000| Untracked 
|1372|0x0000000757000000, 0x0000000757000000, 0x0000000757400000|  0%| F|  |TAMS 0x0000000757000000, 0x0000000757000000| Untracked 
|1373|0x0000000757400000, 0x0000000757400000, 0x0000000757800000|  0%| F|  |TAMS 0x0000000757400000, 0x0000000757400000| Untracked 
|1374|0x0000000757800000, 0x0000000757800000, 0x0000000757c00000|  0%| F|  |TAMS 0x0000000757800000, 0x0000000757800000| Untracked 
|1375|0x0000000757c00000, 0x0000000757c00000, 0x0000000758000000|  0%| F|  |TAMS 0x0000000757c00000, 0x0000000757c00000| Untracked 
|1376|0x0000000758000000, 0x0000000758000000, 0x0000000758400000|  0%| F|  |TAMS 0x0000000758000000, 0x0000000758000000| Untracked 
|1377|0x0000000758400000, 0x0000000758400000, 0x0000000758800000|  0%| F|  |TAMS 0x0000000758400000, 0x0000000758400000| Untracked 
|1378|0x0000000758800000, 0x0000000758800000, 0x0000000758c00000|  0%| F|  |TAMS 0x0000000758800000, 0x0000000758800000| Untracked 
|1379|0x0000000758c00000, 0x0000000758c00000, 0x0000000759000000|  0%| F|  |TAMS 0x0000000758c00000, 0x0000000758c00000| Untracked 
|1380|0x0000000759000000, 0x0000000759000000, 0x0000000759400000|  0%| F|  |TAMS 0x0000000759000000, 0x0000000759000000| Untracked 
|1381|0x0000000759400000, 0x0000000759400000, 0x0000000759800000|  0%| F|  |TAMS 0x0000000759400000, 0x0000000759400000| Untracked 
|1382|0x0000000759800000, 0x0000000759800000, 0x0000000759c00000|  0%| F|  |TAMS 0x0000000759800000, 0x0000000759800000| Untracked 
|1383|0x0000000759c00000, 0x0000000759c00000, 0x000000075a000000|  0%| F|  |TAMS 0x0000000759c00000, 0x0000000759c00000| Untracked 
|1384|0x000000075a000000, 0x000000075a000000, 0x000000075a400000|  0%| F|  |TAMS 0x000000075a000000, 0x000000075a000000| Untracked 
|1385|0x000000075a400000, 0x000000075a400000, 0x000000075a800000|  0%| F|  |TAMS 0x000000075a400000, 0x000000075a400000| Untracked 
|1386|0x000000075a800000, 0x000000075a800000, 0x000000075ac00000|  0%| F|  |TAMS 0x000000075a800000, 0x000000075a800000| Untracked 
|1387|0x000000075ac00000, 0x000000075ac00000, 0x000000075b000000|  0%| F|  |TAMS 0x000000075ac00000, 0x000000075ac00000| Untracked 
|1388|0x000000075b000000, 0x000000075b000000, 0x000000075b400000|  0%| F|  |TAMS 0x000000075b000000, 0x000000075b000000| Untracked 
|1389|0x000000075b400000, 0x000000075b400000, 0x000000075b800000|  0%| F|  |TAMS 0x000000075b400000, 0x000000075b400000| Untracked 
|1390|0x000000075b800000, 0x000000075b800000, 0x000000075bc00000|  0%| F|  |TAMS 0x000000075b800000, 0x000000075b800000| Untracked 
|1391|0x000000075bc00000, 0x000000075bc00000, 0x000000075c000000|  0%| F|  |TAMS 0x000000075bc00000, 0x000000075bc00000| Untracked 
|1392|0x000000075c000000, 0x000000075c000000, 0x000000075c400000|  0%| F|  |TAMS 0x000000075c000000, 0x000000075c000000| Untracked 
|1393|0x000000075c400000, 0x000000075c400000, 0x000000075c800000|  0%| F|  |TAMS 0x000000075c400000, 0x000000075c400000| Untracked 
|1394|0x000000075c800000, 0x000000075c800000, 0x000000075cc00000|  0%| F|  |TAMS 0x000000075c800000, 0x000000075c800000| Untracked 
|1395|0x000000075cc00000, 0x000000075cc00000, 0x000000075d000000|  0%| F|  |TAMS 0x000000075cc00000, 0x000000075cc00000| Untracked 
|1396|0x000000075d000000, 0x000000075d000000, 0x000000075d400000|  0%| F|  |TAMS 0x000000075d000000, 0x000000075d000000| Untracked 
|1397|0x000000075d400000, 0x000000075d400000, 0x000000075d800000|  0%| F|  |TAMS 0x000000075d400000, 0x000000075d400000| Untracked 
|1398|0x000000075d800000, 0x000000075d800000, 0x000000075dc00000|  0%| F|  |TAMS 0x000000075d800000, 0x000000075d800000| Untracked 
|1399|0x000000075dc00000, 0x000000075dc00000, 0x000000075e000000|  0%| F|  |TAMS 0x000000075dc00000, 0x000000075dc00000| Untracked 
|1400|0x000000075e000000, 0x000000075e000000, 0x000000075e400000|  0%| F|  |TAMS 0x000000075e000000, 0x000000075e000000| Untracked 
|1401|0x000000075e400000, 0x000000075e400000, 0x000000075e800000|  0%| F|  |TAMS 0x000000075e400000, 0x000000075e400000| Untracked 
|1402|0x000000075e800000, 0x000000075e800000, 0x000000075ec00000|  0%| F|  |TAMS 0x000000075e800000, 0x000000075e800000| Untracked 
|1403|0x000000075ec00000, 0x000000075ec00000, 0x000000075f000000|  0%| F|  |TAMS 0x000000075ec00000, 0x000000075ec00000| Untracked 
|1404|0x000000075f000000, 0x000000075f000000, 0x000000075f400000|  0%| F|  |TAMS 0x000000075f000000, 0x000000075f000000| Untracked 
|1405|0x000000075f400000, 0x000000075f400000, 0x000000075f800000|  0%| F|  |TAMS 0x000000075f400000, 0x000000075f400000| Untracked 
|1406|0x000000075f800000, 0x000000075f800000, 0x000000075fc00000|  0%| F|  |TAMS 0x000000075f800000, 0x000000075f800000| Untracked 
|1407|0x000000075fc00000, 0x000000075fc00000, 0x0000000760000000|  0%| F|  |TAMS 0x000000075fc00000, 0x000000075fc00000| Untracked 
|1408|0x0000000760000000, 0x0000000760000000, 0x0000000760400000|  0%| F|  |TAMS 0x0000000760000000, 0x0000000760000000| Untracked 
|1409|0x0000000760400000, 0x0000000760400000, 0x0000000760800000|  0%| F|  |TAMS 0x0000000760400000, 0x0000000760400000| Untracked 
|1410|0x0000000760800000, 0x0000000760800000, 0x0000000760c00000|  0%| F|  |TAMS 0x0000000760800000, 0x0000000760800000| Untracked 
|1411|0x0000000760c00000, 0x0000000760c00000, 0x0000000761000000|  0%| F|  |TAMS 0x0000000760c00000, 0x0000000760c00000| Untracked 
|1412|0x0000000761000000, 0x0000000761000000, 0x0000000761400000|  0%| F|  |TAMS 0x0000000761000000, 0x0000000761000000| Untracked 
|1413|0x0000000761400000, 0x0000000761400000, 0x0000000761800000|  0%| F|  |TAMS 0x0000000761400000, 0x0000000761400000| Untracked 
|1414|0x0000000761800000, 0x0000000761800000, 0x0000000761c00000|  0%| F|  |TAMS 0x0000000761800000, 0x0000000761800000| Untracked 
|1415|0x0000000761c00000, 0x0000000761c00000, 0x0000000762000000|  0%| F|  |TAMS 0x0000000761c00000, 0x0000000761c00000| Untracked 
|1416|0x0000000762000000, 0x0000000762000000, 0x0000000762400000|  0%| F|  |TAMS 0x0000000762000000, 0x0000000762000000| Untracked 
|1417|0x0000000762400000, 0x0000000762400000, 0x0000000762800000|  0%| F|  |TAMS 0x0000000762400000, 0x0000000762400000| Untracked 
|1418|0x0000000762800000, 0x0000000762800000, 0x0000000762c00000|  0%| F|  |TAMS 0x0000000762800000, 0x0000000762800000| Untracked 
|1419|0x0000000762c00000, 0x0000000762c00000, 0x0000000763000000|  0%| F|  |TAMS 0x0000000762c00000, 0x0000000762c00000| Untracked 
|1420|0x0000000763000000, 0x0000000763000000, 0x0000000763400000|  0%| F|  |TAMS 0x0000000763000000, 0x0000000763000000| Untracked 
|1421|0x0000000763400000, 0x0000000763400000, 0x0000000763800000|  0%| F|  |TAMS 0x0000000763400000, 0x0000000763400000| Untracked 
|1422|0x0000000763800000, 0x0000000763800000, 0x0000000763c00000|  0%| F|  |TAMS 0x0000000763800000, 0x0000000763800000| Untracked 
|1423|0x0000000763c00000, 0x0000000763c00000, 0x0000000764000000|  0%| F|  |TAMS 0x0000000763c00000, 0x0000000763c00000| Untracked 
|1424|0x0000000764000000, 0x0000000764000000, 0x0000000764400000|  0%| F|  |TAMS 0x0000000764000000, 0x0000000764000000| Untracked 
|1425|0x0000000764400000, 0x0000000764400000, 0x0000000764800000|  0%| F|  |TAMS 0x0000000764400000, 0x0000000764400000| Untracked 
|1426|0x0000000764800000, 0x0000000764800000, 0x0000000764c00000|  0%| F|  |TAMS 0x0000000764800000, 0x0000000764800000| Untracked 
|1427|0x0000000764c00000, 0x0000000764c00000, 0x0000000765000000|  0%| F|  |TAMS 0x0000000764c00000, 0x0000000764c00000| Untracked 
|1428|0x0000000765000000, 0x0000000765000000, 0x0000000765400000|  0%| F|  |TAMS 0x0000000765000000, 0x0000000765000000| Untracked 
|1429|0x0000000765400000, 0x0000000765400000, 0x0000000765800000|  0%| F|  |TAMS 0x0000000765400000, 0x0000000765400000| Untracked 
|1430|0x0000000765800000, 0x0000000765800000, 0x0000000765c00000|  0%| F|  |TAMS 0x0000000765800000, 0x0000000765800000| Untracked 
|1431|0x0000000765c00000, 0x0000000765c00000, 0x0000000766000000|  0%| F|  |TAMS 0x0000000765c00000, 0x0000000765c00000| Untracked 
|1432|0x0000000766000000, 0x0000000766000000, 0x0000000766400000|  0%| F|  |TAMS 0x0000000766000000, 0x0000000766000000| Untracked 
|1433|0x0000000766400000, 0x0000000766400000, 0x0000000766800000|  0%| F|  |TAMS 0x0000000766400000, 0x0000000766400000| Untracked 
|1434|0x0000000766800000, 0x0000000766800000, 0x0000000766c00000|  0%| F|  |TAMS 0x0000000766800000, 0x0000000766800000| Untracked 
|1435|0x0000000766c00000, 0x0000000766c00000, 0x0000000767000000|  0%| F|  |TAMS 0x0000000766c00000, 0x0000000766c00000| Untracked 
|1436|0x0000000767000000, 0x0000000767000000, 0x0000000767400000|  0%| F|  |TAMS 0x0000000767000000, 0x0000000767000000| Untracked 
|1437|0x0000000767400000, 0x0000000767400000, 0x0000000767800000|  0%| F|  |TAMS 0x0000000767400000, 0x0000000767400000| Untracked 
|1438|0x0000000767800000, 0x0000000767800000, 0x0000000767c00000|  0%| F|  |TAMS 0x0000000767800000, 0x0000000767800000| Untracked 
|1439|0x0000000767c00000, 0x0000000767c00000, 0x0000000768000000|  0%| F|  |TAMS 0x0000000767c00000, 0x0000000767c00000| Untracked 
|1440|0x0000000768000000, 0x0000000768000000, 0x0000000768400000|  0%| F|  |TAMS 0x0000000768000000, 0x0000000768000000| Untracked 
|1441|0x0000000768400000, 0x0000000768400000, 0x0000000768800000|  0%| F|  |TAMS 0x0000000768400000, 0x0000000768400000| Untracked 
|1442|0x0000000768800000, 0x0000000768800000, 0x0000000768c00000|  0%| F|  |TAMS 0x0000000768800000, 0x0000000768800000| Untracked 
|1443|0x0000000768c00000, 0x0000000768c00000, 0x0000000769000000|  0%| F|  |TAMS 0x0000000768c00000, 0x0000000768c00000| Untracked 
|1444|0x0000000769000000, 0x0000000769000000, 0x0000000769400000|  0%| F|  |TAMS 0x0000000769000000, 0x0000000769000000| Untracked 
|1445|0x0000000769400000, 0x0000000769400000, 0x0000000769800000|  0%| F|  |TAMS 0x0000000769400000, 0x0000000769400000| Untracked 
|1446|0x0000000769800000, 0x0000000769800000, 0x0000000769c00000|  0%| F|  |TAMS 0x0000000769800000, 0x0000000769800000| Untracked 
|1447|0x0000000769c00000, 0x0000000769c00000, 0x000000076a000000|  0%| F|  |TAMS 0x0000000769c00000, 0x0000000769c00000| Untracked 
|1448|0x000000076a000000, 0x000000076a000000, 0x000000076a400000|  0%| F|  |TAMS 0x000000076a000000, 0x000000076a000000| Untracked 
|1449|0x000000076a400000, 0x000000076a400000, 0x000000076a800000|  0%| F|  |TAMS 0x000000076a400000, 0x000000076a400000| Untracked 
|1450|0x000000076a800000, 0x000000076a800000, 0x000000076ac00000|  0%| F|  |TAMS 0x000000076a800000, 0x000000076a800000| Untracked 
|1451|0x000000076ac00000, 0x000000076ac00000, 0x000000076b000000|  0%| F|  |TAMS 0x000000076ac00000, 0x000000076ac00000| Untracked 
|1452|0x000000076b000000, 0x000000076b000000, 0x000000076b400000|  0%| F|  |TAMS 0x000000076b000000, 0x000000076b000000| Untracked 
|1453|0x000000076b400000, 0x000000076b400000, 0x000000076b800000|  0%| F|  |TAMS 0x000000076b400000, 0x000000076b400000| Untracked 
|1454|0x000000076b800000, 0x000000076b800000, 0x000000076bc00000|  0%| F|  |TAMS 0x000000076b800000, 0x000000076b800000| Untracked 
|1455|0x000000076bc00000, 0x000000076bc00000, 0x000000076c000000|  0%| F|  |TAMS 0x000000076bc00000, 0x000000076bc00000| Untracked 
|1456|0x000000076c000000, 0x000000076c000000, 0x000000076c400000|  0%| F|  |TAMS 0x000000076c000000, 0x000000076c000000| Untracked 
|1457|0x000000076c400000, 0x000000076c400000, 0x000000076c800000|  0%| F|  |TAMS 0x000000076c400000, 0x000000076c400000| Untracked 
|1458|0x000000076c800000, 0x000000076c800000, 0x000000076cc00000|  0%| F|  |TAMS 0x000000076c800000, 0x000000076c800000| Untracked 
|1459|0x000000076cc00000, 0x000000076cc00000, 0x000000076d000000|  0%| F|  |TAMS 0x000000076cc00000, 0x000000076cc00000| Untracked 
|1460|0x000000076d000000, 0x000000076d000000, 0x000000076d400000|  0%| F|  |TAMS 0x000000076d000000, 0x000000076d000000| Untracked 
|1461|0x000000076d400000, 0x000000076d400000, 0x000000076d800000|  0%| F|  |TAMS 0x000000076d400000, 0x000000076d400000| Untracked 
|1462|0x000000076d800000, 0x000000076d800000, 0x000000076dc00000|  0%| F|  |TAMS 0x000000076d800000, 0x000000076d800000| Untracked 
|1463|0x000000076dc00000, 0x000000076dc00000, 0x000000076e000000|  0%| F|  |TAMS 0x000000076dc00000, 0x000000076dc00000| Untracked 
|1464|0x000000076e000000, 0x000000076e000000, 0x000000076e400000|  0%| F|  |TAMS 0x000000076e000000, 0x000000076e000000| Untracked 
|1465|0x000000076e400000, 0x000000076e400000, 0x000000076e800000|  0%| F|  |TAMS 0x000000076e400000, 0x000000076e400000| Untracked 
|1466|0x000000076e800000, 0x000000076e800000, 0x000000076ec00000|  0%| F|  |TAMS 0x000000076e800000, 0x000000076e800000| Untracked 
|1467|0x000000076ec00000, 0x000000076ec00000, 0x000000076f000000|  0%| F|  |TAMS 0x000000076ec00000, 0x000000076ec00000| Untracked 
|1468|0x000000076f000000, 0x000000076f000000, 0x000000076f400000|  0%| F|  |TAMS 0x000000076f000000, 0x000000076f000000| Untracked 
|1469|0x000000076f400000, 0x000000076f400000, 0x000000076f800000|  0%| F|  |TAMS 0x000000076f400000, 0x000000076f400000| Untracked 
|1470|0x000000076f800000, 0x000000076f800000, 0x000000076fc00000|  0%| F|  |TAMS 0x000000076f800000, 0x000000076f800000| Untracked 
|1471|0x000000076fc00000, 0x000000076fc00000, 0x0000000770000000|  0%| F|  |TAMS 0x000000076fc00000, 0x000000076fc00000| Untracked 
|1472|0x0000000770000000, 0x0000000770000000, 0x0000000770400000|  0%| F|  |TAMS 0x0000000770000000, 0x0000000770000000| Untracked 
|1473|0x0000000770400000, 0x0000000770400000, 0x0000000770800000|  0%| F|  |TAMS 0x0000000770400000, 0x0000000770400000| Untracked 
|1474|0x0000000770800000, 0x0000000770800000, 0x0000000770c00000|  0%| F|  |TAMS 0x0000000770800000, 0x0000000770800000| Untracked 
|1475|0x0000000770c00000, 0x0000000770c00000, 0x0000000771000000|  0%| F|  |TAMS 0x0000000770c00000, 0x0000000770c00000| Untracked 
|1476|0x0000000771000000, 0x0000000771000000, 0x0000000771400000|  0%| F|  |TAMS 0x0000000771000000, 0x0000000771000000| Untracked 
|1477|0x0000000771400000, 0x0000000771400000, 0x0000000771800000|  0%| F|  |TAMS 0x0000000771400000, 0x0000000771400000| Untracked 
|1478|0x0000000771800000, 0x0000000771800000, 0x0000000771c00000|  0%| F|  |TAMS 0x0000000771800000, 0x0000000771800000| Untracked 
|1479|0x0000000771c00000, 0x0000000771c00000, 0x0000000772000000|  0%| F|  |TAMS 0x0000000771c00000, 0x0000000771c00000| Untracked 
|1480|0x0000000772000000, 0x0000000772000000, 0x0000000772400000|  0%| F|  |TAMS 0x0000000772000000, 0x0000000772000000| Untracked 
|1481|0x0000000772400000, 0x0000000772400000, 0x0000000772800000|  0%| F|  |TAMS 0x0000000772400000, 0x0000000772400000| Untracked 
|1482|0x0000000772800000, 0x0000000772800000, 0x0000000772c00000|  0%| F|  |TAMS 0x0000000772800000, 0x0000000772800000| Untracked 
|1483|0x0000000772c00000, 0x0000000772c00000, 0x0000000773000000|  0%| F|  |TAMS 0x0000000772c00000, 0x0000000772c00000| Untracked 
|1484|0x0000000773000000, 0x0000000773000000, 0x0000000773400000|  0%| F|  |TAMS 0x0000000773000000, 0x0000000773000000| Untracked 
|1485|0x0000000773400000, 0x0000000773400000, 0x0000000773800000|  0%| F|  |TAMS 0x0000000773400000, 0x0000000773400000| Untracked 
|1486|0x0000000773800000, 0x0000000773800000, 0x0000000773c00000|  0%| F|  |TAMS 0x0000000773800000, 0x0000000773800000| Untracked 
|1487|0x0000000773c00000, 0x0000000773c00000, 0x0000000774000000|  0%| F|  |TAMS 0x0000000773c00000, 0x0000000773c00000| Untracked 
|1488|0x0000000774000000, 0x0000000774000000, 0x0000000774400000|  0%| F|  |TAMS 0x0000000774000000, 0x0000000774000000| Untracked 
|1489|0x0000000774400000, 0x0000000774400000, 0x0000000774800000|  0%| F|  |TAMS 0x0000000774400000, 0x0000000774400000| Untracked 
|1490|0x0000000774800000, 0x0000000774800000, 0x0000000774c00000|  0%| F|  |TAMS 0x0000000774800000, 0x0000000774800000| Untracked 
|1491|0x0000000774c00000, 0x0000000774c00000, 0x0000000775000000|  0%| F|  |TAMS 0x0000000774c00000, 0x0000000774c00000| Untracked 
|1492|0x0000000775000000, 0x0000000775000000, 0x0000000775400000|  0%| F|  |TAMS 0x0000000775000000, 0x0000000775000000| Untracked 
|1493|0x0000000775400000, 0x0000000775400000, 0x0000000775800000|  0%| F|  |TAMS 0x0000000775400000, 0x0000000775400000| Untracked 
|1494|0x0000000775800000, 0x0000000775800000, 0x0000000775c00000|  0%| F|  |TAMS 0x0000000775800000, 0x0000000775800000| Untracked 
|1495|0x0000000775c00000, 0x0000000775c00000, 0x0000000776000000|  0%| F|  |TAMS 0x0000000775c00000, 0x0000000775c00000| Untracked 
|1496|0x0000000776000000, 0x0000000776000000, 0x0000000776400000|  0%| F|  |TAMS 0x0000000776000000, 0x0000000776000000| Untracked 
|1497|0x0000000776400000, 0x0000000776400000, 0x0000000776800000|  0%| F|  |TAMS 0x0000000776400000, 0x0000000776400000| Untracked 
|1498|0x0000000776800000, 0x0000000776800000, 0x0000000776c00000|  0%| F|  |TAMS 0x0000000776800000, 0x0000000776800000| Untracked 
|1499|0x0000000776c00000, 0x0000000776c00000, 0x0000000777000000|  0%| F|  |TAMS 0x0000000776c00000, 0x0000000776c00000| Untracked 
|1500|0x0000000777000000, 0x0000000777000000, 0x0000000777400000|  0%| F|  |TAMS 0x0000000777000000, 0x0000000777000000| Untracked 
|1501|0x0000000777400000, 0x0000000777400000, 0x0000000777800000|  0%| F|  |TAMS 0x0000000777400000, 0x0000000777400000| Untracked 
|1502|0x0000000777800000, 0x0000000777800000, 0x0000000777c00000|  0%| F|  |TAMS 0x0000000777800000, 0x0000000777800000| Untracked 
|1503|0x0000000777c00000, 0x0000000777c00000, 0x0000000778000000|  0%| F|  |TAMS 0x0000000777c00000, 0x0000000777c00000| Untracked 
|1504|0x0000000778000000, 0x0000000778000000, 0x0000000778400000|  0%| F|  |TAMS 0x0000000778000000, 0x0000000778000000| Untracked 
|1505|0x0000000778400000, 0x0000000778400000, 0x0000000778800000|  0%| F|  |TAMS 0x0000000778400000, 0x0000000778400000| Untracked 
|1506|0x0000000778800000, 0x0000000778800000, 0x0000000778c00000|  0%| F|  |TAMS 0x0000000778800000, 0x0000000778800000| Untracked 
|1507|0x0000000778c00000, 0x0000000778c00000, 0x0000000779000000|  0%| F|  |TAMS 0x0000000778c00000, 0x0000000778c00000| Untracked 
|1508|0x0000000779000000, 0x0000000779000000, 0x0000000779400000|  0%| F|  |TAMS 0x0000000779000000, 0x0000000779000000| Untracked 
|1509|0x0000000779400000, 0x0000000779400000, 0x0000000779800000|  0%| F|  |TAMS 0x0000000779400000, 0x0000000779400000| Untracked 
|1510|0x0000000779800000, 0x0000000779800000, 0x0000000779c00000|  0%| F|  |TAMS 0x0000000779800000, 0x0000000779800000| Untracked 
|1511|0x0000000779c00000, 0x0000000779c00000, 0x000000077a000000|  0%| F|  |TAMS 0x0000000779c00000, 0x0000000779c00000| Untracked 
|1512|0x000000077a000000, 0x000000077a000000, 0x000000077a400000|  0%| F|  |TAMS 0x000000077a000000, 0x000000077a000000| Untracked 
|1513|0x000000077a400000, 0x000000077a400000, 0x000000077a800000|  0%| F|  |TAMS 0x000000077a400000, 0x000000077a400000| Untracked 
|1514|0x000000077a800000, 0x000000077a800000, 0x000000077ac00000|  0%| F|  |TAMS 0x000000077a800000, 0x000000077a800000| Untracked 
|1515|0x000000077ac00000, 0x000000077ac00000, 0x000000077b000000|  0%| F|  |TAMS 0x000000077ac00000, 0x000000077ac00000| Untracked 
|1516|0x000000077b000000, 0x000000077b000000, 0x000000077b400000|  0%| F|  |TAMS 0x000000077b000000, 0x000000077b000000| Untracked 
|1517|0x000000077b400000, 0x000000077b400000, 0x000000077b800000|  0%| F|  |TAMS 0x000000077b400000, 0x000000077b400000| Untracked 
|1518|0x000000077b800000, 0x000000077b800000, 0x000000077bc00000|  0%| F|  |TAMS 0x000000077b800000, 0x000000077b800000| Untracked 
|1519|0x000000077bc00000, 0x000000077bc00000, 0x000000077c000000|  0%| F|  |TAMS 0x000000077bc00000, 0x000000077bc00000| Untracked 
|1520|0x000000077c000000, 0x000000077c000000, 0x000000077c400000|  0%| F|  |TAMS 0x000000077c000000, 0x000000077c000000| Untracked 
|1521|0x000000077c400000, 0x000000077c400000, 0x000000077c800000|  0%| F|  |TAMS 0x000000077c400000, 0x000000077c400000| Untracked 
|1522|0x000000077c800000, 0x000000077c800000, 0x000000077cc00000|  0%| F|  |TAMS 0x000000077c800000, 0x000000077c800000| Untracked 
|1523|0x000000077cc00000, 0x000000077cc00000, 0x000000077d000000|  0%| F|  |TAMS 0x000000077cc00000, 0x000000077cc00000| Untracked 
|1524|0x000000077d000000, 0x000000077d000000, 0x000000077d400000|  0%| F|  |TAMS 0x000000077d000000, 0x000000077d000000| Untracked 
|1525|0x000000077d400000, 0x000000077d400000, 0x000000077d800000|  0%| F|  |TAMS 0x000000077d400000, 0x000000077d400000| Untracked 
|1526|0x000000077d800000, 0x000000077d800000, 0x000000077dc00000|  0%| F|  |TAMS 0x000000077d800000, 0x000000077d800000| Untracked 
|1527|0x000000077dc00000, 0x000000077dc00000, 0x000000077e000000|  0%| F|  |TAMS 0x000000077dc00000, 0x000000077dc00000| Untracked 
|1528|0x000000077e000000, 0x000000077e000000, 0x000000077e400000|  0%| F|  |TAMS 0x000000077e000000, 0x000000077e000000| Untracked 
|1529|0x000000077e400000, 0x000000077e400000, 0x000000077e800000|  0%| F|  |TAMS 0x000000077e400000, 0x000000077e400000| Untracked 
|1530|0x000000077e800000, 0x000000077e800000, 0x000000077ec00000|  0%| F|  |TAMS 0x000000077e800000, 0x000000077e800000| Untracked 
|1531|0x000000077ec00000, 0x000000077ec00000, 0x000000077f000000|  0%| F|  |TAMS 0x000000077ec00000, 0x000000077ec00000| Untracked 
|1532|0x000000077f000000, 0x000000077f000000, 0x000000077f400000|  0%| F|  |TAMS 0x000000077f000000, 0x000000077f000000| Untracked 
|1533|0x000000077f400000, 0x000000077f400000, 0x000000077f800000|  0%| F|  |TAMS 0x000000077f400000, 0x000000077f400000| Untracked 
|1534|0x000000077f800000, 0x000000077f800000, 0x000000077fc00000|  0%| F|  |TAMS 0x000000077f800000, 0x000000077f800000| Untracked 
|1535|0x000000077fc00000, 0x000000077fc00000, 0x0000000780000000|  0%| F|  |TAMS 0x000000077fc00000, 0x000000077fc00000| Untracked 
|1536|0x0000000780000000, 0x0000000780000000, 0x0000000780400000|  0%| F|  |TAMS 0x0000000780000000, 0x0000000780000000| Untracked 
|1537|0x0000000780400000, 0x0000000780400000, 0x0000000780800000|  0%| F|  |TAMS 0x0000000780400000, 0x0000000780400000| Untracked 
|1538|0x0000000780800000, 0x0000000780800000, 0x0000000780c00000|  0%| F|  |TAMS 0x0000000780800000, 0x0000000780800000| Untracked 
|1539|0x0000000780c00000, 0x0000000780c00000, 0x0000000781000000|  0%| F|  |TAMS 0x0000000780c00000, 0x0000000780c00000| Untracked 
|1540|0x0000000781000000, 0x0000000781000000, 0x0000000781400000|  0%| F|  |TAMS 0x0000000781000000, 0x0000000781000000| Untracked 
|1541|0x0000000781400000, 0x0000000781400000, 0x0000000781800000|  0%| F|  |TAMS 0x0000000781400000, 0x0000000781400000| Untracked 
|1542|0x0000000781800000, 0x0000000781800000, 0x0000000781c00000|  0%| F|  |TAMS 0x0000000781800000, 0x0000000781800000| Untracked 
|1543|0x0000000781c00000, 0x0000000781c00000, 0x0000000782000000|  0%| F|  |TAMS 0x0000000781c00000, 0x0000000781c00000| Untracked 
|1544|0x0000000782000000, 0x0000000782000000, 0x0000000782400000|  0%| F|  |TAMS 0x0000000782000000, 0x0000000782000000| Untracked 
|1545|0x0000000782400000, 0x0000000782400000, 0x0000000782800000|  0%| F|  |TAMS 0x0000000782400000, 0x0000000782400000| Untracked 
|1546|0x0000000782800000, 0x0000000782800000, 0x0000000782c00000|  0%| F|  |TAMS 0x0000000782800000, 0x0000000782800000| Untracked 
|1547|0x0000000782c00000, 0x0000000782c00000, 0x0000000783000000|  0%| F|  |TAMS 0x0000000782c00000, 0x0000000782c00000| Untracked 
|1548|0x0000000783000000, 0x0000000783000000, 0x0000000783400000|  0%| F|  |TAMS 0x0000000783000000, 0x0000000783000000| Untracked 
|1549|0x0000000783400000, 0x0000000783400000, 0x0000000783800000|  0%| F|  |TAMS 0x0000000783400000, 0x0000000783400000| Untracked 
|1550|0x0000000783800000, 0x0000000783800000, 0x0000000783c00000|  0%| F|  |TAMS 0x0000000783800000, 0x0000000783800000| Untracked 
|1551|0x0000000783c00000, 0x0000000783c00000, 0x0000000784000000|  0%| F|  |TAMS 0x0000000783c00000, 0x0000000783c00000| Untracked 
|1552|0x0000000784000000, 0x0000000784000000, 0x0000000784400000|  0%| F|  |TAMS 0x0000000784000000, 0x0000000784000000| Untracked 
|1553|0x0000000784400000, 0x0000000784400000, 0x0000000784800000|  0%| F|  |TAMS 0x0000000784400000, 0x0000000784400000| Untracked 
|1554|0x0000000784800000, 0x0000000784800000, 0x0000000784c00000|  0%| F|  |TAMS 0x0000000784800000, 0x0000000784800000| Untracked 
|1555|0x0000000784c00000, 0x0000000784c00000, 0x0000000785000000|  0%| F|  |TAMS 0x0000000784c00000, 0x0000000784c00000| Untracked 
|1556|0x0000000785000000, 0x0000000785000000, 0x0000000785400000|  0%| F|  |TAMS 0x0000000785000000, 0x0000000785000000| Untracked 
|1557|0x0000000785400000, 0x0000000785400000, 0x0000000785800000|  0%| F|  |TAMS 0x0000000785400000, 0x0000000785400000| Untracked 
|1558|0x0000000785800000, 0x0000000785800000, 0x0000000785c00000|  0%| F|  |TAMS 0x0000000785800000, 0x0000000785800000| Untracked 
|1559|0x0000000785c00000, 0x0000000785c00000, 0x0000000786000000|  0%| F|  |TAMS 0x0000000785c00000, 0x0000000785c00000| Untracked 
|1560|0x0000000786000000, 0x0000000786000000, 0x0000000786400000|  0%| F|  |TAMS 0x0000000786000000, 0x0000000786000000| Untracked 
|1561|0x0000000786400000, 0x0000000786400000, 0x0000000786800000|  0%| F|  |TAMS 0x0000000786400000, 0x0000000786400000| Untracked 
|1562|0x0000000786800000, 0x0000000786800000, 0x0000000786c00000|  0%| F|  |TAMS 0x0000000786800000, 0x0000000786800000| Untracked 
|1563|0x0000000786c00000, 0x0000000786c00000, 0x0000000787000000|  0%| F|  |TAMS 0x0000000786c00000, 0x0000000786c00000| Untracked 
|1564|0x0000000787000000, 0x0000000787000000, 0x0000000787400000|  0%| F|  |TAMS 0x0000000787000000, 0x0000000787000000| Untracked 
|1565|0x0000000787400000, 0x0000000787400000, 0x0000000787800000|  0%| F|  |TAMS 0x0000000787400000, 0x0000000787400000| Untracked 
|1566|0x0000000787800000, 0x0000000787800000, 0x0000000787c00000|  0%| F|  |TAMS 0x0000000787800000, 0x0000000787800000| Untracked 
|1567|0x0000000787c00000, 0x0000000787c00000, 0x0000000788000000|  0%| F|  |TAMS 0x0000000787c00000, 0x0000000787c00000| Untracked 
|1568|0x0000000788000000, 0x0000000788000000, 0x0000000788400000|  0%| F|  |TAMS 0x0000000788000000, 0x0000000788000000| Untracked 
|1569|0x0000000788400000, 0x0000000788400000, 0x0000000788800000|  0%| F|  |TAMS 0x0000000788400000, 0x0000000788400000| Untracked 
|1570|0x0000000788800000, 0x0000000788800000, 0x0000000788c00000|  0%| F|  |TAMS 0x0000000788800000, 0x0000000788800000| Untracked 
|1571|0x0000000788c00000, 0x0000000788c00000, 0x0000000789000000|  0%| F|  |TAMS 0x0000000788c00000, 0x0000000788c00000| Untracked 
|1572|0x0000000789000000, 0x0000000789000000, 0x0000000789400000|  0%| F|  |TAMS 0x0000000789000000, 0x0000000789000000| Untracked 
|1573|0x0000000789400000, 0x0000000789400000, 0x0000000789800000|  0%| F|  |TAMS 0x0000000789400000, 0x0000000789400000| Untracked 
|1574|0x0000000789800000, 0x0000000789800000, 0x0000000789c00000|  0%| F|  |TAMS 0x0000000789800000, 0x0000000789800000| Untracked 
|1575|0x0000000789c00000, 0x0000000789c00000, 0x000000078a000000|  0%| F|  |TAMS 0x0000000789c00000, 0x0000000789c00000| Untracked 
|1576|0x000000078a000000, 0x000000078a000000, 0x000000078a400000|  0%| F|  |TAMS 0x000000078a000000, 0x000000078a000000| Untracked 
|1577|0x000000078a400000, 0x000000078a400000, 0x000000078a800000|  0%| F|  |TAMS 0x000000078a400000, 0x000000078a400000| Untracked 
|1578|0x000000078a800000, 0x000000078a800000, 0x000000078ac00000|  0%| F|  |TAMS 0x000000078a800000, 0x000000078a800000| Untracked 
|1579|0x000000078ac00000, 0x000000078ac00000, 0x000000078b000000|  0%| F|  |TAMS 0x000000078ac00000, 0x000000078ac00000| Untracked 
|1580|0x000000078b000000, 0x000000078b000000, 0x000000078b400000|  0%| F|  |TAMS 0x000000078b000000, 0x000000078b000000| Untracked 
|1581|0x000000078b400000, 0x000000078b400000, 0x000000078b800000|  0%| F|  |TAMS 0x000000078b400000, 0x000000078b400000| Untracked 
|1582|0x000000078b800000, 0x000000078b800000, 0x000000078bc00000|  0%| F|  |TAMS 0x000000078b800000, 0x000000078b800000| Untracked 
|1583|0x000000078bc00000, 0x000000078bc00000, 0x000000078c000000|  0%| F|  |TAMS 0x000000078bc00000, 0x000000078bc00000| Untracked 
|1584|0x000000078c000000, 0x000000078c000000, 0x000000078c400000|  0%| F|  |TAMS 0x000000078c000000, 0x000000078c000000| Untracked 
|1585|0x000000078c400000, 0x000000078c400000, 0x000000078c800000|  0%| F|  |TAMS 0x000000078c400000, 0x000000078c400000| Untracked 
|1586|0x000000078c800000, 0x000000078c800000, 0x000000078cc00000|  0%| F|  |TAMS 0x000000078c800000, 0x000000078c800000| Untracked 
|1587|0x000000078cc00000, 0x000000078cc00000, 0x000000078d000000|  0%| F|  |TAMS 0x000000078cc00000, 0x000000078cc00000| Untracked 
|1588|0x000000078d000000, 0x000000078d000000, 0x000000078d400000|  0%| F|  |TAMS 0x000000078d000000, 0x000000078d000000| Untracked 
|1589|0x000000078d400000, 0x000000078d400000, 0x000000078d800000|  0%| F|  |TAMS 0x000000078d400000, 0x000000078d400000| Untracked 
|1590|0x000000078d800000, 0x000000078d800000, 0x000000078dc00000|  0%| F|  |TAMS 0x000000078d800000, 0x000000078d800000| Untracked 
|1591|0x000000078dc00000, 0x000000078dc00000, 0x000000078e000000|  0%| F|  |TAMS 0x000000078dc00000, 0x000000078dc00000| Untracked 
|1592|0x000000078e000000, 0x000000078e000000, 0x000000078e400000|  0%| F|  |TAMS 0x000000078e000000, 0x000000078e000000| Untracked 
|1593|0x000000078e400000, 0x000000078e400000, 0x000000078e800000|  0%| F|  |TAMS 0x000000078e400000, 0x000000078e400000| Untracked 
|1594|0x000000078e800000, 0x000000078e800000, 0x000000078ec00000|  0%| F|  |TAMS 0x000000078e800000, 0x000000078e800000| Untracked 
|1595|0x000000078ec00000, 0x000000078ec00000, 0x000000078f000000|  0%| F|  |TAMS 0x000000078ec00000, 0x000000078ec00000| Untracked 
|1596|0x000000078f000000, 0x000000078f000000, 0x000000078f400000|  0%| F|  |TAMS 0x000000078f000000, 0x000000078f000000| Untracked 
|1597|0x000000078f400000, 0x000000078f400000, 0x000000078f800000|  0%| F|  |TAMS 0x000000078f400000, 0x000000078f400000| Untracked 
|1598|0x000000078f800000, 0x000000078f800000, 0x000000078fc00000|  0%| F|  |TAMS 0x000000078f800000, 0x000000078f800000| Untracked 
|1599|0x000000078fc00000, 0x000000078fc00000, 0x0000000790000000|  0%| F|  |TAMS 0x000000078fc00000, 0x000000078fc00000| Untracked 
|1600|0x0000000790000000, 0x0000000790000000, 0x0000000790400000|  0%| F|  |TAMS 0x0000000790000000, 0x0000000790000000| Untracked 
|1601|0x0000000790400000, 0x0000000790400000, 0x0000000790800000|  0%| F|  |TAMS 0x0000000790400000, 0x0000000790400000| Untracked 
|1602|0x0000000790800000, 0x0000000790800000, 0x0000000790c00000|  0%| F|  |TAMS 0x0000000790800000, 0x0000000790800000| Untracked 
|1603|0x0000000790c00000, 0x0000000790c00000, 0x0000000791000000|  0%| F|  |TAMS 0x0000000790c00000, 0x0000000790c00000| Untracked 
|1604|0x0000000791000000, 0x0000000791000000, 0x0000000791400000|  0%| F|  |TAMS 0x0000000791000000, 0x0000000791000000| Untracked 
|1605|0x0000000791400000, 0x0000000791400000, 0x0000000791800000|  0%| F|  |TAMS 0x0000000791400000, 0x0000000791400000| Untracked 
|1606|0x0000000791800000, 0x0000000791800000, 0x0000000791c00000|  0%| F|  |TAMS 0x0000000791800000, 0x0000000791800000| Untracked 
|1607|0x0000000791c00000, 0x0000000791c00000, 0x0000000792000000|  0%| F|  |TAMS 0x0000000791c00000, 0x0000000791c00000| Untracked 
|1608|0x0000000792000000, 0x0000000792000000, 0x0000000792400000|  0%| F|  |TAMS 0x0000000792000000, 0x0000000792000000| Untracked 
|1609|0x0000000792400000, 0x0000000792400000, 0x0000000792800000|  0%| F|  |TAMS 0x0000000792400000, 0x0000000792400000| Untracked 
|1610|0x0000000792800000, 0x0000000792985fc0, 0x0000000792c00000| 38%| S|CS|TAMS 0x0000000792800000, 0x0000000792800000| Complete 
|1611|0x0000000792c00000, 0x0000000793000000, 0x0000000793000000|100%| S|CS|TAMS 0x0000000792c00000, 0x0000000792c00000| Complete 
|1612|0x0000000793000000, 0x0000000793400000, 0x0000000793400000|100%| S|CS|TAMS 0x0000000793000000, 0x0000000793000000| Complete 
|1613|0x0000000793400000, 0x0000000793800000, 0x0000000793800000|100%| S|CS|TAMS 0x0000000793400000, 0x0000000793400000| Complete 
|1614|0x0000000793800000, 0x0000000793c00000, 0x0000000793c00000|100%| S|CS|TAMS 0x0000000793800000, 0x0000000793800000| Complete 
|1615|0x0000000793c00000, 0x0000000793c00000, 0x0000000794000000|  0%| F|  |TAMS 0x0000000793c00000, 0x0000000793c00000| Untracked 
|1616|0x0000000794000000, 0x0000000794000000, 0x0000000794400000|  0%| F|  |TAMS 0x0000000794000000, 0x0000000794000000| Untracked 
|1617|0x0000000794400000, 0x0000000794400000, 0x0000000794800000|  0%| F|  |TAMS 0x0000000794400000, 0x0000000794400000| Untracked 
|1618|0x0000000794800000, 0x0000000794800000, 0x0000000794c00000|  0%| F|  |TAMS 0x0000000794800000, 0x0000000794800000| Untracked 
|1619|0x0000000794c00000, 0x0000000794c00000, 0x0000000795000000|  0%| F|  |TAMS 0x0000000794c00000, 0x0000000794c00000| Untracked 
|1620|0x0000000795000000, 0x0000000795000000, 0x0000000795400000|  0%| F|  |TAMS 0x0000000795000000, 0x0000000795000000| Untracked 
|1621|0x0000000795400000, 0x0000000795400000, 0x0000000795800000|  0%| F|  |TAMS 0x0000000795400000, 0x0000000795400000| Untracked 
|1622|0x0000000795800000, 0x0000000795800000, 0x0000000795c00000|  0%| F|  |TAMS 0x0000000795800000, 0x0000000795800000| Untracked 
|1623|0x0000000795c00000, 0x0000000795c00000, 0x0000000796000000|  0%| F|  |TAMS 0x0000000795c00000, 0x0000000795c00000| Untracked 
|1624|0x0000000796000000, 0x0000000796000000, 0x0000000796400000|  0%| F|  |TAMS 0x0000000796000000, 0x0000000796000000| Untracked 
|1625|0x0000000796400000, 0x0000000796400000, 0x0000000796800000|  0%| F|  |TAMS 0x0000000796400000, 0x0000000796400000| Untracked 
|1626|0x0000000796800000, 0x0000000796800000, 0x0000000796c00000|  0%| F|  |TAMS 0x0000000796800000, 0x0000000796800000| Untracked 
|1627|0x0000000796c00000, 0x0000000797000000, 0x0000000797000000|100%| E|  |TAMS 0x0000000796c00000, 0x0000000796c00000| Complete 
|1628|0x0000000797000000, 0x0000000797400000, 0x0000000797400000|100%| E|CS|TAMS 0x0000000797000000, 0x0000000797000000| Complete 
|1629|0x0000000797400000, 0x0000000797800000, 0x0000000797800000|100%| E|CS|TAMS 0x0000000797400000, 0x0000000797400000| Complete 
|1630|0x0000000797800000, 0x0000000797c00000, 0x0000000797c00000|100%| E|CS|TAMS 0x0000000797800000, 0x0000000797800000| Complete 
|1631|0x0000000797c00000, 0x0000000798000000, 0x0000000798000000|100%| E|CS|TAMS 0x0000000797c00000, 0x0000000797c00000| Complete 
|1632|0x0000000798000000, 0x0000000798400000, 0x0000000798400000|100%| E|CS|TAMS 0x0000000798000000, 0x0000000798000000| Complete 
|1633|0x0000000798400000, 0x0000000798800000, 0x0000000798800000|100%| E|CS|TAMS 0x0000000798400000, 0x0000000798400000| Complete 
|1634|0x0000000798800000, 0x0000000798c00000, 0x0000000798c00000|100%| E|CS|TAMS 0x0000000798800000, 0x0000000798800000| Complete 
|1635|0x0000000798c00000, 0x0000000799000000, 0x0000000799000000|100%| E|CS|TAMS 0x0000000798c00000, 0x0000000798c00000| Complete 
|1636|0x0000000799000000, 0x0000000799400000, 0x0000000799400000|100%| E|CS|TAMS 0x0000000799000000, 0x0000000799000000| Complete 
|1637|0x0000000799400000, 0x0000000799800000, 0x0000000799800000|100%| E|CS|TAMS 0x0000000799400000, 0x0000000799400000| Complete 
|1638|0x0000000799800000, 0x0000000799c00000, 0x0000000799c00000|100%| E|CS|TAMS 0x0000000799800000, 0x0000000799800000| Complete 
|1639|0x0000000799c00000, 0x000000079a000000, 0x000000079a000000|100%| E|CS|TAMS 0x0000000799c00000, 0x0000000799c00000| Complete 
|1640|0x000000079a000000, 0x000000079a400000, 0x000000079a400000|100%| E|CS|TAMS 0x000000079a000000, 0x000000079a000000| Complete 
|1641|0x000000079a400000, 0x000000079a800000, 0x000000079a800000|100%| E|CS|TAMS 0x000000079a400000, 0x000000079a400000| Complete 
|1642|0x000000079a800000, 0x000000079ac00000, 0x000000079ac00000|100%| E|CS|TAMS 0x000000079a800000, 0x000000079a800000| Complete 
|1643|0x000000079ac00000, 0x000000079b000000, 0x000000079b000000|100%| E|CS|TAMS 0x000000079ac00000, 0x000000079ac00000| Complete 
|1644|0x000000079b000000, 0x000000079b400000, 0x000000079b400000|100%| E|CS|TAMS 0x000000079b000000, 0x000000079b000000| Complete 
|1645|0x000000079b400000, 0x000000079b800000, 0x000000079b800000|100%| E|CS|TAMS 0x000000079b400000, 0x000000079b400000| Complete 
|1646|0x000000079b800000, 0x000000079bc00000, 0x000000079bc00000|100%| E|CS|TAMS 0x000000079b800000, 0x000000079b800000| Complete 
|1647|0x000000079bc00000, 0x000000079c000000, 0x000000079c000000|100%| E|CS|TAMS 0x000000079bc00000, 0x000000079bc00000| Complete 
|1648|0x000000079c000000, 0x000000079c400000, 0x000000079c400000|100%| E|CS|TAMS 0x000000079c000000, 0x000000079c000000| Complete 
|1649|0x000000079c400000, 0x000000079c800000, 0x000000079c800000|100%| E|CS|TAMS 0x000000079c400000, 0x000000079c400000| Complete 
|1650|0x000000079c800000, 0x000000079cc00000, 0x000000079cc00000|100%| E|CS|TAMS 0x000000079c800000, 0x000000079c800000| Complete 
|1651|0x000000079cc00000, 0x000000079d000000, 0x000000079d000000|100%| E|CS|TAMS 0x000000079cc00000, 0x000000079cc00000| Complete 
|1652|0x000000079d000000, 0x000000079d400000, 0x000000079d400000|100%| E|CS|TAMS 0x000000079d000000, 0x000000079d000000| Complete 
|1653|0x000000079d400000, 0x000000079d800000, 0x000000079d800000|100%| E|CS|TAMS 0x000000079d400000, 0x000000079d400000| Complete 
|1654|0x000000079d800000, 0x000000079dc00000, 0x000000079dc00000|100%| E|CS|TAMS 0x000000079d800000, 0x000000079d800000| Complete 
|1655|0x000000079dc00000, 0x000000079e000000, 0x000000079e000000|100%| E|CS|TAMS 0x000000079dc00000, 0x000000079dc00000| Complete 
|1656|0x000000079e000000, 0x000000079e400000, 0x000000079e400000|100%| E|CS|TAMS 0x000000079e000000, 0x000000079e000000| Complete 
|1657|0x000000079e400000, 0x000000079e800000, 0x000000079e800000|100%| E|CS|TAMS 0x000000079e400000, 0x000000079e400000| Complete 
|1658|0x000000079e800000, 0x000000079ec00000, 0x000000079ec00000|100%| E|CS|TAMS 0x000000079e800000, 0x000000079e800000| Complete 
|1659|0x000000079ec00000, 0x000000079f000000, 0x000000079f000000|100%| E|CS|TAMS 0x000000079ec00000, 0x000000079ec00000| Complete 
|1660|0x000000079f000000, 0x000000079f400000, 0x000000079f400000|100%| E|CS|TAMS 0x000000079f000000, 0x000000079f000000| Complete 
|1661|0x000000079f400000, 0x000000079f800000, 0x000000079f800000|100%| E|CS|TAMS 0x000000079f400000, 0x000000079f400000| Complete 
|1662|0x000000079f800000, 0x000000079fc00000, 0x000000079fc00000|100%| E|CS|TAMS 0x000000079f800000, 0x000000079f800000| Complete 
|1663|0x000000079fc00000, 0x00000007a0000000, 0x00000007a0000000|100%| E|CS|TAMS 0x000000079fc00000, 0x000000079fc00000| Complete 
|1664|0x00000007a0000000, 0x00000007a0400000, 0x00000007a0400000|100%| E|CS|TAMS 0x00000007a0000000, 0x00000007a0000000| Complete 
|1665|0x00000007a0400000, 0x00000007a0800000, 0x00000007a0800000|100%| E|CS|TAMS 0x00000007a0400000, 0x00000007a0400000| Complete 
|1666|0x00000007a0800000, 0x00000007a0c00000, 0x00000007a0c00000|100%| E|CS|TAMS 0x00000007a0800000, 0x00000007a0800000| Complete 
|1667|0x00000007a0c00000, 0x00000007a1000000, 0x00000007a1000000|100%| E|CS|TAMS 0x00000007a0c00000, 0x00000007a0c00000| Complete 
|1668|0x00000007a1000000, 0x00000007a1400000, 0x00000007a1400000|100%| E|CS|TAMS 0x00000007a1000000, 0x00000007a1000000| Complete 
|1669|0x00000007a1400000, 0x00000007a1800000, 0x00000007a1800000|100%| E|CS|TAMS 0x00000007a1400000, 0x00000007a1400000| Complete 
|1670|0x00000007a1800000, 0x00000007a1c00000, 0x00000007a1c00000|100%| E|CS|TAMS 0x00000007a1800000, 0x00000007a1800000| Complete 
|1671|0x00000007a1c00000, 0x00000007a2000000, 0x00000007a2000000|100%| E|CS|TAMS 0x00000007a1c00000, 0x00000007a1c00000| Complete 
|1672|0x00000007a2000000, 0x00000007a2400000, 0x00000007a2400000|100%| E|CS|TAMS 0x00000007a2000000, 0x00000007a2000000| Complete 
|1673|0x00000007a2400000, 0x00000007a2800000, 0x00000007a2800000|100%| E|CS|TAMS 0x00000007a2400000, 0x00000007a2400000| Complete 
|1674|0x00000007a2800000, 0x00000007a2c00000, 0x00000007a2c00000|100%| E|CS|TAMS 0x00000007a2800000, 0x00000007a2800000| Complete 
|1675|0x00000007a2c00000, 0x00000007a3000000, 0x00000007a3000000|100%| E|CS|TAMS 0x00000007a2c00000, 0x00000007a2c00000| Complete 
|1676|0x00000007a3000000, 0x00000007a3400000, 0x00000007a3400000|100%| E|CS|TAMS 0x00000007a3000000, 0x00000007a3000000| Complete 
|1677|0x00000007a3400000, 0x00000007a3800000, 0x00000007a3800000|100%| E|CS|TAMS 0x00000007a3400000, 0x00000007a3400000| Complete 
|1678|0x00000007a3800000, 0x00000007a3c00000, 0x00000007a3c00000|100%| E|CS|TAMS 0x00000007a3800000, 0x00000007a3800000| Complete 
|1679|0x00000007a3c00000, 0x00000007a4000000, 0x00000007a4000000|100%| E|CS|TAMS 0x00000007a3c00000, 0x00000007a3c00000| Complete 
|1680|0x00000007a4000000, 0x00000007a4400000, 0x00000007a4400000|100%| E|CS|TAMS 0x00000007a4000000, 0x00000007a4000000| Complete 
|1681|0x00000007a4400000, 0x00000007a4800000, 0x00000007a4800000|100%| E|CS|TAMS 0x00000007a4400000, 0x00000007a4400000| Complete 
|1682|0x00000007a4800000, 0x00000007a4c00000, 0x00000007a4c00000|100%| E|CS|TAMS 0x00000007a4800000, 0x00000007a4800000| Complete 
|1683|0x00000007a4c00000, 0x00000007a5000000, 0x00000007a5000000|100%| E|CS|TAMS 0x00000007a4c00000, 0x00000007a4c00000| Complete 
|1684|0x00000007a5000000, 0x00000007a5400000, 0x00000007a5400000|100%| E|CS|TAMS 0x00000007a5000000, 0x00000007a5000000| Complete 
|1685|0x00000007a5400000, 0x00000007a5800000, 0x00000007a5800000|100%| E|CS|TAMS 0x00000007a5400000, 0x00000007a5400000| Complete 
|1686|0x00000007a5800000, 0x00000007a5c00000, 0x00000007a5c00000|100%| E|CS|TAMS 0x00000007a5800000, 0x00000007a5800000| Complete 
|1687|0x00000007a5c00000, 0x00000007a6000000, 0x00000007a6000000|100%| E|CS|TAMS 0x00000007a5c00000, 0x00000007a5c00000| Complete 
|1688|0x00000007a6000000, 0x00000007a6400000, 0x00000007a6400000|100%| E|CS|TAMS 0x00000007a6000000, 0x00000007a6000000| Complete 
|1689|0x00000007a6400000, 0x00000007a6800000, 0x00000007a6800000|100%| E|CS|TAMS 0x00000007a6400000, 0x00000007a6400000| Complete 
|1690|0x00000007a6800000, 0x00000007a6c00000, 0x00000007a6c00000|100%| E|CS|TAMS 0x00000007a6800000, 0x00000007a6800000| Complete 
|1691|0x00000007a6c00000, 0x00000007a7000000, 0x00000007a7000000|100%| E|CS|TAMS 0x00000007a6c00000, 0x00000007a6c00000| Complete 
|1692|0x00000007a7000000, 0x00000007a7400000, 0x00000007a7400000|100%| E|CS|TAMS 0x00000007a7000000, 0x00000007a7000000| Complete 
|1693|0x00000007a7400000, 0x00000007a7800000, 0x00000007a7800000|100%| E|CS|TAMS 0x00000007a7400000, 0x00000007a7400000| Complete 

Card table byte_map: [0x0000021b4ce60000,0x0000021b4de60000] _byte_map_base: 0x0000021b49e60000

Marking Bits (Prev, Next): (CMBitMap*) 0x0000021b5eef03e0, (CMBitMap*) 0x0000021b5eef0420
 Prev Bits: [0x0000021b4ee60000, 0x0000021b56e60000)
 Next Bits: [0x0000021b56e60000, 0x0000021b5ee60000)

Polling page: 0x0000021b33140000

Metaspace:

Usage:
  Non-class:    167.48 MB used.
      Class:     25.08 MB used.
       Both:    192.55 MB used.

Virtual space:
  Non-class space:      192.00 MB reserved,     169.06 MB ( 88%) committed,  3 nodes.
      Class space:      832.00 MB reserved,      26.38 MB (  3%) committed,  1 nodes.
             Both:        1.00 GB reserved,     195.44 MB ( 19%) committed. 

Chunk freelists:
   Non-Class:  6.89 MB
       Class:  5.44 MB
        Both:  12.33 MB

MaxMetaspaceSize: 1.00 GB
CompressedClassSpaceSize: 832.00 MB
Initial GC threshold: 21.00 MB
Current GC threshold: 221.81 MB
CDS: on
MetaspaceReclaimPolicy: balanced
 - commit_granule_bytes: 65536.
 - commit_granule_words: 8192.
 - virtual_space_node_default_size: 8388608.
 - enlarge_chunks_in_place: 1.
 - new_chunks_are_fully_committed: 0.
 - uncommit_free_chunks: 1.
 - use_allocation_guard: 0.
 - handle_deallocations: 1.


Internal statistics:

num_allocs_failed_limit: 12.
num_arena_births: 4246.
num_arena_deaths: 2.
num_vsnodes_births: 4.
num_vsnodes_deaths: 0.
num_space_committed: 3125.
num_space_uncommitted: 0.
num_chunks_returned_to_freelist: 19.
num_chunks_taken_from_freelist: 13552.
num_chunk_merges: 14.
num_chunk_splits: 8394.
num_chunks_enlarged: 4848.
num_inconsistent_stats: 0.

CodeHeap 'non-profiled nmethods': size=120000Kb used=34880Kb max_used=36325Kb free=85120Kb
 bounds [0x0000021b43ca0000, 0x0000021b46020000, 0x0000021b4b1d0000]
CodeHeap 'profiled nmethods': size=120000Kb used=64606Kb max_used=65078Kb free=55393Kb
 bounds [0x0000021b3c1d0000, 0x0000021b40170000, 0x0000021b43700000]
CodeHeap 'non-nmethods': size=5760Kb used=2619Kb max_used=2724Kb free=3140Kb
 bounds [0x0000021b43700000, 0x0000021b439c0000, 0x0000021b43ca0000]
 total_blobs=35192 nmethods=34015 adapters=1086
 compilation: enabled
              stopped_count=0, restarted_count=0
 full_count=0

Compilation events (20 events):
Event: 827.546 Thread 0x0000021b5f0c6fe0 44972       1       com.android.tools.r8.internal.sq0::o (2 bytes)
Event: 827.546 Thread 0x0000021b5f0c6fe0 nmethod 44972 0x0000021b44af8510 code [0x0000021b44af86a0, 0x0000021b44af8778]
Event: 827.546 Thread 0x0000021b5f0c6fe0 44977       2       com.android.tools.r8.internal.L::get (34 bytes)
Event: 827.546 Thread 0x0000021b5f0c6fe0 nmethod 44977 0x0000021b3fd77a10 code [0x0000021b3fd77be0, 0x0000021b3fd77e18]
Event: 827.546 Thread 0x0000021b5f0c6fe0 44978       2       com.android.tools.r8.internal.L::containsKey (20 bytes)
Event: 827.546 Thread 0x0000021b5f0c6fe0 nmethod 44978 0x0000021b3feec710 code [0x0000021b3feec8c0, 0x0000021b3feeca68]
Event: 827.546 Thread 0x0000021b5f0c6fe0 44973       1       com.android.tools.r8.internal.sq0::s2 (3 bytes)
Event: 827.546 Thread 0x0000021b5f0c6fe0 nmethod 44973 0x0000021b45a14790 code [0x0000021b45a14920, 0x0000021b45a149f8]
Event: 827.546 Thread 0x0000021b5f0c6fe0 44979       2       com.android.tools.r8.internal.Aa::a (22 bytes)
Event: 827.546 Thread 0x0000021b5f0c6fe0 nmethod 44979 0x0000021b3feec210 code [0x0000021b3feec3c0, 0x0000021b3feec558]
Event: 827.547 Thread 0x0000021b5f0c6fe0 44980       2       com.android.tools.r8.internal.Zv0::B (33 bytes)
Event: 827.547 Thread 0x0000021b5f0c6fe0 nmethod 44980 0x0000021b3feebe90 code [0x0000021b3feec020, 0x0000021b3feec138]
Event: 827.547 Thread 0x0000021b5f0c6fe0 44981       2       com.android.tools.r8.internal.tc::<init> (17 bytes)
Event: 827.547 Thread 0x0000021b5f0c6fe0 nmethod 44981 0x0000021b3feeba90 code [0x0000021b3feebc40, 0x0000021b3feebdc8]
Event: 827.547 Thread 0x0000021b5f0c6fe0 44982       2       com.android.tools.r8.internal.wB::a (73 bytes)
Event: 827.547 Thread 0x0000021b5f0c6fe0 nmethod 44982 0x0000021b3feeb290 code [0x0000021b3feeb480, 0x0000021b3feeb808]
Event: 827.547 Thread 0x0000021b5f0c6fe0 44983       2       com.android.tools.r8.internal.Aa::a (115 bytes)
Event: 827.547 Thread 0x0000021b5f0c6fe0 nmethod 44983 0x0000021b3feea890 code [0x0000021b3feeaaa0, 0x0000021b3feeaf48]
Event: 827.547 Thread 0x0000021b5f0c6fe0 44984       2       com.android.tools.r8.internal.B00::a (12 bytes)
Event: 827.547 Thread 0x0000021b5f0c6fe0 nmethod 44984 0x0000021b3feea310 code [0x0000021b3feea4c0, 0x0000021b3feea5e8]

GC Heap History (20 events):
Event: 791.263 GC heap before
{Heap before GC invocations=140 (full 0):
 garbage-first heap   total 6307840K, used 1428887K [0x0000000600000000, 0x0000000800000000)
  region size 4096K, 77 young (315392K), 10 survivors (40960K)
 Metaspace       used 194127K, committed 197120K, reserved 1048576K
  class space    used 25193K, committed 26560K, reserved 851968K
}
Event: 791.328 GC heap after
{Heap after GC invocations=141 (full 0):
 garbage-first heap   total 6307840K, used 1207956K [0x0000000600000000, 0x0000000800000000)
  region size 4096K, 10 young (40960K), 10 survivors (40960K)
 Metaspace       used 194127K, committed 197120K, reserved 1048576K
  class space    used 25193K, committed 26560K, reserved 851968K
}
Event: 791.921 GC heap before
{Heap before GC invocations=141 (full 0):
 garbage-first heap   total 6307840K, used 1482388K [0x0000000600000000, 0x0000000800000000)
  region size 4096K, 77 young (315392K), 10 survivors (40960K)
 Metaspace       used 194191K, committed 197184K, reserved 1048576K
  class space    used 25195K, committed 26560K, reserved 851968K
}
Event: 792.220 GC heap after
{Heap after GC invocations=142 (full 0):
 garbage-first heap   total 6307840K, used 1259269K [0x0000000600000000, 0x0000000800000000)
  region size 4096K, 10 young (40960K), 10 survivors (40960K)
 Metaspace       used 194191K, committed 197184K, reserved 1048576K
  class space    used 25195K, committed 26560K, reserved 851968K
}
Event: 792.492 GC heap before
{Heap before GC invocations=142 (full 0):
 garbage-first heap   total 6307840K, used 1533701K [0x0000000600000000, 0x0000000800000000)
  region size 4096K, 77 young (315392K), 10 survivors (40960K)
 Metaspace       used 194214K, committed 197248K, reserved 1048576K
  class space    used 25197K, committed 26560K, reserved 851968K
}
Event: 792.593 GC heap after
{Heap after GC invocations=143 (full 0):
 garbage-first heap   total 6307840K, used 1305296K [0x0000000600000000, 0x0000000800000000)
  region size 4096K, 10 young (40960K), 10 survivors (40960K)
 Metaspace       used 194214K, committed 197248K, reserved 1048576K
  class space    used 25197K, committed 26560K, reserved 851968K
}
Event: 793.034 GC heap before
{Heap before GC invocations=143 (full 0):
 garbage-first heap   total 6307840K, used 1579728K [0x0000000600000000, 0x0000000800000000)
  region size 4096K, 77 young (315392K), 10 survivors (40960K)
 Metaspace       used 194251K, committed 197248K, reserved 1048576K
  class space    used 25198K, committed 26560K, reserved 851968K
}
Event: 793.137 GC heap after
{Heap after GC invocations=144 (full 0):
 garbage-first heap   total 6307840K, used 1349184K [0x0000000600000000, 0x0000000800000000)
  region size 4096K, 10 young (40960K), 10 survivors (40960K)
 Metaspace       used 194251K, committed 197248K, reserved 1048576K
  class space    used 25198K, committed 26560K, reserved 851968K
}
Event: 793.309 GC heap before
{Heap before GC invocations=144 (full 0):
 garbage-first heap   total 6307840K, used 1623616K [0x0000000600000000, 0x0000000800000000)
  region size 4096K, 77 young (315392K), 10 survivors (40960K)
 Metaspace       used 194252K, committed 197248K, reserved 1048576K
  class space    used 25198K, committed 26560K, reserved 851968K
}
Event: 793.345 GC heap after
{Heap after GC invocations=145 (full 0):
 garbage-first heap   total 6938624K, used 1390164K [0x0000000600000000, 0x0000000800000000)
  region size 4096K, 10 young (40960K), 10 survivors (40960K)
 Metaspace       used 194252K, committed 197248K, reserved 1048576K
  class space    used 25198K, committed 26560K, reserved 851968K
}
Event: 795.709 GC heap before
{Heap before GC invocations=145 (full 0):
 garbage-first heap   total 6938624K, used 1693268K [0x0000000600000000, 0x0000000800000000)
  region size 4096K, 84 young (344064K), 10 survivors (40960K)
 Metaspace       used 194280K, committed 197248K, reserved 1048576K
  class space    used 25201K, committed 26560K, reserved 851968K
}
Event: 803.823 GC heap after
{Heap after GC invocations=146 (full 0):
 garbage-first heap   total 6938624K, used 1439253K [0x0000000600000000, 0x0000000800000000)
  region size 4096K, 11 young (45056K), 11 survivors (45056K)
 Metaspace       used 194280K, committed 197248K, reserved 1048576K
  class space    used 25201K, committed 26560K, reserved 851968K
}
Event: 804.512 GC heap before
{Heap before GC invocations=146 (full 0):
 garbage-first heap   total 6938624K, used 1738261K [0x0000000600000000, 0x0000000800000000)
  region size 4096K, 84 young (344064K), 11 survivors (45056K)
 Metaspace       used 194301K, committed 197312K, reserved 1048576K
  class space    used 25201K, committed 26560K, reserved 851968K
}
Event: 804.721 GC heap after
{Heap after GC invocations=147 (full 0):
 garbage-first heap   total 6938624K, used 1465501K [0x0000000600000000, 0x0000000800000000)
  region size 4096K, 6 young (24576K), 6 survivors (24576K)
 Metaspace       used 194301K, committed 197312K, reserved 1048576K
  class space    used 25201K, committed 26560K, reserved 851968K
}
Event: 809.698 GC heap before
{Heap before GC invocations=147 (full 0):
 garbage-first heap   total 6938624K, used 1789085K [0x0000000600000000, 0x0000000800000000)
  region size 4096K, 84 young (344064K), 6 survivors (24576K)
 Metaspace       used 194314K, committed 197312K, reserved 1048576K
  class space    used 25201K, committed 26560K, reserved 851968K
}
Event: 809.740 GC heap after
{Heap after GC invocations=148 (full 0):
 garbage-first heap   total 6938624K, used 1487489K [0x0000000600000000, 0x0000000800000000)
  region size 4096K, 11 young (45056K), 11 survivors (45056K)
 Metaspace       used 194314K, committed 197312K, reserved 1048576K
  class space    used 25201K, committed 26560K, reserved 851968K
}
Event: 818.696 GC heap before
{Heap before GC invocations=148 (full 0):
 garbage-first heap   total 6938624K, used 1802881K [0x0000000600000000, 0x0000000800000000)
  region size 4096K, 84 young (344064K), 11 survivors (45056K)
 Metaspace       used 194320K, committed 197312K, reserved 1048576K
  class space    used 25201K, committed 26560K, reserved 851968K
}
Event: 818.746 GC heap after
{Heap after GC invocations=149 (full 0):
 garbage-first heap   total 6938624K, used 1523686K [0x0000000600000000, 0x0000000800000000)
  region size 4096K, 11 young (45056K), 11 survivors (45056K)
 Metaspace       used 194320K, committed 197312K, reserved 1048576K
  class space    used 25201K, committed 26560K, reserved 851968K
}
Event: 819.529 GC heap before
{Heap before GC invocations=149 (full 0):
 garbage-first heap   total 6938624K, used 1822694K [0x0000000600000000, 0x0000000800000000)
  region size 4096K, 84 young (344064K), 11 survivors (45056K)
 Metaspace       used 194324K, committed 197312K, reserved 1048576K
  class space    used 25201K, committed 26560K, reserved 851968K
}
Event: 819.612 GC heap after
{Heap after GC invocations=150 (full 0):
 garbage-first heap   total 6938624K, used 1539044K [0x0000000600000000, 0x0000000800000000)
  region size 4096K, 5 young (20480K), 5 survivors (20480K)
 Metaspace       used 194324K, committed 197312K, reserved 1048576K
  class space    used 25201K, committed 26560K, reserved 851968K
}

Dll operation events (16 events):
Event: 0.021 Loaded shared library C:\Program Files\Eclipse Adoptium\jdk-17.0.18.8-hotspot\bin\java.dll
Event: 0.043 Loaded shared library C:\Program Files\Eclipse Adoptium\jdk-17.0.18.8-hotspot\bin\jsvml.dll
Event: 0.094 Loaded shared library C:\Program Files\Eclipse Adoptium\jdk-17.0.18.8-hotspot\bin\zip.dll
Event: 0.098 Loaded shared library C:\Program Files\Eclipse Adoptium\jdk-17.0.18.8-hotspot\bin\instrument.dll
Event: 0.103 Loaded shared library C:\Program Files\Eclipse Adoptium\jdk-17.0.18.8-hotspot\bin\net.dll
Event: 0.104 Loaded shared library C:\Program Files\Eclipse Adoptium\jdk-17.0.18.8-hotspot\bin\nio.dll
Event: 0.106 Loaded shared library C:\Program Files\Eclipse Adoptium\jdk-17.0.18.8-hotspot\bin\zip.dll
Event: 0.352 Loaded shared library C:\Program Files\Eclipse Adoptium\jdk-17.0.18.8-hotspot\bin\jimage.dll
Event: 0.507 Loaded shared library C:\Program Files\Eclipse Adoptium\jdk-17.0.18.8-hotspot\bin\verify.dll
Event: 0.594 Loaded shared library C:\Users\fuadh\.gradle\native\1def1411415f61bf3af743bc5b6707747c0891f09f0c88961ee8f79bc544acac\windows-amd64\native-platform.dll
Event: 0.622 Loaded shared library C:\Users\fuadh\.gradle\native\0.2.7\x86_64-windows-gnu\gradle-fileevents.dll
Event: 1.741 Loaded shared library C:\Program Files\Eclipse Adoptium\jdk-17.0.18.8-hotspot\bin\management.dll
Event: 1.744 Loaded shared library C:\Program Files\Eclipse Adoptium\jdk-17.0.18.8-hotspot\bin\management_ext.dll
Event: 1.901 Loaded shared library C:\Program Files\Eclipse Adoptium\jdk-17.0.18.8-hotspot\bin\extnet.dll
Event: 2.082 Loaded shared library C:\Program Files\Eclipse Adoptium\jdk-17.0.18.8-hotspot\bin\sunmscapi.dll
Event: 468.050 Loaded shared library C:\Program Files\Eclipse Adoptium\jdk-17.0.18.8-hotspot\bin\rmi.dll

Deoptimization events (20 events):
Event: 826.370 Thread 0x0000021ba8107c70 Uncommon trap: trap_request=0xffffffc6 fr.pc=0x0000021b45aeba18 relative=0x0000000000000ab8
Event: 826.370 Thread 0x0000021ba8107c70 Uncommon trap: reason=bimorphic_or_optimized_type_check action=maybe_recompile pc=0x0000021b45aeba18 method=com.android.tools.r8.internal.Dg0.get(Ljava/lang/Object;)Ljava/lang/Object; @ 23 c2
Event: 826.370 Thread 0x0000021ba8107c70 DEOPT PACKING pc=0x0000021b45aeba18 sp=0x000000ea581fd2c0
Event: 826.370 Thread 0x0000021ba8107c70 DEOPT UNPACKING pc=0x0000021b437569a3 sp=0x000000ea581fd270 mode 2
Event: 826.377 Thread 0x0000021ba8107c70 Uncommon trap: trap_request=0xffffff45 fr.pc=0x0000021b454eb4a8 relative=0x0000000000000088
Event: 826.377 Thread 0x0000021ba8107c70 Uncommon trap: reason=unstable_if action=reinterpret pc=0x0000021b454eb4a8 method=com.android.tools.r8.internal.zy0.a(C)Lcom/android/tools/r8/internal/zy0; @ 1 c2
Event: 826.377 Thread 0x0000021ba8107c70 DEOPT PACKING pc=0x0000021b454eb4a8 sp=0x000000ea581fcc90
Event: 826.377 Thread 0x0000021ba8107c70 DEOPT UNPACKING pc=0x0000021b437569a3 sp=0x000000ea581fcc28 mode 2
Event: 826.434 Thread 0x0000021ba8107c70 Uncommon trap: trap_request=0xffffff6e fr.pc=0x0000021b45503488 relative=0x0000000000000468
Event: 826.434 Thread 0x0000021ba8107c70 Uncommon trap: reason=loop_limit_check action=maybe_recompile pc=0x0000021b45503488 method=com.android.tools.r8.internal.cI.add(I)Z @ 10 c2
Event: 826.434 Thread 0x0000021ba8107c70 DEOPT PACKING pc=0x0000021b45503488 sp=0x000000ea581fce80
Event: 826.434 Thread 0x0000021ba8107c70 DEOPT UNPACKING pc=0x0000021b437569a3 sp=0x000000ea581fce30 mode 2
Event: 826.438 Thread 0x0000021ba8107c70 Uncommon trap: trap_request=0xffffff6e fr.pc=0x0000021b45505154 relative=0x00000000000016b4
Event: 826.438 Thread 0x0000021ba8107c70 Uncommon trap: reason=loop_limit_check action=maybe_recompile pc=0x0000021b45505154 method=com.android.tools.r8.internal.lb.a(I)Lcom/android/tools/r8/internal/O70; @ 114 c2
Event: 826.438 Thread 0x0000021ba8107c70 DEOPT PACKING pc=0x0000021b45505154 sp=0x000000ea581fced0
Event: 826.438 Thread 0x0000021ba8107c70 DEOPT UNPACKING pc=0x0000021b437569a3 sp=0x000000ea581fcea0 mode 2
Event: 826.519 Thread 0x0000021ba8107c70 Uncommon trap: trap_request=0xffffff45 fr.pc=0x0000021b4550120c relative=0x000000000000036c
Event: 826.519 Thread 0x0000021ba8107c70 Uncommon trap: reason=unstable_if action=reinterpret pc=0x0000021b4550120c method=com.android.tools.r8.internal.cI.add(I)Z @ 20 c2
Event: 826.519 Thread 0x0000021ba8107c70 DEOPT PACKING pc=0x0000021b4550120c sp=0x000000ea581fcde0
Event: 826.519 Thread 0x0000021ba8107c70 DEOPT UNPACKING pc=0x0000021b437569a3 sp=0x000000ea581fcd98 mode 2

Classes loaded (20 events):
Event: 587.461 Loading class sun/nio/cs/US_ASCII$Encoder
Event: 587.467 Loading class sun/nio/cs/US_ASCII$Encoder done
Event: 587.467 Loading class sun/nio/cs/Surrogate$Parser
Event: 587.481 Loading class sun/nio/cs/Surrogate$Parser done
Event: 587.481 Loading class sun/nio/cs/Surrogate
Event: 587.495 Loading class sun/nio/cs/Surrogate done
Event: 587.584 Loading class java/util/TreeMap$AscendingSubMap
Event: 587.588 Loading class java/util/TreeMap$AscendingSubMap done
Event: 587.589 Loading class java/util/TreeMap$NavigableSubMap$SubMapKeyIterator
Event: 587.591 Loading class java/util/TreeMap$NavigableSubMap$SubMapKeyIterator done
Event: 705.279 Loading class java/util/zip/ZipOutputStream
Event: 705.284 Loading class java/util/zip/ZipOutputStream done
Event: 729.377 Loading class java/util/concurrent/ForkJoinTask$AdaptedCallable
Event: 729.386 Loading class java/util/concurrent/ForkJoinTask$AdaptedCallable done
Event: 729.387 Loading class java/util/concurrent/ForkJoinPool$DefaultForkJoinWorkerThreadFactory$1
Event: 729.387 Loading class java/util/concurrent/ForkJoinPool$DefaultForkJoinWorkerThreadFactory$1 done
Event: 738.415 Loading class java/util/IdentityHashMap$EntrySet
Event: 738.422 Loading class java/util/IdentityHashMap$EntrySet done
Event: 759.364 Loading class java/util/IdentityHashMap$ValueIterator
Event: 759.749 Loading class java/util/IdentityHashMap$ValueIterator done

Classes unloaded (11 events):
Event: 310.126 Thread 0x0000021b5f09d3f0 Unloading class 0x0000021b63c38bb8 '_BuildScript_$_run_closure3'
Event: 310.128 Thread 0x0000021b5f09d3f0 Unloading class 0x0000021b63c387d0 '_BuildScript_$_run_closure2$_closure6$_closure10'
Event: 310.128 Thread 0x0000021b5f09d3f0 Unloading class 0x0000021b63c383e8 '_BuildScript_$_run_closure2$_closure6$_closure9'
Event: 310.128 Thread 0x0000021b5f09d3f0 Unloading class 0x0000021b63c38000 '_BuildScript_$_run_closure2$_closure6'
Event: 310.131 Thread 0x0000021b5f09d3f0 Unloading class 0x0000021b63c35bb8 '_BuildScript_$_run_closure2$_closure5$_closure8'
Event: 310.131 Thread 0x0000021b5f09d3f0 Unloading class 0x0000021b63c357d0 '_BuildScript_$_run_closure2$_closure5$_closure7'
Event: 310.131 Thread 0x0000021b5f09d3f0 Unloading class 0x0000021b63c353e8 '_BuildScript_$_run_closure2$_closure5'
Event: 310.131 Thread 0x0000021b5f09d3f0 Unloading class 0x0000021b63c35000 '_BuildScript_$_run_closure2$_closure4'
Event: 310.131 Thread 0x0000021b5f09d3f0 Unloading class 0x0000021b63c34920 '_BuildScript_$_run_closure2'
Event: 310.131 Thread 0x0000021b5f09d3f0 Unloading class 0x0000021b63c34538 '_BuildScript_$_run_closure1'
Event: 310.131 Thread 0x0000021b5f09d3f0 Unloading class 0x0000021b63c34000 '_BuildScript_'

Classes redefined (0 events):
No events

Internal exceptions (20 events):
Event: 755.883 Thread 0x0000021ba8107c70 Exception <a 'java/lang/NoSuchMethodError'{0x00000007277824b8}: 'java.lang.Object java.lang.invoke.DirectMethodHandle$Holder.invokeStatic(java.lang.Object, java.lang.Object, int, java.lang.Object, java.lang.Object)'> (0x00000007277824b8) 
thrown [s\src\hotspot\share\interpreter\linkResolver.cpp, line 759]
Event: 756.034 Thread 0x0000021ba8107c70 Exception <a 'java/lang/NoSuchMethodError'{0x0000000727225748}: 'void java.lang.invoke.DirectMethodHandle$Holder.invokeStatic(java.lang.Object, java.lang.Object, int)'> (0x0000000727225748) 
thrown [s\src\hotspot\share\interpreter\linkResolver.cpp, line 759]
Event: 756.419 Thread 0x0000021ba8107c70 Exception <a 'java/lang/NoSuchMethodError'{0x0000000726d31aa8}: 'java.lang.Object java.lang.invoke.DirectMethodHandle$Holder.invokeStatic(java.lang.Object, java.lang.Object, java.lang.Object, java.lang.Object, java.lang.Object, int)'> (0x0000000726d31aa8) 
thrown [s\src\hotspot\share\interpreter\linkResolver.cpp, line 759]
Event: 761.404 Thread 0x0000021ba8107c70 Implicit null exception at 0x0000021b45ca7c8c to 0x0000021b45cabe8c
Event: 761.593 Thread 0x0000021b9fd20060 Exception <a 'sun/nio/fs/WindowsException'{0x0000000715662d10}> (0x0000000715662d10) 
thrown [s\src\hotspot\share\prims\jni.cpp, line 516]
Event: 761.596 Thread 0x0000021b9fd20060 Exception <a 'sun/nio/fs/WindowsException'{0x000000071534ef70}> (0x000000071534ef70) 
thrown [s\src\hotspot\share\prims\jni.cpp, line 516]
Event: 761.596 Thread 0x0000021b9fd20060 Exception <a 'sun/nio/fs/WindowsException'{0x0000000714c00f50}> (0x0000000714c00f50) 
thrown [s\src\hotspot\share\prims\jni.cpp, line 516]
Event: 761.680 Thread 0x0000021ba8107c70 Implicit null exception at 0x0000021b45c8020c to 0x0000021b45c80bc4
Event: 761.680 Thread 0x0000021ba8107c70 Implicit null exception at 0x0000021b45c51c30 to 0x0000021b45c52154
Event: 762.782 Thread 0x0000021bab184c20 Implicit null exception at 0x0000021b45a0ee88 to 0x0000021b45a1277c
Event: 763.450 Thread 0x0000021ba8107c70 Implicit null exception at 0x0000021b45cc28d4 to 0x0000021b45cc64dc
Event: 763.517 Thread 0x0000021ba8107c70 Implicit null exception at 0x0000021b45cd959d to 0x0000021b45cdc76c
Event: 763.518 Thread 0x0000021ba8107c70 Implicit null exception at 0x0000021b45ddc9b8 to 0x0000021b45dde358
Event: 777.719 Thread 0x0000021bab188df0 Implicit null exception at 0x0000021b45f1e980 to 0x0000021b45f1fabc
Event: 777.781 Thread 0x0000021bab185130 Implicit null exception at 0x0000021b45a49d74 to 0x0000021b45a49de8
Event: 777.947 Thread 0x0000021bab186060 Implicit null exception at 0x0000021b45f24657 to 0x0000021b45f24958
Event: 777.965 Thread 0x0000021bab186060 Implicit null exception at 0x0000021b45a2b8bc to 0x0000021b45a2b90d
Event: 785.690 Thread 0x0000021bab189300 Implicit null exception at 0x0000021b45f68725 to 0x0000021b45f689a0
Event: 792.851 Thread 0x0000021ba8107c70 Implicit null exception at 0x0000021b45c14dac to 0x0000021b45c14dec
Event: 824.519 Thread 0x0000021ba8107c70 Exception <a 'java/lang/NoSuchMethodError'{0x000000079c155240}: 'void java.lang.invoke.DirectMethodHandle$Holder.invokeSpecial(java.lang.Object, java.lang.Object, int, java.lang.Object)'> (0x000000079c155240) 
thrown [s\src\hotspot\share\interpreter\linkResolver.cpp, line 759]

VM Operations (20 events):
Event: 821.197 Executing VM operation: Cleanup
Event: 821.216 Executing VM operation: Cleanup done
Event: 821.225 Executing VM operation: HandshakeAllThreads
Event: 821.226 Executing VM operation: HandshakeAllThreads done
Event: 821.237 Executing VM operation: HandshakeAllThreads
Event: 821.237 Executing VM operation: HandshakeAllThreads done
Event: 822.238 Executing VM operation: Cleanup
Event: 822.473 Executing VM operation: Cleanup done
Event: 825.041 Executing VM operation: HandshakeAllThreads
Event: 825.041 Executing VM operation: HandshakeAllThreads done
Event: 825.041 Executing VM operation: Cleanup
Event: 825.041 Executing VM operation: Cleanup done
Event: 825.134 Executing VM operation: HandshakeAllThreads
Event: 825.134 Executing VM operation: HandshakeAllThreads done
Event: 825.361 Executing VM operation: HandshakeAllThreads
Event: 825.362 Executing VM operation: HandshakeAllThreads done
Event: 825.836 Executing VM operation: ICBufferFull
Event: 825.836 Executing VM operation: ICBufferFull done
Event: 826.283 Executing VM operation: ICBufferFull
Event: 826.283 Executing VM operation: ICBufferFull done

Memory protections (0 events):
No events

Nmethod flushes (20 events):
Event: 820.072 Thread 0x0000021b5f0ca200 flushing  nmethod 0x0000021b4006b110
Event: 820.072 Thread 0x0000021b5f0ca200 flushing  nmethod 0x0000021b4008c510
Event: 820.072 Thread 0x0000021b5f0ca200 flushing  nmethod 0x0000021b40092790
Event: 820.072 Thread 0x0000021b5f0ca200 flushing  nmethod 0x0000021b40093f10
Event: 820.072 Thread 0x0000021b5f0ca200 flushing  nmethod 0x0000021b40094690
Event: 820.072 Thread 0x0000021b5f0ca200 flushing  nmethod 0x0000021b40094e90
Event: 820.072 Thread 0x0000021b5f0ca200 flushing  nmethod 0x0000021b40095b10
Event: 820.072 Thread 0x0000021b5f0ca200 flushing  nmethod 0x0000021b40096410
Event: 820.072 Thread 0x0000021b5f0ca200 flushing  nmethod 0x0000021b40096910
Event: 820.072 Thread 0x0000021b5f0ca200 flushing  nmethod 0x0000021b40099f10
Event: 820.072 Thread 0x0000021b5f0ca200 flushing  nmethod 0x0000021b4009a810
Event: 820.072 Thread 0x0000021b5f0ca200 flushing  nmethod 0x0000021b4009b110
Event: 820.072 Thread 0x0000021b5f0ca200 flushing  nmethod 0x0000021b400a7490
Event: 820.072 Thread 0x0000021b5f0ca200 flushing  nmethod 0x0000021b400e6e10
Event: 820.072 Thread 0x0000021b5f0ca200 flushing  nmethod 0x0000021b400e9610
Event: 820.072 Thread 0x0000021b5f0ca200 flushing  nmethod 0x0000021b400eb110
Event: 820.072 Thread 0x0000021b5f0ca200 flushing  nmethod 0x0000021b400ef610
Event: 820.072 Thread 0x0000021b5f0ca200 flushing  nmethod 0x0000021b400fdd10
Event: 820.073 Thread 0x0000021b5f0ca200 flushing  nmethod 0x0000021b40110590
Event: 820.073 Thread 0x0000021b5f0ca200 flushing  nmethod 0x0000021b4011ee10

Events (20 events):
Event: 770.087 Thread 0x0000021bace2cc90 Thread exited: 0x0000021bace2cc90
Event: 776.428 Thread 0x0000021b5f0c6fe0 Thread added: 0x0000021bace2c1f0
Event: 776.449 Thread 0x0000021b5f0c6fe0 Thread added: 0x0000021bace30c50
Event: 785.205 Thread 0x0000021ba810aa00 Thread added: 0x0000021ba10839b0
Event: 785.207 Thread 0x0000021ba810aa00 Thread added: 0x0000021ba1086230
Event: 785.208 Thread 0x0000021ba810aa00 Thread added: 0x0000021ba1083ec0
Event: 790.936 Thread 0x0000021bace30c50 Thread exited: 0x0000021bace30c50
Event: 790.960 Thread 0x0000021bace2c1f0 Thread exited: 0x0000021bace2c1f0
Event: 791.332 Thread 0x0000021b9c871830 Thread added: 0x0000021ba10843d0
Event: 791.345 Thread 0x0000021b5f0c6fe0 Thread added: 0x0000021b9bd4b580
Event: 791.345 Thread 0x0000021b5f0c6fe0 Thread added: 0x0000021b9bd495a0
Event: 792.222 Thread 0x0000021b9bd495a0 Thread exited: 0x0000021b9bd495a0
Event: 792.255 Thread 0x0000021b5f0c6fe0 Thread added: 0x0000021b9bd48060
Event: 792.953 Thread 0x0000021b9fd20570 Thread exited: 0x0000021b9fd20570
Event: 803.825 Thread 0x0000021b9bd48060 Thread exited: 0x0000021b9bd48060
Event: 804.148 Thread 0x0000021b9bd4b580 Thread exited: 0x0000021b9bd4b580
Event: 809.915 Thread 0x0000021b5f0c6fe0 Thread added: 0x0000021bace2b200
Event: 817.878 Thread 0x0000021bace2b200 Thread exited: 0x0000021bace2b200
Event: 818.949 Thread 0x0000021b5f0c6530 Thread added: 0x0000021bace2e720
Event: 819.233 Thread 0x0000021bace2e720 Thread exited: 0x0000021bace2e720


Dynamic libraries:
0x00007ff6d5830000 - 0x00007ff6d583e000 	C:\Program Files\Eclipse Adoptium\jdk-17.0.18.8-hotspot\bin\java.exe
0x00007ffd859a0000 - 0x00007ffd85c06000 	C:\WINDOWS\SYSTEM32\ntdll.dll
0x00007ffd83ec0000 - 0x00007ffd83f89000 	C:\WINDOWS\System32\KERNEL32.DLL
0x00007ffd83020000 - 0x00007ffd8341a000 	C:\WINDOWS\System32\KERNELBASE.dll
0x00007ffd82c30000 - 0x00007ffd82d7c000 	C:\WINDOWS\System32\ucrtbase.dll
0x00007ffd4d3e0000 - 0x00007ffd4d3fe000 	C:\Program Files\Eclipse Adoptium\jdk-17.0.18.8-hotspot\bin\VCRUNTIME140.dll
0x00007ffd4eed0000 - 0x00007ffd4eee8000 	C:\Program Files\Eclipse Adoptium\jdk-17.0.18.8-hotspot\bin\jli.dll
0x00007ffd84a20000 - 0x00007ffd84be7000 	C:\WINDOWS\System32\USER32.dll
0x00007ffd6fd00000 - 0x00007ffd6ff92000 	C:\WINDOWS\WinSxS\amd64_microsoft.windows.common-controls_6595b64144ccf1df_6.0.26100.8521_none_3e08b75ce33403b3\COMCTL32.dll
0x00007ffd835a0000 - 0x00007ffd835c7000 	C:\WINDOWS\System32\win32u.dll
0x00007ffd84bf0000 - 0x00007ffd84c99000 	C:\WINDOWS\System32\msvcrt.dll
0x00007ffd85530000 - 0x00007ffd8555b000 	C:\WINDOWS\System32\GDI32.dll
0x00007ffd82d80000 - 0x00007ffd82eab000 	C:\WINDOWS\System32\gdi32full.dll
0x00007ffd83660000 - 0x00007ffd83703000 	C:\WINDOWS\System32\msvcp_win.dll
0x00007ffd85470000 - 0x00007ffd854a2000 	C:\WINDOWS\System32\IMM32.DLL
0x00007ffd59dd0000 - 0x00007ffd59ddc000 	C:\Program Files\Eclipse Adoptium\jdk-17.0.18.8-hotspot\bin\vcruntime140_1.dll
0x00007ffd20900000 - 0x00007ffd2098d000 	C:\Program Files\Eclipse Adoptium\jdk-17.0.18.8-hotspot\bin\msvcp140.dll
0x00007ffc84490000 - 0x00007ffc850fb000 	C:\Program Files\Eclipse Adoptium\jdk-17.0.18.8-hotspot\bin\server\jvm.dll
0x00007ffd84880000 - 0x00007ffd84936000 	C:\WINDOWS\System32\ADVAPI32.dll
0x00007ffd857a0000 - 0x00007ffd8584a000 	C:\WINDOWS\System32\sechost.dll
0x00007ffd83710000 - 0x00007ffd83828000 	C:\WINDOWS\System32\RPCRT4.dll
0x00007ffd83e30000 - 0x00007ffd83eb0000 	C:\WINDOWS\System32\WS2_32.dll
0x00007ffd82a90000 - 0x00007ffd82aee000 	C:\WINDOWS\SYSTEM32\POWRPROF.dll
0x00007ffd7a8b0000 - 0x00007ffd7a8e6000 	C:\WINDOWS\SYSTEM32\WINMM.dll
0x00007ffd72780000 - 0x00007ffd7278b000 	C:\WINDOWS\SYSTEM32\VERSION.dll
0x00007ffd82a70000 - 0x00007ffd82a84000 	C:\WINDOWS\SYSTEM32\UMPDC.dll
0x00007ffd81980000 - 0x00007ffd8199b000 	C:\WINDOWS\SYSTEM32\kernel.appcore.dll
0x00007ffd55b40000 - 0x00007ffd55b4a000 	C:\Program Files\Eclipse Adoptium\jdk-17.0.18.8-hotspot\bin\jimage.dll
0x00007ffd709c0000 - 0x00007ffd70c02000 	C:\WINDOWS\SYSTEM32\DBGHELP.DLL
0x00007ffd84ca0000 - 0x00007ffd85023000 	C:\WINDOWS\System32\combase.dll
0x00007ffd84940000 - 0x00007ffd84a19000 	C:\WINDOWS\System32\OLEAUT32.dll
0x00007ffd6ffa0000 - 0x00007ffd6ffdb000 	C:\WINDOWS\SYSTEM32\dbgcore.DLL
0x00007ffd82eb0000 - 0x00007ffd82f58000 	C:\WINDOWS\System32\bcryptPrimitives.dll
0x00007ffd50c80000 - 0x00007ffd50c8e000 	C:\Program Files\Eclipse Adoptium\jdk-17.0.18.8-hotspot\bin\instrument.dll
0x00007ffd28a30000 - 0x00007ffd28a55000 	C:\Program Files\Eclipse Adoptium\jdk-17.0.18.8-hotspot\bin\java.dll
0x00007ffd20390000 - 0x00007ffd20467000 	C:\Program Files\Eclipse Adoptium\jdk-17.0.18.8-hotspot\bin\jsvml.dll
0x00007ffd84080000 - 0x00007ffd84804000 	C:\WINDOWS\System32\SHELL32.dll
0x00007ffd807d0000 - 0x00007ffd81050000 	C:\WINDOWS\SYSTEM32\windows.storage.dll
0x00007ffd85850000 - 0x00007ffd85946000 	C:\WINDOWS\System32\SHCORE.dll
0x00007ffd84810000 - 0x00007ffd84877000 	C:\WINDOWS\System32\shlwapi.dll
0x00007ffd82b50000 - 0x00007ffd82b79000 	C:\WINDOWS\SYSTEM32\profapi.dll
0x00007ffd2a720000 - 0x00007ffd2a738000 	C:\Program Files\Eclipse Adoptium\jdk-17.0.18.8-hotspot\bin\zip.dll
0x00007ffd2ae10000 - 0x00007ffd2ae2a000 	C:\Program Files\Eclipse Adoptium\jdk-17.0.18.8-hotspot\bin\net.dll
0x00007ffd7c5b0000 - 0x00007ffd7c6d9000 	C:\WINDOWS\SYSTEM32\WINHTTP.dll
0x00007ffd81ed0000 - 0x00007ffd81f3c000 	C:\WINDOWS\system32\mswsock.dll
0x00007ffd2adc0000 - 0x00007ffd2add6000 	C:\Program Files\Eclipse Adoptium\jdk-17.0.18.8-hotspot\bin\nio.dll
0x00007ffd53490000 - 0x00007ffd534a0000 	C:\Program Files\Eclipse Adoptium\jdk-17.0.18.8-hotspot\bin\verify.dll
0x00007ffd22d60000 - 0x00007ffd22d87000 	C:\Users\fuadh\.gradle\native\1def1411415f61bf3af743bc5b6707747c0891f09f0c88961ee8f79bc544acac\windows-amd64\native-platform.dll
0x00007ffd1dfa0000 - 0x00007ffd1e018000 	C:\Users\fuadh\.gradle\native\0.2.7\x86_64-windows-gnu\gradle-fileevents.dll
0x00007ffd53450000 - 0x00007ffd5345a000 	C:\Program Files\Eclipse Adoptium\jdk-17.0.18.8-hotspot\bin\management.dll
0x00007ffd53410000 - 0x00007ffd5341c000 	C:\Program Files\Eclipse Adoptium\jdk-17.0.18.8-hotspot\bin\management_ext.dll
0x00007ffd85430000 - 0x00007ffd85438000 	C:\WINDOWS\System32\PSAPI.DLL
0x00007ffd81360000 - 0x00007ffd81393000 	C:\WINDOWS\SYSTEM32\IPHLPAPI.DLL
0x00007ffd83f90000 - 0x00007ffd83f9a000 	C:\WINDOWS\System32\NSI.dll
0x00007ffd7c240000 - 0x00007ffd7c25d000 	C:\WINDOWS\SYSTEM32\dhcpcsvc6.DLL
0x00007ffd7c210000 - 0x00007ffd7c235000 	C:\WINDOWS\SYSTEM32\dhcpcsvc.DLL
0x00007ffd813f0000 - 0x00007ffd8153a000 	C:\WINDOWS\SYSTEM32\DNSAPI.dll
0x00007ffd81cf0000 - 0x00007ffd81cfd000 	C:\WINDOWS\SYSTEM32\DSPARSE.dll
0x00007ffd51260000 - 0x00007ffd51269000 	C:\Program Files\Eclipse Adoptium\jdk-17.0.18.8-hotspot\bin\extnet.dll
0x00007ffd822d0000 - 0x00007ffd822eb000 	C:\WINDOWS\SYSTEM32\CRYPTSP.dll
0x00007ffd818e0000 - 0x00007ffd81919000 	C:\WINDOWS\system32\rsaenh.dll
0x00007ffd81f80000 - 0x00007ffd81fb3000 	C:\WINDOWS\SYSTEM32\USERENV.dll
0x00007ffd82b20000 - 0x00007ffd82b4a000 	C:\WINDOWS\SYSTEM32\bcrypt.dll
0x00007ffd82130000 - 0x00007ffd8213c000 	C:\WINDOWS\SYSTEM32\CRYPTBASE.dll
0x00007ffd50220000 - 0x00007ffd5022e000 	C:\Program Files\Eclipse Adoptium\jdk-17.0.18.8-hotspot\bin\sunmscapi.dll
0x00007ffd83420000 - 0x00007ffd83598000 	C:\WINDOWS\System32\CRYPT32.dll
0x00007ffd82430000 - 0x00007ffd82460000 	C:\WINDOWS\SYSTEM32\ncrypt.dll
0x00007ffd823e0000 - 0x00007ffd8241f000 	C:\WINDOWS\SYSTEM32\NTASN1.dll
0x00007ffd6df80000 - 0x00007ffd6df88000 	C:\WINDOWS\system32\wshunix.dll
0x000000006a1e0000 - 0x000000006a206000 	C:\Program Files\Bonjour\mdnsNSP.dll
0x00007ffd73a30000 - 0x00007ffd73a3b000 	C:\Windows\System32\rasadhlp.dll
0x00007ffd7a720000 - 0x00007ffd7a7a6000 	C:\WINDOWS\System32\fwpuclnt.dll
0x00007ffd81aa0000 - 0x00007ffd81ad6000 	C:\WINDOWS\SYSTEM32\ntmarta.dll
0x00007ffd501b0000 - 0x00007ffd501b7000 	C:\Program Files\Eclipse Adoptium\jdk-17.0.18.8-hotspot\bin\rmi.dll

dbghelp: loaded successfully - version: 4.0.5 - missing functions: none
symbol engine: initialized successfully - sym options: 0x614 - pdb path: .;C:\Program Files\Eclipse Adoptium\jdk-17.0.18.8-hotspot\bin;C:\WINDOWS\SYSTEM32;C:\WINDOWS\WinSxS\amd64_microsoft.windows.common-controls_6595b64144ccf1df_6.0.26100.8521_none_3e08b75ce33403b3;C:\Program Files\Eclipse Adoptium\jdk-17.0.18.8-hotspot\bin\server;C:\Users\fuadh\.gradle\native\1def1411415f61bf3af743bc5b6707747c0891f09f0c88961ee8f79bc544acac\windows-amd64;C:\Users\fuadh\.gradle\native\0.2.7\x86_64-windows-gnu;C:\Program Files\Bonjour

VM Arguments:
jvm_args: --add-opens=java.base/java.lang=ALL-UNNAMED --add-opens=java.base/java.lang.invoke=ALL-UNNAMED --add-opens=java.base/java.util=ALL-UNNAMED --add-opens=java.prefs/java.util.prefs=ALL-UNNAMED --add-exports=jdk.compiler/com.sun.tools.javac.api=ALL-UNNAMED --add-exports=jdk.compiler/com.sun.tools.javac.util=ALL-UNNAMED --add-opens=java.base/java.util=ALL-UNNAMED --add-opens=java.prefs/java.util.prefs=ALL-UNNAMED --add-opens=java.base/java.nio.charset=ALL-UNNAMED --add-opens=java.base/java.net=ALL-UNNAMED --add-opens=java.base/java.util.concurrent.atomic=ALL-UNNAMED --add-opens=java.xml/javax.xml.namespace=ALL-UNNAMED -XX:MaxMetaspaceSize=1024m -Xmx8192m -Dfile.encoding=windows-1252 -Duser.country=US -Duser.language=en -Duser.variant -javaagent:C:\Users\fuadh\.gradle\wrapper\dists\gradle-8.13-bin\5xuhj0ry160q40clulazy9h7d\gradle-8.13\lib\agents\gradle-instrumentation-agent-8.13.jar 
java_command: org.gradle.launcher.daemon.bootstrap.GradleDaemon 8.13
java_class_path (initial): C:\Users\fuadh\.gradle\wrapper\dists\gradle-8.13-bin\5xuhj0ry160q40clulazy9h7d\gradle-8.13\lib\gradle-daemon-main-8.13.jar
Launcher Type: SUN_STANDARD

[Global flags]
     intx CICompilerCount                          = 4                                         {product} {ergonomic}
   size_t CompressedClassSpaceSize                 = 872415232                                 {product} {ergonomic}
     uint ConcGCThreads                            = 3                                         {product} {ergonomic}
     uint G1ConcRefinementThreads                  = 10                                        {product} {ergonomic}
   size_t G1HeapRegionSize                         = 4194304                                   {product} {ergonomic}
    uintx GCDrainStackTargetSize                   = 64                                        {product} {ergonomic}
   size_t InitialHeapSize                          = 268435456                                 {product} {ergonomic}
   size_t MarkStackSize                            = 4194304                                   {product} {ergonomic}
   size_t MaxHeapSize                              = 8589934592                                {product} {command line}
   size_t MaxMetaspaceSize                         = 1073741824                                {product} {command line}
   size_t MaxNewSize                               = 5150605312                                {product} {ergonomic}
   size_t MinHeapDeltaBytes                        = 4194304                                   {product} {ergonomic}
   size_t MinHeapSize                              = 8388608                                   {product} {ergonomic}
    uintx NonNMethodCodeHeapSize                   = 5839372                                {pd product} {ergonomic}
    uintx NonProfiledCodeHeapSize                  = 122909434                              {pd product} {ergonomic}
    uintx ProfiledCodeHeapSize                     = 122909434                              {pd product} {ergonomic}
    uintx ReservedCodeCacheSize                    = 251658240                              {pd product} {ergonomic}
     bool SegmentedCodeCache                       = true                                      {product} {ergonomic}
   size_t SoftMaxHeapSize                          = 8589934592                             {manageable} {ergonomic}
     bool UseCompressedClassPointers               = true                           {product lp64_product} {ergonomic}
     bool UseCompressedOops                        = true                           {product lp64_product} {ergonomic}
     bool UseG1GC                                  = true                                      {product} {ergonomic}
     bool UseLargePagesIndividualAllocation        = false                                  {pd product} {ergonomic}

Logging:
Log output configuration:
 #0: stdout all=warning uptime,level,tags
 #1: stderr all=off uptime,level,tags

Environment Variables:
JAVA_HOME=C:\Program Files\Eclipse Adoptium\jdk-17.0.18.8-hotspot
PATH=c:\Users\fuadh\AppData\Roaming\Code\User\globalStorage\github.copilot-chat\debugCommand;c:\Users\fuadh\AppData\Roaming\Code\User\globalStorage\github.copilot-chat\copilotCli;C:\Program Files\Eclipse Adoptium\jdk-17.0.18.8-hotspot\bin;C:\WINDOWS\system32;C:\WINDOWS;C:\WINDOWS\System32\Wbem;C:\WINDOWS\System32\WindowsPowerShell\v1.0\;C:\WINDOWS\System32\OpenSSH\;C:\Program Files\Git\cmd;C:\Program Files\nodejs\;C:\Program Files (x86)\cloudflared\;C:\Users\fuadh\AppData\Local\Android\Sdk\platform-tools;C:\Users\fuadh\AppData\Local\Android\Sdk\emulator;C:\Program Files\Eclipse Adoptium\jdk-17.0.18.8-hotspot\bin;C:\Users\fuadh\AppData\Roaming\npm;C:\Program Files\Docker\Docker\resources\bin;C:\Program Files\php-8.5.6;C:\Program Files\Go\bin;C:\Users\fuadh\.local\bin;C:\Users\fuadh\AppData\Local\Programs\Eclipse Adoptium\jdk-25.0.2.10-hotspot\bin;C:\Users\fuadh\AppData\Local\Microsoft\WindowsApps;C:\Users\fuadh\AppData\Local\Programs\Microsoft VS Code\bin;C:\Users\fuadh\go\bin;C:\Users\fuadh\.console-ninja\.bin;c:\Users\fuadh\.vscode\extensions\vscjava.vscode-java-debug-0.59.0\bundled\scripts\noConfigScripts
USERNAME=fuadh
LANG=en_US.UTF-8
OS=Windows_NT
PROCESSOR_IDENTIFIER=Intel64 Family 6 Model 151 Stepping 5, GenuineIntel
TMP=C:\Users\fuadh\AppData\Local\Temp
TEMP=C:\Users\fuadh\AppData\Local\Temp



Periodic native trim disabled


---------------  S Y S T E M  ---------------

OS:
 Windows 11 , 64 bit Build 26100 (10.0.26100.8521)
OS uptime: 5 days 14:01 hours
Hyper-V role detected

CPU: total 12 (initial active 12) (6 cores per cpu, 2 threads per core) family 6 model 151 stepping 5 microcode 0x18, cx8, cmov, fxsr, ht, mmx, 3dnowpref, sse, sse2, sse3, ssse3, sse4.1, sse4.2, popcnt, lzcnt, tsc, tscinvbit, avx, avx2, aes, erms, clmul, bmi1, bmi2, adx, sha, fma, vzeroupper, clflush, clflushopt, clwb, hv
Processor Information for all 12 processors :
  Max Mhz: 2500, Current Mhz: 2500, Mhz Limit: 2500

Memory: 4k page, system-wide physical 16171M (279M free)
TotalPageFile size 65323M (AvailPageFile size 0M)
current process WorkingSet (physical memory assigned to process): 2390M, peak: 2944M
current process commit charge ("private bytes"): 7643M, peak: 7662M

vm_info: OpenJDK 64-Bit Server VM (17.0.18+8) for windows-amd64 JRE (17.0.18+8), built on Jan 20 2026 22:28:22 by "admin" with MS VC++ 17.12 (VS2022)

END.
