#
# There is insufficient memory for the Java Runtime Environment to continue.
# Native memory allocation (mmap) failed to map 1451229184 bytes. Error detail: G1 virtual space
# Possible reasons:
#   The system is out of physical RAM or swap space
#   This process is running with CompressedOops enabled, and the Java Heap may be blocking the growth of the native heap
# Possible solutions:
#   Reduce memory load on the system
#   Increase physical memory or swap space
#   Check if swap backing store is full
#   Decrease Java heap size (-Xmx/-Xms)
#   Decrease number of Java threads
#   Decrease Java thread stack sizes (-Xss)
#   Set larger code cache with -XX:ReservedCodeCacheSize=
#   JVM is running with Zero Based Compressed Oops mode in which the Java heap is
#     placed in the first 32GB address space. The Java Heap base address is the
#     maximum limit for the native heap growth. Please use -XX:HeapBaseMinAddress
#     to set the Java Heap base and to place the Java Heap above 32GB virtual address.
# This output file may be truncated or incomplete.
#
#  Out of Memory Error (os_windows.cpp:3618), pid=51952, tid=49156
#
# JRE version: OpenJDK Runtime Environment Temurin-17.0.18+8 (17.0.18+8) (build 17.0.18+8)
# Java VM: OpenJDK 64-Bit Server VM Temurin-17.0.18+8 (17.0.18+8, mixed mode, sharing, tiered, compressed oops, compressed class ptrs, g1 gc, windows-amd64)
# No core dump will be written. Minidumps are not enabled by default on client versions of Windows
#

---------------  S U M M A R Y ------------

Command Line: --add-opens=java.base/java.lang=ALL-UNNAMED --add-opens=java.base/java.lang.invoke=ALL-UNNAMED --add-opens=java.base/java.util=ALL-UNNAMED --add-opens=java.prefs/java.util.prefs=ALL-UNNAMED --add-exports=jdk.compiler/com.sun.tools.javac.api=ALL-UNNAMED --add-exports=jdk.compiler/com.sun.tools.javac.util=ALL-UNNAMED --add-opens=java.base/java.util=ALL-UNNAMED --add-opens=java.prefs/java.util.prefs=ALL-UNNAMED --add-opens=java.base/java.nio.charset=ALL-UNNAMED --add-opens=java.base/java.net=ALL-UNNAMED --add-opens=java.base/java.util.concurrent.atomic=ALL-UNNAMED --add-opens=java.xml/javax.xml.namespace=ALL-UNNAMED -XX:MaxMetaspaceSize=1024m -Xmx8192m -Dfile.encoding=windows-1252 -Duser.country=US -Duser.language=en -Duser.variant -javaagent:C:\Users\fuadh\.gradle\wrapper\dists\gradle-8.13-bin\5xuhj0ry160q40clulazy9h7d\gradle-8.13\lib\agents\gradle-instrumentation-agent-8.13.jar org.gradle.launcher.daemon.bootstrap.GradleDaemon 8.13

Host: 12th Gen Intel(R) Core(TM) i5-12400, 12 cores, 15G,  Windows 11 , 64 bit Build 26100 (10.0.26100.8521)
Time: Tue Jun 23 17:22:34 2026 Bangladesh Standard Time elapsed time: 1174.993397 seconds (0d 0h 19m 34s)

---------------  T H R E A D  ---------------

Current thread (0x000002d8ff922c30):  VMThread "VM Thread" [stack: 0x000000e317700000,0x000000e317800000] [id=49156]

Stack: [0x000000e317700000,0x000000e317800000]
Native frames: (J=compiled Java code, j=interpreted, Vv=VM code, C=native code)
V  [jvm.dll+0x6846f9]
V  [jvm.dll+0x839ea5]
V  [jvm.dll+0x83b91e]
V  [jvm.dll+0x83bfa3]
V  [jvm.dll+0x248eff]
V  [jvm.dll+0x6814b9]
V  [jvm.dll+0x6762ba]
V  [jvm.dll+0x309257]
V  [jvm.dll+0x310826]
V  [jvm.dll+0x360d9e]
V  [jvm.dll+0x360fdd]
V  [jvm.dll+0x2e02dc]
V  [jvm.dll+0x2de6b2]
V  [jvm.dll+0x2dde4c]
V  [jvm.dll+0x320aeb]
V  [jvm.dll+0x8407bd]
V  [jvm.dll+0x8414f3]
V  [jvm.dll+0x841a1f]
V  [jvm.dll+0x841e05]
V  [jvm.dll+0x841ece]
V  [jvm.dll+0x7eaaec]
V  [jvm.dll+0x6835c7]
C  [ucrtbase.dll+0x2cd30]
C  [KERNEL32.DLL+0x2e957]
C  [ntdll.dll+0x87c1c]

VM_Operation (0x000000e31d4fbf20): G1CollectForAllocation, mode: safepoint, requested by thread 0x000002d8eb0e7e00


---------------  P R O C E S S  ---------------

Threads class SMR info:
_java_thread_list=0x000002d8e7e5a5c0, length=272, elements={
0x000002d8f567c8e0, 0x000002d8ff928da0, 0x000002d8ff92e010, 0x000002d8a2456bc0,
0x000002d8a24570a0, 0x000002d8a24580f0, 0x000002d8a245e160, 0x000002d8a2463500,
0x000002d8a24652d0, 0x000002d8a247ca30, 0x000002d8a2577ce0, 0x000002d8a264c670,
0x000002d8ddb32700, 0x000002d8dc374830, 0x000002d8de194840, 0x000002d8ddc9c760,
0x000002d8dc77cd20, 0x000002d8de3e2640, 0x000002d8de3e2b50, 0x000002d8de3e3a80,
0x000002d8de3e3570, 0x000002d8de3e3f90, 0x000002d8de3e44a0, 0x000002d8de3e8670,
0x000002d8a256c050, 0x000002d8dfe922c0, 0x000002d8a2503f40, 0x000002d8a2504e70,
0x000002d8a2504960, 0x000002d8a2505380, 0x000002d8dfe92ce0, 0x000002d8e8988890,
0x000002d8e8986010, 0x000002d8e8985b00, 0x000002d8e89897c0, 0x000002d8e8989cd0,
0x000002d8e042c2d0, 0x000002d8e042b3a0, 0x000002d8e0429f60, 0x000002d8e0429030,
0x000002d8e042ae90, 0x000002d8e042ccf0, 0x000002d8e042b8b0, 0x000002d8e042a470,
0x000002d8e042bdc0, 0x000002d8e042c7e0, 0x000002d8e0429540, 0x000002d8e0429a50,
0x000002d8e042e640, 0x000002d8e042ff90, 0x000002d8e042f570, 0x000002d8e042dc20,
0x000002d8e042fa80, 0x000002d8e042e130, 0x000002d8e042eb50, 0x000002d8e042f060,
0x000002d8e04309b0, 0x000002d8dfe8c7a0, 0x000002d8dfe8f020, 0x000002d8dfe8ccb0,
0x000002d8dfe8b870, 0x000002d8dfe8f530, 0x000002d8dfe8e0f0, 0x000002d8dfe8e600,
0x000002d8dfe8dbe0, 0x000002d8dfe8d1c0, 0x000002d8dfe8bd80, 0x000002d8dfe8eb10,
0x000002d8dfe8fa40, 0x000002d8dfe8c290, 0x000002d8dfe8ff50, 0x000002d8dfe90460,
0x000002d8dfe90e80, 0x000002d8dfe90970, 0x000002d8dfe91390, 0x000002d8dfe918a0,
0x000002d8dfe91db0, 0x000002d8dfe927d0, 0x000002d8a2568390, 0x000002d8a2566f50,
0x000002d8a2566a40, 0x000002d8a25688a0, 0x000002d8a2569ce0, 0x000002d8a256a1f0,
0x000002d8a2567970, 0x000002d8a25692c0, 0x000002d8a2567460, 0x000002d8a2567e80,
0x000002d8a256b120, 0x000002d8a2568db0, 0x000002d8a25697d0, 0x000002d8a256ac10,
0x000002d8a256deb0, 0x000002d8a256a700, 0x000002d8a256bb40, 0x000002d8e16a88d0,
0x000002d8e16a5120, 0x000002d8e16a8de0, 0x000002d8e16a92f0, 0x000002d8e16a6050,
0x000002d8e16a9d10, 0x000002d8e16ac080, 0x000002d8e16aa220, 0x000002d8e16aa730,
0x000002d8e16aac40, 0x000002d8e16abb70, 0x000002d8e16a9800, 0x000002d8e16ab150,
0x000002d8e16ab660, 0x000002d8a2503010, 0x000002d8a2501bd0, 0x000002d8a25020e0,
0x000002d8a2505890, 0x000002d8a25025f0, 0x000002d8a2506cd0, 0x000002d8a2503520,
0x000002d8a25071e0, 0x000002d8a2503a30, 0x000002d8a2504450, 0x000002d8a2508620,
0x000002d8a2509550, 0x000002d8df70e640, 0x000002d8df70eb50, 0x000002d8df70dc20,
0x000002d8df70d200, 0x000002d8df70b3a0, 0x000002d8df70bdc0, 0x000002d8df70b8b0,
0x000002d8df70c2d0, 0x000002d8df70ccf0, 0x000002d8df70d710, 0x000002d8de3e2130,
0x000002d8de3e3060, 0x000002d8de3e1710, 0x000002d8de3e7230, 0x000002d8de3e7c50,
0x000002d8de3e7740, 0x000002d8dc77d740, 0x000002d8dc77dc50, 0x000002d8dc77c300,
0x000002d8dc77c810, 0x000002d8e898b110, 0x000002d8e898ca60, 0x000002d8dc77d230,
0x000002d8de3e8160, 0x000002d8e8c74460, 0x000002d8e8c771f0, 0x000002d8e8c77700,
0x000002d8e8c74e80, 0x000002d8e8c77c10, 0x000002d8e8c75390, 0x000002d8e8c76ce0,
0x000002d8e8c74970, 0x000002d8e8c78120, 0x000002d8e8c78630, 0x000002d8e8c78b40,
0x000002d8e8c762c0, 0x000002d8e8c79050, 0x000002d8e8c758a0, 0x000002d8e8c79560,
0x000002d8e8c75db0, 0x000002d8e8c79a70, 0x000002d8e8c79f80, 0x000002d8e8c767d0,
0x000002d8e8c7a490, 0x000002d8e8c7a9a0, 0x000002d8e8c7aeb0, 0x000002d8e8c7b3c0,
0x000002d8e8c7b8d0, 0x000002d8e8c7bde0, 0x000002d8eb0db380, 0x000002d8eb0da960,
0x000002d8eb0dc2b0, 0x000002d8eb0db890, 0x000002d8eb0dd1e0, 0x000002d8eb0dd6f0,
0x000002d8eb0dbda0, 0x000002d8eb0dc7c0, 0x000002d8eb0dccd0, 0x000002d8eb0ddc00,
0x000002d8eb0de620, 0x000002d8eb0dae70, 0x000002d8eb0e0990, 0x000002d8eb0e18c0,
0x000002d8eb0e3720, 0x000002d8eb0e3c30, 0x000002d8eb0e78f0, 0x000002d8eb0e9240,
0x000002d8eb0e9750, 0x000002d8eb0e9c60, 0x000002d8eb0e7e00, 0x000002d8eb0e5a90,
0x000002d8e16a4c10, 0x000002d8e16a5630, 0x000002d8e16a6560, 0x000002d8e16a6f80,
0x000002d8e16a6a70, 0x000002d8a256d9a0, 0x000002d8e042a980, 0x000002d8dfe931f0,
0x000002d8eabea2f0, 0x000002d8eabe98d0, 0x000002d8eabe7050, 0x000002d8eabe8490,
0x000002d8eabe89a0, 0x000002d8eabe8eb0, 0x000002d8eabe93c0, 0x000002d8eabe7a70,
0x000002d8eabe9de0, 0x000002d8e898a1e0, 0x000002d8de3e6d20, 0x000002d8e99166c0,
0x000002d8e9918010, 0x000002d8e991cc00, 0x000002d8e99170e0, 0x000002d8e991d110,
0x000002d8e991e040, 0x000002d8e991ada0, 0x000002d8e991ea60, 0x000002d8e991d620,
0x000002d8e991db30, 0x000002d8e991bcd0, 0x000002d8e991b2b0, 0x000002d8e991c6f0,
0x000002d8e991ef70, 0x000002d8e991b7c0, 0x000002d8e991f990, 0x000002d8e9921d00,
0x000002d8e9922210, 0x000002d8e991fea0, 0x000002d8e9922720, 0x000002d8e991c1e0,
0x000002d8eabedfb0, 0x000002d8eabef900, 0x000002d8eabeb730, 0x000002d8eabee9d0,
0x000002d8eabef3f0, 0x000002d8eabebc40, 0x000002d8eabec150, 0x000002d8eabecb70,
0x000002d8eabf0830, 0x000002d8eabf30b0, 0x000002d8eabf35c0, 0x000002d8eabf1c70,
0x000002d8eabf3ad0, 0x000002d8eabf1760, 0x000002d8eabf2180, 0x000002d8e9918520,
0x000002d8e9914d70, 0x000002d8e9919450, 0x000002d8e9915ca0, 0x000002d8e9919e70,
0x000002d8e991a380, 0x000002d8e99212e0, 0x000002d8e9924070, 0x000002d8e9924580,
0x000002d8e8987450, 0x000002d8e898a6f0, 0x000002d8e898bb30, 0x000002d8e8988380,
0x000002d8e898cf70, 0x000002d8e898d480, 0x000002d8eb0e4650, 0x000002d8eb0e13b0,
0x000002d8eb0e1dd0, 0x000002d8eb0e8d30, 0x000002d9090470a0, 0x000002d909046b90,
0x000002d90904a850, 0x000002d90904b270, 0x000002d8deb7d0e0, 0x000002d8deb7f0c0
}

Java Threads: ( => current thread )
  0x000002d8f567c8e0 JavaThread "main" [_thread_blocked, id=3420, stack(0x000000e317100000,0x000000e317200000)]
  0x000002d8ff928da0 JavaThread "Reference Handler" daemon [_thread_blocked, id=30568, stack(0x000000e317800000,0x000000e317900000)]
  0x000002d8ff92e010 JavaThread "Finalizer" daemon [_thread_blocked, id=20804, stack(0x000000e317900000,0x000000e317a00000)]
  0x000002d8a2456bc0 JavaThread "Signal Dispatcher" daemon [_thread_blocked, id=39556, stack(0x000000e317a00000,0x000000e317b00000)]
  0x000002d8a24570a0 JavaThread "Attach Listener" daemon [_thread_blocked, id=47804, stack(0x000000e317b00000,0x000000e317c00000)]
  0x000002d8a24580f0 JavaThread "Service Thread" daemon [_thread_blocked, id=40768, stack(0x000000e317c00000,0x000000e317d00000)]
  0x000002d8a245e160 JavaThread "Monitor Deflation Thread" daemon [_thread_blocked, id=55884, stack(0x000000e317d00000,0x000000e317e00000)]
  0x000002d8a2463500 JavaThread "C2 CompilerThread0" daemon [_thread_blocked, id=48540, stack(0x000000e317e00000,0x000000e317f00000)]
  0x000002d8a24652d0 JavaThread "C1 CompilerThread0" daemon [_thread_blocked, id=42116, stack(0x000000e317f00000,0x000000e318000000)]
  0x000002d8a247ca30 JavaThread "Sweeper thread" daemon [_thread_blocked, id=41552, stack(0x000000e318000000,0x000000e318100000)]
  0x000002d8a2577ce0 JavaThread "Common-Cleaner" daemon [_thread_blocked, id=22728, stack(0x000000e318100000,0x000000e318200000)]
  0x000002d8a264c670 JavaThread "Notification Thread" daemon [_thread_blocked, id=16188, stack(0x000000e318300000,0x000000e318400000)]
  0x000002d8ddb32700 JavaThread "Daemon health stats" [_thread_blocked, id=14572, stack(0x000000e318c00000,0x000000e318d00000)]
  0x000002d8dc374830 JavaThread "Incoming local TCP Connector on port 59666" [_thread_in_native, id=31684, stack(0x000000e318d00000,0x000000e318e00000)]
  0x000002d8de194840 JavaThread "Daemon periodic checks" [_thread_blocked, id=26632, stack(0x000000e318e00000,0x000000e318f00000)]
  0x000002d8ddc9c760 JavaThread "Daemon" [_thread_blocked, id=40276, stack(0x000000e318f00000,0x000000e319000000)]
  0x000002d8dc77cd20 JavaThread "Daemon worker" [_thread_blocked, id=28664, stack(0x000000e319200000,0x000000e319300000)]
  0x000002d8de3e2640 JavaThread "Cache worker for journal cache (C:\Users\fuadh\.gradle\caches\journal-1)" [_thread_blocked, id=52944, stack(0x000000e319600000,0x000000e319700000)]
  0x000002d8de3e2b50 JavaThread "File lock request listener" [_thread_in_native, id=21992, stack(0x000000e319700000,0x000000e319800000)]
  0x000002d8de3e3a80 JavaThread "Cache worker for file hash cache (C:\Users\fuadh\.gradle\caches\8.13\fileHashes)" [_thread_blocked, id=40088, stack(0x000000e319800000,0x000000e319900000)]
  0x000002d8de3e3570 JavaThread "File watcher server" daemon [_thread_blocked, id=4080, stack(0x000000e31a000000,0x000000e31a100000)]
  0x000002d8de3e3f90 JavaThread "File watcher consumer" daemon [_thread_blocked, id=6356, stack(0x000000e31a100000,0x000000e31a200000)]
  0x000002d8de3e44a0 JavaThread "jar transforms" [_thread_blocked, id=34268, stack(0x000000e31a400000,0x000000e31a500000)]
  0x000002d8de3e8670 JavaThread "Cache worker for file content cache (C:\Users\fuadh\.gradle\caches\8.13\fileContent)" [_thread_blocked, id=25488, stack(0x000000e31a600000,0x000000e31a700000)]
  0x000002d8a256c050 JavaThread "Memory manager" [_thread_blocked, id=33272, stack(0x000000e31d100000,0x000000e31d200000)]
  0x000002d8dfe922c0 JavaThread "jar transforms Thread 2" [_thread_blocked, id=51212, stack(0x000000e323200000,0x000000e323300000)]
  0x000002d8a2503f40 JavaThread "jar transforms Thread 3" [_thread_blocked, id=8320, stack(0x000000e323400000,0x000000e323500000)]
  0x000002d8a2504e70 JavaThread "jar transforms Thread 4" [_thread_blocked, id=4936, stack(0x000000e323e00000,0x000000e323f00000)]
  0x000002d8a2504960 JavaThread "jar transforms Thread 5" [_thread_blocked, id=34056, stack(0x000000e323f00000,0x000000e324000000)]
  0x000002d8a2505380 JavaThread "jar transforms Thread 6" [_thread_blocked, id=3712, stack(0x000000e324000000,0x000000e324100000)]
  0x000002d8dfe92ce0 JavaThread "jar transforms Thread 7" [_thread_blocked, id=3804, stack(0x000000e323d00000,0x000000e323e00000)]
  0x000002d8e8988890 JavaThread "jar transforms Thread 8" [_thread_blocked, id=54124, stack(0x000000e324300000,0x000000e324400000)]
  0x000002d8e8986010 JavaThread "jar transforms Thread 9" [_thread_blocked, id=14620, stack(0x000000e324400000,0x000000e324500000)]
  0x000002d8e8985b00 JavaThread "jar transforms Thread 10" [_thread_blocked, id=30840, stack(0x000000e324600000,0x000000e324700000)]
  0x000002d8e89897c0 JavaThread "jar transforms Thread 11" [_thread_blocked, id=3224, stack(0x000000e324700000,0x000000e324800000)]
  0x000002d8e8989cd0 JavaThread "jar transforms Thread 12" [_thread_blocked, id=11208, stack(0x000000e324800000,0x000000e324900000)]
  0x000002d8e042c2d0 JavaThread "Handler for socket connection from /127.0.0.1:59666 to /127.0.0.1:52990" [_thread_in_native, id=9572, stack(0x000000e316e00000,0x000000e316f00000)]
  0x000002d8e042b3a0 JavaThread "Cancel handler" [_thread_blocked, id=37712, stack(0x000000e316f00000,0x000000e317000000)]
  0x000002d8e0429f60 JavaThread "Asynchronous log dispatcher for DefaultDaemonConnection: socket connection from /127.0.0.1:59666 to /127.0.0.1:52990" [_thread_blocked, id=15960, stack(0x000000e317000000,0x000000e317100000)]
  0x000002d8e0429030 JavaThread "Stdin handler" [_thread_blocked, id=8724, stack(0x000000e318200000,0x000000e318300000)]
  0x000002d8e042ae90 JavaThread "Daemon client event forwarder" [_thread_blocked, id=33648, stack(0x000000e319000000,0x000000e319100000)]
  0x000002d8e042ccf0 JavaThread "Cache worker for file hash cache (C:\Users\fuadh\projects\friends_hangout_app\android\.gradle\8.13\fileHashes)" [_thread_blocked, id=26220, stack(0x000000e319100000,0x000000e319200000)]
  0x000002d8e042b8b0 JavaThread "Cache worker for Build Output Cleanup Cache (C:\Users\fuadh\projects\friends_hangout_app\android\.gradle\buildOutputCleanup)" [_thread_blocked, id=21208, stack(0x000000e319300000,0x000000e319400000)]
  0x000002d8e042a470 JavaThread "Cache worker for checksums cache (C:\Users\fuadh\projects\friends_hangout_app\android\.gradle\8.13\checksums)" [_thread_blocked, id=12956, stack(0x000000e319500000,0x000000e319600000)]
  0x000002d8e042bdc0 JavaThread "Cache worker for cache directory md-supplier (C:\Users\fuadh\.gradle\caches\8.13\md-supplier)" [_thread_blocked, id=35340, stack(0x000000e319900000,0x000000e319a00000)]
  0x000002d8e042c7e0 JavaThread "Cache worker for cache directory md-rule (C:\Users\fuadh\.gradle\caches\8.13\md-rule)" [_thread_blocked, id=16484, stack(0x000000e319a00000,0x000000e319b00000)]
  0x000002d8e0429540 JavaThread "Cache worker for Build Output Cleanup Cache (C:\Users\fuadh\projects\friends_hangout_app\node_modules\@react-native\gradle-plugin\.gradle\buildOutputCleanup)" [_thread_blocked, id=49540, stack(0x000000e31a500000,0x000000e31a600000)]
  0x000002d8e0429a50 JavaThread "Unconstrained build operations" [_thread_blocked, id=47468, stack(0x000000e31a700000,0x000000e31a800000)]
  0x000002d8e042e640 JavaThread "Unconstrained build operations Thread 2" [_thread_blocked, id=404, stack(0x000000e31a800000,0x000000e31a900000)]
  0x000002d8e042ff90 JavaThread "Unconstrained build operations Thread 3" [_thread_blocked, id=10764, stack(0x000000e31a900000,0x000000e31aa00000)]
  0x000002d8e042f570 JavaThread "Unconstrained build operations Thread 4" [_thread_blocked, id=41900, stack(0x000000e31aa00000,0x000000e31ab00000)]
  0x000002d8e042dc20 JavaThread "Unconstrained build operations Thread 5" [_thread_blocked, id=32044, stack(0x000000e31ab00000,0x000000e31ac00000)]
  0x000002d8e042fa80 JavaThread "Unconstrained build operations Thread 6" [_thread_blocked, id=10664, stack(0x000000e31ac00000,0x000000e31ad00000)]
  0x000002d8e042e130 JavaThread "Unconstrained build operations Thread 7" [_thread_blocked, id=7848, stack(0x000000e31ad00000,0x000000e31ae00000)]
  0x000002d8e042eb50 JavaThread "Unconstrained build operations Thread 8" [_thread_blocked, id=19988, stack(0x000000e31ae00000,0x000000e31af00000)]
  0x000002d8e042f060 JavaThread "Unconstrained build operations Thread 9" [_thread_blocked, id=7972, stack(0x000000e31af00000,0x000000e31b000000)]
  0x000002d8e04309b0 JavaThread "Unconstrained build operations Thread 10" [_thread_blocked, id=10116, stack(0x000000e31b000000,0x000000e31b100000)]
  0x000002d8dfe8c7a0 JavaThread "Unconstrained build operations Thread 11" [_thread_blocked, id=56676, stack(0x000000e31b100000,0x000000e31b200000)]
  0x000002d8dfe8f020 JavaThread "Unconstrained build operations Thread 12" [_thread_blocked, id=23792, stack(0x000000e31b200000,0x000000e31b300000)]
  0x000002d8dfe8ccb0 JavaThread "Unconstrained build operations Thread 13" [_thread_blocked, id=39768, stack(0x000000e31b300000,0x000000e31b400000)]
  0x000002d8dfe8b870 JavaThread "Unconstrained build operations Thread 14" [_thread_blocked, id=32220, stack(0x000000e31b400000,0x000000e31b500000)]
  0x000002d8dfe8f530 JavaThread "Unconstrained build operations Thread 15" [_thread_blocked, id=39432, stack(0x000000e31b500000,0x000000e31b600000)]
  0x000002d8dfe8e0f0 JavaThread "Unconstrained build operations Thread 16" [_thread_blocked, id=51948, stack(0x000000e31b600000,0x000000e31b700000)]
  0x000002d8dfe8e600 JavaThread "Unconstrained build operations Thread 17" [_thread_blocked, id=11248, stack(0x000000e31b700000,0x000000e31b800000)]
  0x000002d8dfe8dbe0 JavaThread "Unconstrained build operations Thread 18" [_thread_blocked, id=12164, stack(0x000000e31b800000,0x000000e31b900000)]
  0x000002d8dfe8d1c0 JavaThread "Unconstrained build operations Thread 19" [_thread_blocked, id=14300, stack(0x000000e31b900000,0x000000e31ba00000)]
  0x000002d8dfe8bd80 JavaThread "Unconstrained build operations Thread 20" [_thread_blocked, id=8984, stack(0x000000e31ba00000,0x000000e31bb00000)]
  0x000002d8dfe8eb10 JavaThread "Unconstrained build operations Thread 21" [_thread_blocked, id=10480, stack(0x000000e31bb00000,0x000000e31bc00000)]
  0x000002d8dfe8fa40 JavaThread "Unconstrained build operations Thread 22" [_thread_blocked, id=26116, stack(0x000000e31bc00000,0x000000e31bd00000)]
  0x000002d8dfe8c290 JavaThread "Unconstrained build operations Thread 23" [_thread_blocked, id=23260, stack(0x000000e31bd00000,0x000000e31be00000)]
  0x000002d8dfe8ff50 JavaThread "Unconstrained build operations Thread 24" [_thread_blocked, id=38648, stack(0x000000e31be00000,0x000000e31bf00000)]
  0x000002d8dfe90460 JavaThread "Unconstrained build operations Thread 25" [_thread_blocked, id=47368, stack(0x000000e31bf00000,0x000000e31c000000)]
  0x000002d8dfe90e80 JavaThread "Unconstrained build operations Thread 26" [_thread_blocked, id=54088, stack(0x000000e31c000000,0x000000e31c100000)]
  0x000002d8dfe90970 JavaThread "build event listener" [_thread_blocked, id=2320, stack(0x000000e31c100000,0x000000e31c200000)]
  0x000002d8dfe91390 JavaThread "included builds" [_thread_blocked, id=6672, stack(0x000000e31c400000,0x000000e31c500000)]
  0x000002d8dfe918a0 JavaThread "Execution worker" [_thread_blocked, id=30976, stack(0x000000e31c500000,0x000000e31c600000)]
  0x000002d8dfe91db0 JavaThread "Execution worker Thread 2" [_thread_blocked, id=32752, stack(0x000000e31c600000,0x000000e31c700000)]
  0x000002d8dfe927d0 JavaThread "Execution worker Thread 3" [_thread_blocked, id=32952, stack(0x000000e31c700000,0x000000e31c800000)]
  0x000002d8a2568390 JavaThread "Execution worker Thread 4" [_thread_blocked, id=12544, stack(0x000000e31c800000,0x000000e31c900000)]
  0x000002d8a2566f50 JavaThread "Execution worker Thread 5" [_thread_blocked, id=35656, stack(0x000000e31c900000,0x000000e31ca00000)]
  0x000002d8a2566a40 JavaThread "Execution worker Thread 6" [_thread_blocked, id=22652, stack(0x000000e31ca00000,0x000000e31cb00000)]
  0x000002d8a25688a0 JavaThread "Execution worker Thread 7" [_thread_blocked, id=46844, stack(0x000000e31cb00000,0x000000e31cc00000)]
  0x000002d8a2569ce0 JavaThread "Execution worker Thread 8" [_thread_blocked, id=21608, stack(0x000000e31cc00000,0x000000e31cd00000)]
  0x000002d8a256a1f0 JavaThread "Execution worker Thread 9" [_thread_blocked, id=30296, stack(0x000000e31cd00000,0x000000e31ce00000)]
  0x000002d8a2567970 JavaThread "Execution worker Thread 10" [_thread_blocked, id=14676, stack(0x000000e31ce00000,0x000000e31cf00000)]
  0x000002d8a25692c0 JavaThread "Execution worker Thread 11" [_thread_blocked, id=33544, stack(0x000000e31cf00000,0x000000e31d000000)]
  0x000002d8a2567460 JavaThread "Cache worker for execution history cache (C:\Users\fuadh\projects\friends_hangout_app\node_modules\@react-native\gradle-plugin\.gradle\8.13\executionHistory)" [_thread_blocked, id=3452, stack(0x000000e31d000000,0x000000e31d100000)]
  0x000002d8a2567e80 JavaThread "Unconstrained build operations Thread 27" [_thread_blocked, id=48508, stack(0x000000e319400000,0x000000e319500000)]
  0x000002d8a256b120 JavaThread "Unconstrained build operations Thread 28" [_thread_blocked, id=38388, stack(0x000000e31c200000,0x000000e31c300000)]
  0x000002d8a2568db0 JavaThread "Unconstrained build operations Thread 29" [_thread_blocked, id=30848, stack(0x000000e31d200000,0x000000e31d300000)]
  0x000002d8a25697d0 JavaThread "Unconstrained build operations Thread 30" [_thread_blocked, id=57020, stack(0x000000e31d800000,0x000000e31d900000)]
  0x000002d8a256ac10 JavaThread "Unconstrained build operations Thread 31" [_thread_blocked, id=55444, stack(0x000000e31df00000,0x000000e31e000000)]
  0x000002d8a256deb0 JavaThread "Unconstrained build operations Thread 32" [_thread_blocked, id=10092, stack(0x000000e31e000000,0x000000e31e100000)]
  0x000002d8a256a700 JavaThread "Unconstrained build operations Thread 33" [_thread_blocked, id=12944, stack(0x000000e31e100000,0x000000e31e200000)]
  0x000002d8a256bb40 JavaThread "Unconstrained build operations Thread 34" [_thread_blocked, id=56944, stack(0x000000e31e200000,0x000000e31e300000)]
  0x000002d8e16a88d0 JavaThread "Unconstrained build operations Thread 35" [_thread_blocked, id=7652, stack(0x000000e31e300000,0x000000e31e400000)]
  0x000002d8e16a5120 JavaThread "Unconstrained build operations Thread 36" [_thread_blocked, id=32028, stack(0x000000e31e400000,0x000000e31e500000)]
  0x000002d8e16a8de0 JavaThread "Unconstrained build operations Thread 37" [_thread_blocked, id=9600, stack(0x000000e31e500000,0x000000e31e600000)]
  0x000002d8e16a92f0 JavaThread "Unconstrained build operations Thread 38" [_thread_blocked, id=20368, stack(0x000000e31e600000,0x000000e31e700000)]
  0x000002d8e16a6050 JavaThread "Unconstrained build operations Thread 39" [_thread_blocked, id=19856, stack(0x000000e31e700000,0x000000e31e800000)]
  0x000002d8e16a9d10 JavaThread "Unconstrained build operations Thread 40" [_thread_blocked, id=45000, stack(0x000000e31e800000,0x000000e31e900000)]
  0x000002d8e16ac080 JavaThread "Unconstrained build operations Thread 41" [_thread_blocked, id=54688, stack(0x000000e31e900000,0x000000e31ea00000)]
  0x000002d8e16aa220 JavaThread "Unconstrained build operations Thread 42" [_thread_blocked, id=35996, stack(0x000000e31ea00000,0x000000e31eb00000)]
  0x000002d8e16aa730 JavaThread "Unconstrained build operations Thread 43" [_thread_blocked, id=47872, stack(0x000000e31eb00000,0x000000e31ec00000)]
  0x000002d8e16aac40 JavaThread "Unconstrained build operations Thread 44" [_thread_blocked, id=21932, stack(0x000000e31ec00000,0x000000e31ed00000)]
  0x000002d8e16abb70 JavaThread "Unconstrained build operations Thread 45" [_thread_blocked, id=16560, stack(0x000000e31ed00000,0x000000e31ee00000)]
  0x000002d8e16a9800 JavaThread "Unconstrained build operations Thread 46" [_thread_blocked, id=46380, stack(0x000000e31ef00000,0x000000e31f000000)]
  0x000002d8e16ab150 JavaThread "Unconstrained build operations Thread 47" [_thread_blocked, id=18752, stack(0x000000e31f000000,0x000000e31f100000)]
  0x000002d8e16ab660 JavaThread "Unconstrained build operations Thread 48" [_thread_blocked, id=16088, stack(0x000000e31f100000,0x000000e31f200000)]
  0x000002d8a2503010 JavaThread "Unconstrained build operations Thread 49" [_thread_blocked, id=47164, stack(0x000000e31f200000,0x000000e31f300000)]
  0x000002d8a2501bd0 JavaThread "Unconstrained build operations Thread 50" [_thread_blocked, id=14164, stack(0x000000e31f300000,0x000000e31f400000)]
  0x000002d8a25020e0 JavaThread "Unconstrained build operations Thread 51" [_thread_blocked, id=5512, stack(0x000000e31f400000,0x000000e31f500000)]
  0x000002d8a2505890 JavaThread "Unconstrained build operations Thread 52" [_thread_blocked, id=39504, stack(0x000000e31f500000,0x000000e31f600000)]
  0x000002d8a25025f0 JavaThread "Unconstrained build operations Thread 53" [_thread_blocked, id=9504, stack(0x000000e31f600000,0x000000e31f700000)]
  0x000002d8a2506cd0 JavaThread "Unconstrained build operations Thread 54" [_thread_blocked, id=50912, stack(0x000000e31f700000,0x000000e31f800000)]
  0x000002d8a2503520 JavaThread "Unconstrained build operations Thread 55" [_thread_blocked, id=51120, stack(0x000000e31f800000,0x000000e31f900000)]
  0x000002d8a25071e0 JavaThread "Unconstrained build operations Thread 56" [_thread_blocked, id=54572, stack(0x000000e31f900000,0x000000e31fa00000)]
  0x000002d8a2503a30 JavaThread "Unconstrained build operations Thread 57" [_thread_blocked, id=4712, stack(0x000000e31fa00000,0x000000e31fb00000)]
  0x000002d8a2504450 JavaThread "Unconstrained build operations Thread 58" [_thread_blocked, id=4568, stack(0x000000e31fb00000,0x000000e31fc00000)]
  0x000002d8a2508620 JavaThread "Unconstrained build operations Thread 59" [_thread_blocked, id=44652, stack(0x000000e31fc00000,0x000000e31fd00000)]
  0x000002d8a2509550 JavaThread "Unconstrained build operations Thread 60" [_thread_blocked, id=12400, stack(0x000000e31fd00000,0x000000e31fe00000)]
  0x000002d8df70e640 JavaThread "Unconstrained build operations Thread 61" [_thread_blocked, id=15836, stack(0x000000e31fe00000,0x000000e31ff00000)]
  0x000002d8df70eb50 JavaThread "Unconstrained build operations Thread 62" [_thread_blocked, id=46640, stack(0x000000e31ff00000,0x000000e320000000)]
  0x000002d8df70dc20 JavaThread "Unconstrained build operations Thread 63" [_thread_blocked, id=7348, stack(0x000000e320000000,0x000000e320100000)]
  0x000002d8df70d200 JavaThread "Unconstrained build operations Thread 64" [_thread_blocked, id=40808, stack(0x000000e320100000,0x000000e320200000)]
  0x000002d8df70b3a0 JavaThread "Unconstrained build operations Thread 65" [_thread_blocked, id=29364, stack(0x000000e320200000,0x000000e320300000)]
  0x000002d8df70bdc0 JavaThread "Unconstrained build operations Thread 66" [_thread_blocked, id=24728, stack(0x000000e320300000,0x000000e320400000)]
  0x000002d8df70b8b0 JavaThread "Unconstrained build operations Thread 67" [_thread_blocked, id=31816, stack(0x000000e320400000,0x000000e320500000)]
  0x000002d8df70c2d0 JavaThread "Unconstrained build operations Thread 68" [_thread_blocked, id=56948, stack(0x000000e320500000,0x000000e320600000)]
  0x000002d8df70ccf0 JavaThread "Unconstrained build operations Thread 69" [_thread_blocked, id=45332, stack(0x000000e320700000,0x000000e320800000)]
  0x000002d8df70d710 JavaThread "Unconstrained build operations Thread 70" [_thread_blocked, id=56340, stack(0x000000e320800000,0x000000e320900000)]
  0x000002d8de3e2130 JavaThread "Unconstrained build operations Thread 71" [_thread_blocked, id=2012, stack(0x000000e320900000,0x000000e320a00000)]
  0x000002d8de3e3060 JavaThread "Unconstrained build operations Thread 72" [_thread_blocked, id=36392, stack(0x000000e320a00000,0x000000e320b00000)]
  0x000002d8de3e1710 JavaThread "Unconstrained build operations Thread 73" [_thread_blocked, id=16676, stack(0x000000e320b00000,0x000000e320c00000)]
  0x000002d8de3e7230 JavaThread "Unconstrained build operations Thread 74" [_thread_blocked, id=39580, stack(0x000000e320c00000,0x000000e320d00000)]
  0x000002d8de3e7c50 JavaThread "Unconstrained build operations Thread 75" [_thread_blocked, id=25016, stack(0x000000e320d00000,0x000000e320e00000)]
  0x000002d8de3e7740 JavaThread "Unconstrained build operations Thread 76" [_thread_blocked, id=26168, stack(0x000000e320e00000,0x000000e320f00000)]
  0x000002d8dc77d740 JavaThread "Unconstrained build operations Thread 77" [_thread_blocked, id=26584, stack(0x000000e320f00000,0x000000e321000000)]
  0x000002d8dc77dc50 JavaThread "Unconstrained build operations Thread 78" [_thread_blocked, id=43236, stack(0x000000e321000000,0x000000e321100000)]
  0x000002d8dc77c300 JavaThread "Unconstrained build operations Thread 79" [_thread_blocked, id=22172, stack(0x000000e321100000,0x000000e321200000)]
  0x000002d8dc77c810 JavaThread "Unconstrained build operations Thread 80" [_thread_blocked, id=21396, stack(0x000000e321200000,0x000000e321300000)]
  0x000002d8e898b110 JavaThread "Unconstrained build operations Thread 81" [_thread_blocked, id=32656, stack(0x000000e321300000,0x000000e321400000)]
  0x000002d8e898ca60 JavaThread "Unconstrained build operations Thread 82" [_thread_blocked, id=30664, stack(0x000000e321400000,0x000000e321500000)]
  0x000002d8dc77d230 JavaThread "Unconstrained build operations Thread 83" [_thread_blocked, id=31960, stack(0x000000e321500000,0x000000e321600000)]
  0x000002d8de3e8160 JavaThread "Unconstrained build operations Thread 84" [_thread_blocked, id=7096, stack(0x000000e321600000,0x000000e321700000)]
  0x000002d8e8c74460 JavaThread "Unconstrained build operations Thread 85" [_thread_blocked, id=55448, stack(0x000000e321700000,0x000000e321800000)]
  0x000002d8e8c771f0 JavaThread "Unconstrained build operations Thread 86" [_thread_blocked, id=16332, stack(0x000000e321800000,0x000000e321900000)]
  0x000002d8e8c77700 JavaThread "Unconstrained build operations Thread 87" [_thread_blocked, id=41068, stack(0x000000e321900000,0x000000e321a00000)]
  0x000002d8e8c74e80 JavaThread "Unconstrained build operations Thread 88" [_thread_blocked, id=35296, stack(0x000000e321a00000,0x000000e321b00000)]
  0x000002d8e8c77c10 JavaThread "Unconstrained build operations Thread 89" [_thread_blocked, id=12188, stack(0x000000e321b00000,0x000000e321c00000)]
  0x000002d8e8c75390 JavaThread "Unconstrained build operations Thread 90" [_thread_blocked, id=38636, stack(0x000000e321c00000,0x000000e321d00000)]
  0x000002d8e8c76ce0 JavaThread "Unconstrained build operations Thread 91" [_thread_blocked, id=44260, stack(0x000000e321d00000,0x000000e321e00000)]
  0x000002d8e8c74970 JavaThread "Unconstrained build operations Thread 92" [_thread_blocked, id=14748, stack(0x000000e321e00000,0x000000e321f00000)]
  0x000002d8e8c78120 JavaThread "Unconstrained build operations Thread 93" [_thread_blocked, id=38596, stack(0x000000e321f00000,0x000000e322000000)]
  0x000002d8e8c78630 JavaThread "Unconstrained build operations Thread 94" [_thread_blocked, id=50188, stack(0x000000e322000000,0x000000e322100000)]
  0x000002d8e8c78b40 JavaThread "Unconstrained build operations Thread 95" [_thread_blocked, id=51560, stack(0x000000e322100000,0x000000e322200000)]
  0x000002d8e8c762c0 JavaThread "Unconstrained build operations Thread 96" [_thread_blocked, id=34664, stack(0x000000e322200000,0x000000e322300000)]
  0x000002d8e8c79050 JavaThread "Unconstrained build operations Thread 97" [_thread_blocked, id=49448, stack(0x000000e322300000,0x000000e322400000)]
  0x000002d8e8c758a0 JavaThread "Unconstrained build operations Thread 98" [_thread_blocked, id=41952, stack(0x000000e322400000,0x000000e322500000)]
  0x000002d8e8c79560 JavaThread "Unconstrained build operations Thread 99" [_thread_blocked, id=41840, stack(0x000000e322500000,0x000000e322600000)]
  0x000002d8e8c75db0 JavaThread "Unconstrained build operations Thread 100" [_thread_blocked, id=9044, stack(0x000000e322600000,0x000000e322700000)]
  0x000002d8e8c79a70 JavaThread "build event listener" [_thread_blocked, id=54004, stack(0x000000e322700000,0x000000e322800000)]
  0x000002d8e8c79f80 JavaThread "Problems report writer" [_thread_blocked, id=50348, stack(0x000000e322800000,0x000000e322900000)]
  0x000002d8e8c767d0 JavaThread "Unconstrained build operations Thread 101" [_thread_blocked, id=48452, stack(0x000000e322900000,0x000000e322a00000)]
  0x000002d8e8c7a490 JavaThread "Unconstrained build operations Thread 102" [_thread_blocked, id=23380, stack(0x000000e322a00000,0x000000e322b00000)]
  0x000002d8e8c7a9a0 JavaThread "Unconstrained build operations Thread 103" [_thread_blocked, id=32812, stack(0x000000e322b00000,0x000000e322c00000)]
  0x000002d8e8c7aeb0 JavaThread "Unconstrained build operations Thread 104" [_thread_blocked, id=37040, stack(0x000000e322c00000,0x000000e322d00000)]
  0x000002d8e8c7b3c0 JavaThread "Unconstrained build operations Thread 105" [_thread_blocked, id=688, stack(0x000000e322d00000,0x000000e322e00000)]
  0x000002d8e8c7b8d0 JavaThread "Unconstrained build operations Thread 106" [_thread_blocked, id=17456, stack(0x000000e322e00000,0x000000e322f00000)]
  0x000002d8e8c7bde0 JavaThread "Unconstrained build operations Thread 107" [_thread_blocked, id=40776, stack(0x000000e322f00000,0x000000e323000000)]
  0x000002d8eb0db380 JavaThread "Unconstrained build operations Thread 108" [_thread_blocked, id=48044, stack(0x000000e323000000,0x000000e323100000)]
  0x000002d8eb0da960 JavaThread "Unconstrained build operations Thread 109" [_thread_blocked, id=6132, stack(0x000000e323100000,0x000000e323200000)]
  0x000002d8eb0dc2b0 JavaThread "Unconstrained build operations Thread 110" [_thread_blocked, id=55932, stack(0x000000e323500000,0x000000e323600000)]
  0x000002d8eb0db890 JavaThread "Unconstrained build operations Thread 111" [_thread_blocked, id=26404, stack(0x000000e323600000,0x000000e323700000)]
  0x000002d8eb0dd1e0 JavaThread "Unconstrained build operations Thread 112" [_thread_blocked, id=55212, stack(0x000000e323700000,0x000000e323800000)]
  0x000002d8eb0dd6f0 JavaThread "Unconstrained build operations Thread 113" [_thread_blocked, id=2588, stack(0x000000e323800000,0x000000e323900000)]
  0x000002d8eb0dbda0 JavaThread "Unconstrained build operations Thread 114" [_thread_blocked, id=31844, stack(0x000000e323900000,0x000000e323a00000)]
  0x000002d8eb0dc7c0 JavaThread "Unconstrained build operations Thread 115" [_thread_blocked, id=56976, stack(0x000000e323a00000,0x000000e323b00000)]
  0x000002d8eb0dccd0 JavaThread "Unconstrained build operations Thread 116" [_thread_blocked, id=38832, stack(0x000000e323b00000,0x000000e323c00000)]
  0x000002d8eb0ddc00 JavaThread "Unconstrained build operations Thread 117" [_thread_blocked, id=55372, stack(0x000000e323c00000,0x000000e323d00000)]
  0x000002d8eb0de620 JavaThread "Unconstrained build operations Thread 118" [_thread_blocked, id=34820, stack(0x000000e324100000,0x000000e324200000)]
  0x000002d8eb0dae70 JavaThread "Unconstrained build operations Thread 119" [_thread_blocked, id=30236, stack(0x000000e324200000,0x000000e324300000)]
  0x000002d8eb0e0990 JavaThread "Unconstrained build operations Thread 120" [_thread_blocked, id=15632, stack(0x000000e324500000,0x000000e324600000)]
  0x000002d8eb0e18c0 JavaThread "Cache worker for execution history cache (C:\Users\fuadh\projects\friends_hangout_app\android\.gradle\8.13\executionHistory)" [_thread_blocked, id=11864, stack(0x000000e324d00000,0x000000e324e00000)]
  0x000002d8eb0e3720 JavaThread "WorkerExecutor Queue Thread 3" [_thread_blocked, id=12212, stack(0x000000e31d300000,0x000000e31d400000)]
  0x000002d8eb0e3c30 JavaThread "WorkerExecutor Queue Thread 5" [_thread_blocked, id=49928, stack(0x000000e31d600000,0x000000e31d700000)]
  0x000002d8eb0e78f0 JavaThread "WorkerExecutor Queue Thread 6" [_thread_blocked, id=18152, stack(0x000000e31d700000,0x000000e31d800000)]
  0x000002d8eb0e9240 JavaThread "WorkerExecutor Queue Thread 11" [_thread_blocked, id=18312, stack(0x000000e31dd00000,0x000000e31de00000)]
  0x000002d8eb0e9750 JavaThread "WorkerExecutor Queue Thread 12" [_thread_blocked, id=11632, stack(0x000000e31de00000,0x000000e31df00000)]
  0x000002d8eb0e9c60 JavaThread "WorkerExecutor Queue Thread 13" [_thread_blocked, id=7028, stack(0x000000e31ee00000,0x000000e31ef00000)]
  0x000002d8eb0e7e00 JavaThread "WorkerExecutor Queue Thread 14" [_thread_blocked, id=53624, stack(0x000000e31d400000,0x000000e31d500000)]
  0x000002d8eb0e5a90 JavaThread "WorkerExecutor Queue Thread 15" [_thread_blocked, id=26096, stack(0x000000e31c300000,0x000000e31c400000)]
  0x000002d8e16a4c10 JavaThread "Cache worker for Java compile cache (C:\Users\fuadh\.gradle\caches\8.13\javaCompile)" [_thread_blocked, id=50064, stack(0x000000e31d900000,0x000000e31da00000)]
  0x000002d8e16a5630 JavaThread "RMI Scheduler(0)" daemon [_thread_blocked, id=33904, stack(0x000000e31da00000,0x000000e31db00000)]
  0x000002d8e16a6560 JavaThread "RMI GC Daemon" daemon [_thread_blocked, id=23692, stack(0x000000e323300000,0x000000e323400000)]
  0x000002d8e16a6f80 JavaThread "RMI TCP Accept-0" daemon [_thread_in_native, id=15572, stack(0x000000e324c00000,0x000000e324d00000)]
  0x000002d8e16a6a70 JavaThread "RMI Reaper" [_thread_blocked, id=31884, stack(0x000000e324e00000,0x000000e324f00000)]
  0x000002d8a256d9a0 JavaThread "Build operations" [_thread_blocked, id=37108, stack(0x000000e325200000,0x000000e325300000)]
  0x000002d8e042a980 JavaThread "Build operations Thread 2" [_thread_blocked, id=36904, stack(0x000000e325300000,0x000000e325400000)]
  0x000002d8dfe931f0 JavaThread "Build operations Thread 3" [_thread_blocked, id=21580, stack(0x000000e325400000,0x000000e325500000)]
  0x000002d8eabea2f0 JavaThread "Build operations Thread 4" [_thread_blocked, id=36500, stack(0x000000e325500000,0x000000e325600000)]
  0x000002d8eabe98d0 JavaThread "Build operations Thread 5" [_thread_blocked, id=1824, stack(0x000000e325600000,0x000000e325700000)]
  0x000002d8eabe7050 JavaThread "Build operations Thread 6" [_thread_blocked, id=34060, stack(0x000000e325700000,0x000000e325800000)]
  0x000002d8eabe8490 JavaThread "Build operations Thread 7" [_thread_blocked, id=27376, stack(0x000000e325800000,0x000000e325900000)]
  0x000002d8eabe89a0 JavaThread "Build operations Thread 8" [_thread_blocked, id=25272, stack(0x000000e325900000,0x000000e325a00000)]
  0x000002d8eabe8eb0 JavaThread "Build operations Thread 9" [_thread_blocked, id=20300, stack(0x000000e325a00000,0x000000e325b00000)]
  0x000002d8eabe93c0 JavaThread "Build operations Thread 10" [_thread_blocked, id=15636, stack(0x000000e325b00000,0x000000e325c00000)]
  0x000002d8eabe7a70 JavaThread "Build operations Thread 11" [_thread_blocked, id=31432, stack(0x000000e325c00000,0x000000e325d00000)]
  0x000002d8eabe9de0 JavaThread "Build operations Thread 12" [_thread_blocked, id=15932, stack(0x000000e325d00000,0x000000e325e00000)]
  0x000002d8e898a1e0 JavaThread "RMI RenewClean-[127.0.0.1:17629,org.jetbrains.kotlin.daemon.common.LoopbackNetworkInterface$ClientLoopbackSocketFactory@38e457de]" daemon [_thread_blocked, id=52336, stack(0x000000e325000000,0x000000e325100000)]
  0x000002d8de3e6d20 JavaThread "RMI RenewClean-[127.0.0.1:17629,org.jetbrains.kotlin.daemon.common.LoopbackNetworkInterface$ClientLoopbackSocketFactory@455906d2]" daemon [_thread_blocked, id=34940, stack(0x000000e327f00000,0x000000e328000000)]
  0x000002d8e99166c0 JavaThread "RMI RenewClean-[127.0.0.1:17629,org.jetbrains.kotlin.daemon.common.LoopbackNetworkInterface$ClientLoopbackSocketFactory@55f7cc74]" daemon [_thread_blocked, id=55400, stack(0x000000e328100000,0x000000e328200000)]
  0x000002d8e9918010 JavaThread "WorkerExecutor Queue Thread 18" [_thread_blocked, id=53996, stack(0x000000e31dc00000,0x000000e31dd00000)]
  0x000002d8e991cc00 JavaThread "pool-5-thread-1" [_thread_blocked, id=30068, stack(0x000000e325100000,0x000000e325200000)]
  0x000002d8e99170e0 JavaThread "stderr" [_thread_in_native, id=47536, stack(0x000000e325e00000,0x000000e325f00000)]
  0x000002d8e991d110 JavaThread "stdout" [_thread_in_native, id=14156, stack(0x000000e325f00000,0x000000e326000000)]
  0x000002d8e991e040 JavaThread "stderr" [_thread_in_native, id=44056, stack(0x000000e326000000,0x000000e326100000)]
  0x000002d8e991ada0 JavaThread "stdout" [_thread_in_native, id=22416, stack(0x000000e326100000,0x000000e326200000)]
  0x000002d8e991ea60 JavaThread "stderr" [_thread_in_native, id=33692, stack(0x000000e326200000,0x000000e326300000)]
  0x000002d8e991d620 JavaThread "stdout" [_thread_in_native, id=41548, stack(0x000000e326300000,0x000000e326400000)]
  0x000002d8e991db30 JavaThread "stderr" [_thread_in_native, id=16912, stack(0x000000e326400000,0x000000e326500000)]
  0x000002d8e991bcd0 JavaThread "stdout" [_thread_in_native, id=9892, stack(0x000000e326500000,0x000000e326600000)]
  0x000002d8e991b2b0 JavaThread "stderr" [_thread_in_native, id=16316, stack(0x000000e326600000,0x000000e326700000)]
  0x000002d8e991c6f0 JavaThread "stdout" [_thread_in_native, id=34176, stack(0x000000e326700000,0x000000e326800000)]
  0x000002d8e991ef70 JavaThread "stderr" [_thread_in_native, id=12820, stack(0x000000e326800000,0x000000e326900000)]
  0x000002d8e991b7c0 JavaThread "stdout" [_thread_in_native, id=29296, stack(0x000000e326900000,0x000000e326a00000)]
  0x000002d8e991f990 JavaThread "stderr" [_thread_in_native, id=11872, stack(0x000000e326a00000,0x000000e326b00000)]
  0x000002d8e9921d00 JavaThread "stdout" [_thread_in_native, id=18288, stack(0x000000e326b00000,0x000000e326c00000)]
  0x000002d8e9922210 JavaThread "stderr" [_thread_in_native, id=47616, stack(0x000000e326c00000,0x000000e326d00000)]
  0x000002d8e991fea0 JavaThread "stdout" [_thread_in_native, id=29972, stack(0x000000e326d00000,0x000000e326e00000)]
  0x000002d8e9922720 JavaThread "WorkerExecutor Queue Thread 19" [_thread_blocked, id=15176, stack(0x000000e324f00000,0x000000e325000000)]
  0x000002d8e991c1e0 JavaThread "RMI TCP Connection(idle)" daemon [_thread_blocked, id=19556, stack(0x000000e320600000,0x000000e320700000)]
  0x000002d8eabedfb0 JavaThread "WorkerExecutor Queue Thread 20" [_thread_blocked, id=55284, stack(0x000000e327900000,0x000000e327a00000)]
  0x000002d8eabef900 JavaThread "WorkerExecutor Queue Thread 21" [_thread_blocked, id=25640, stack(0x000000e31d500000,0x000000e31d600000)]
  0x000002d8eabeb730 JavaThread "Java2D Disposer" daemon [_thread_blocked, id=42376, stack(0x000000e31db00000,0x000000e31dc00000)]
  0x000002d8eabee9d0 JavaThread "AWT-Windows" daemon [_thread_in_native, id=30972, stack(0x000000e324a00000,0x000000e324b00000)]
  0x000002d8eabef3f0 JavaThread "DefaultDispatcher-worker-1" daemon [_thread_blocked, id=42572, stack(0x000000e327200000,0x000000e327300000)]
  0x000002d8eabebc40 JavaThread "DefaultDispatcher-worker-1" daemon [_thread_blocked, id=17616, stack(0x000000e327300000,0x000000e327400000)]
  0x000002d8eabec150 JavaThread "DefaultDispatcher-worker-5" daemon [_thread_blocked, id=24988, stack(0x000000e327400000,0x000000e327500000)]
  0x000002d8eabecb70 JavaThread "DefaultDispatcher-worker-2" daemon [_thread_blocked, id=53204, stack(0x000000e327500000,0x000000e327600000)]
  0x000002d8eabf0830 JavaThread "DefaultDispatcher-worker-3" daemon [_thread_blocked, id=13924, stack(0x000000e327600000,0x000000e327700000)]
  0x000002d8eabf30b0 JavaThread "DefaultDispatcher-worker-3" daemon [_thread_blocked, id=46108, stack(0x000000e327700000,0x000000e327800000)]
  0x000002d8eabf35c0 JavaThread "DefaultDispatcher-worker-4" daemon [_thread_blocked, id=39956, stack(0x000000e327800000,0x000000e327900000)]
  0x000002d8eabf1c70 JavaThread "DefaultDispatcher-worker-2" daemon [_thread_blocked, id=1396, stack(0x000000e327a00000,0x000000e327b00000)]
  0x000002d8eabf3ad0 JavaThread "DefaultDispatcher-worker-6" daemon [_thread_blocked, id=51256, stack(0x000000e327b00000,0x000000e327c00000)]
  0x000002d8eabf1760 JavaThread "DefaultDispatcher-worker-7" daemon [_thread_blocked, id=11508, stack(0x000000e327c00000,0x000000e327d00000)]
  0x000002d8eabf2180 JavaThread "DefaultDispatcher-worker-8" daemon [_thread_blocked, id=53012, stack(0x000000e327d00000,0x000000e327e00000)]
  0x000002d8e9918520 JavaThread "DefaultDispatcher-worker-9" daemon [_thread_blocked, id=32484, stack(0x000000e327e00000,0x000000e327f00000)]
  0x000002d8e9914d70 JavaThread "DefaultDispatcher-worker-10" daemon [_thread_blocked, id=7196, stack(0x000000e328000000,0x000000e328100000)]
  0x000002d8e9919450 JavaThread "DefaultDispatcher-worker-11" daemon [_thread_blocked, id=10264, stack(0x000000e328200000,0x000000e328300000)]
  0x000002d8e9915ca0 JavaThread "DefaultDispatcher-worker-4" daemon [_thread_blocked, id=10100, stack(0x000000e328300000,0x000000e328400000)]
  0x000002d8e9919e70 JavaThread "DefaultDispatcher-worker-12" daemon [_thread_blocked, id=38772, stack(0x000000e328400000,0x000000e328500000)]
  0x000002d8e991a380 JavaThread "DefaultDispatcher-worker-5" daemon [_thread_blocked, id=35064, stack(0x000000e328500000,0x000000e328600000)]
  0x000002d8e99212e0 JavaThread "DefaultDispatcher-worker-6" daemon [_thread_blocked, id=31540, stack(0x000000e328600000,0x000000e328700000)]
  0x000002d8e9924070 JavaThread "ForkJoinPool-1-worker-1" daemon [_thread_blocked, id=53452, stack(0x000000e324900000,0x000000e324a00000)]
  0x000002d8e9924580 JavaThread "ForkJoinPool-1-worker-2" daemon [_thread_blocked, id=10636, stack(0x000000e327000000,0x000000e327100000)]
  0x000002d8e8987450 JavaThread "ForkJoinPool-1-worker-3" daemon [_thread_blocked, id=23020, stack(0x000000e328700000,0x000000e328800000)]
  0x000002d8e898a6f0 JavaThread "ForkJoinPool-1-worker-4" daemon [_thread_blocked, id=6080, stack(0x000000e328800000,0x000000e328900000)]
  0x000002d8e898bb30 JavaThread "ForkJoinPool-1-worker-5" daemon [_thread_blocked, id=23236, stack(0x000000e328900000,0x000000e328a00000)]
  0x000002d8e8988380 JavaThread "ForkJoinPool-1-worker-6" daemon [_thread_blocked, id=26700, stack(0x000000e328a00000,0x000000e328b00000)]
  0x000002d8e898cf70 JavaThread "ForkJoinPool-1-worker-7" daemon [_thread_blocked, id=55032, stack(0x000000e328b00000,0x000000e328c00000)]
  0x000002d8e898d480 JavaThread "ForkJoinPool-1-worker-8" daemon [_thread_blocked, id=35032, stack(0x000000e328c00000,0x000000e328d00000)]
  0x000002d8eb0e4650 JavaThread "ForkJoinPool-1-worker-9" daemon [_thread_blocked, id=32148, stack(0x000000e328d00000,0x000000e328e00000)]
  0x000002d8eb0e13b0 JavaThread "ForkJoinPool-1-worker-10" daemon [_thread_blocked, id=28332, stack(0x000000e328e00000,0x000000e328f00000)]
  0x000002d8eb0e1dd0 JavaThread "ForkJoinPool-1-worker-11" daemon [_thread_blocked, id=28924, stack(0x000000e328f00000,0x000000e329000000)]
  0x000002d8eb0e8d30 JavaThread "ForkJoinPool-1-worker-12" daemon [_thread_blocked, id=26388, stack(0x000000e329000000,0x000000e329100000)]
  0x000002d9090470a0 JavaThread "Periodic tasks thread" daemon [_thread_blocked, id=28080, stack(0x000000e329800000,0x000000e329900000)]
  0x000002d909046b90 JavaThread "ApplicationImpl pooled thread 1" [_thread_blocked, id=45568, stack(0x000000e329900000,0x000000e329a00000)]
  0x000002d90904a850 JavaThread "ForkJoinPool.commonPool-worker-13" daemon [_thread_blocked, id=14160, stack(0x000000e329a00000,0x000000e329b00000)]
  0x000002d90904b270 JavaThread "ForkJoinPool.commonPool-worker-14" daemon [_thread_blocked, id=23324, stack(0x000000e329b00000,0x000000e329c00000)]
  0x000002d8deb7d0e0 JavaThread "C2 CompilerThread1" daemon [_thread_blocked, id=35468, stack(0x000000e318500000,0x000000e318600000)]
  0x000002d8deb7f0c0 JavaThread "C2 CompilerThread2" daemon [_thread_blocked, id=51932, stack(0x000000e327100000,0x000000e327200000)]

Other Threads:
=>0x000002d8ff922c30 VMThread "VM Thread" [stack: 0x000000e317700000,0x000000e317800000] [id=49156]
  0x000002d8a264d360 WatcherThread [stack: 0x000000e318400000,0x000000e318500000] [id=40872]
  0x000002d8ff730910 GCTaskThread "GC Thread#0" [stack: 0x000000e317200000,0x000000e317300000] [id=11908]
  0x000002d8a27edfc0 GCTaskThread "GC Thread#1" [stack: 0x000000e318600000,0x000000e318700000] [id=45932]
  0x000002d8a27ee280 GCTaskThread "GC Thread#2" [stack: 0x000000e318700000,0x000000e318800000] [id=36624]
  0x000002d8a27eed50 GCTaskThread "GC Thread#3" [stack: 0x000000e318800000,0x000000e318900000] [id=48732]
  0x000002d8dc0b8c70 GCTaskThread "GC Thread#4" [stack: 0x000000e318900000,0x000000e318a00000] [id=37240]
  0x000002d8dc0b8f30 GCTaskThread "GC Thread#5" [stack: 0x000000e318a00000,0x000000e318b00000] [id=45392]
  0x000002d8dc608510 GCTaskThread "GC Thread#6" [stack: 0x000000e318b00000,0x000000e318c00000] [id=43916]
  0x000002d8dc609850 GCTaskThread "GC Thread#7" [stack: 0x000000e319b00000,0x000000e319c00000] [id=38840]
  0x000002d8dc608d50 GCTaskThread "GC Thread#8" [stack: 0x000000e319c00000,0x000000e319d00000] [id=11500]
  0x000002d8dc609010 GCTaskThread "GC Thread#9" [stack: 0x000000e319d00000,0x000000e319e00000] [id=51824]
  0x000002d8ff7417d0 ConcurrentGCThread "G1 Main Marker" [stack: 0x000000e317300000,0x000000e317400000] [id=2748]
  0x000002d8ff743b20 ConcurrentGCThread "G1 Conc#0" [stack: 0x000000e317400000,0x000000e317500000] [id=45624]
  0x000002d8dc609b10 ConcurrentGCThread "G1 Conc#1" [stack: 0x000000e319e00000,0x000000e319f00000] [id=42312]
  0x000002d8dc609dd0 ConcurrentGCThread "G1 Conc#2" [stack: 0x000000e319f00000,0x000000e31a000000] [id=13300]
  0x000002d8ff7df0c0 ConcurrentGCThread "G1 Refine#0" [stack: 0x000000e317500000,0x000000e317600000] [id=47272]
  0x000002d8e0716960 ConcurrentGCThread "G1 Refine#1" [stack: 0x000000e31a200000,0x000000e31a300000] [id=23496]
  0x000002d8dfbbf810 ConcurrentGCThread "G1 Refine#2" [stack: 0x000000e31a300000,0x000000e31a400000] [id=43064]
  0x000002d8eaad6ac0 ConcurrentGCThread "G1 Refine#3" [stack: 0x000000e329100000,0x000000e329200000] [id=48620]
  0x000002d8eaad70a0 ConcurrentGCThread "G1 Refine#4" [stack: 0x000000e329200000,0x000000e329300000] [id=14096]
  0x000002d8eaad7970 ConcurrentGCThread "G1 Refine#5" [stack: 0x000000e329300000,0x000000e329400000] [id=29212]
  0x000002d8eaad5630 ConcurrentGCThread "G1 Refine#6" [stack: 0x000000e329400000,0x000000e329500000] [id=35624]
  0x000002d8eaad4780 ConcurrentGCThread "G1 Refine#7" [stack: 0x000000e329500000,0x000000e329600000] [id=5364]
  0x000002d8eaad3eb0 ConcurrentGCThread "G1 Refine#8" [stack: 0x000000e329600000,0x000000e329700000] [id=23544]
  0x000002d8eaad41a0 ConcurrentGCThread "G1 Refine#9" [stack: 0x000000e329700000,0x000000e329800000] [id=44968]
  0x000002d8ff7df4b0 ConcurrentGCThread "G1 Service" [stack: 0x000000e317600000,0x000000e317700000] [id=38696]

Threads with active compile tasks:
C2 CompilerThread0  1175074 46926       4       org.jetbrains.kotlin.protobuf.GeneratedMessageLite::parseUnknownField (518 bytes)
C1 CompilerThread0  1175074 46960       3       org.jetbrains.kotlin.protobuf.FieldSet::getSerializedSize (109 bytes)
C2 CompilerThread1  1175074 46933   !   4       org.jetbrains.kotlin.metadata.ProtoBuf$Annotation::<init> (344 bytes)
C2 CompilerThread2  1175074 46940       4       org.jetbrains.kotlin.metadata.deserialization.NameResolverImpl::getQualifiedClassName (104 bytes)

VM state: at safepoint (normal execution)

VM Mutex/Monitor currently owned by a thread:  ([mutex/lock_event])
[0x000002d8f343b070] Threads_lock - owner thread: 0x000002d8ff922c30
[0x000002d8f567be50] Heap_lock - owner thread: 0x000002d8eb0e7e00

Heap address: 0x0000000600000000, size: 8192 MB, Compressed Oops mode: Zero based, Oop shift amount: 3

CDS archive(s) mapped at: [0x000002d8a3000000-0x000002d8a3bb0000-0x000002d8a3bb0000), size 12255232, SharedBaseAddress: 0x000002d8a3000000, ArchiveRelocationMode: 1.
Compressed class space mapped at: 0x000002d8a4000000-0x000002d8d8000000, reserved size: 872415232
Narrow klass base: 0x000002d8a3000000, Narrow klass shift: 0, Narrow klass range: 0x100000000

GC Precious Log:
 CPUs: 12 total, 12 available
 Memory: 16171M
 Large Page Support: Disabled
 NUMA Support: Disabled
 Compressed Oops: Enabled (Zero based)
 Heap Region Size: 4M
 Heap Min Capacity: 8M
 Heap Initial Capacity: 256M
 Heap Max Capacity: 8G
 Pre-touch: Disabled
 Parallel Workers: 10
 Concurrent Workers: 3
 Concurrent Refinement Workers: 10
 Periodic GC: Disabled

Heap:
 garbage-first heap   total 3981312K, used 1020897K [0x0000000600000000, 0x0000000800000000)
  region size 4096K, 8 young (32768K), 8 survivors (32768K)
 Metaspace       used 288876K, committed 292608K, reserved 1114112K
  class space    used 37693K, committed 39424K, reserved 851968K

Heap Regions: E=young(eden), S=young(survivor), O=old, HS=humongous(starts), HC=humongous(continues), CS=collection set, F=free, OA=open archive, CA=closed archive, TAMS=top-at-mark-start (previous, next)
|   0|0x0000000600000000, 0x0000000600400000, 0x0000000600400000|100%|HS|  |TAMS 0x0000000600400000, 0x0000000600400000| Complete 
|   1|0x0000000600400000, 0x0000000600800000, 0x0000000600800000|100%| O|  |TAMS 0x0000000600800000, 0x0000000600800000| Untracked 
|   2|0x0000000600800000, 0x0000000600c00000, 0x0000000600c00000|100%| O|  |TAMS 0x0000000600c00000, 0x0000000600c00000| Untracked 
|   3|0x0000000600c00000, 0x0000000601000000, 0x0000000601000000|100%| O|  |TAMS 0x0000000601000000, 0x0000000601000000| Untracked 
|   4|0x0000000601000000, 0x0000000601400000, 0x0000000601400000|100%| O|  |TAMS 0x0000000601400000, 0x0000000601400000| Untracked 
|   5|0x0000000601400000, 0x0000000601800000, 0x0000000601800000|100%| O|  |TAMS 0x0000000601800000, 0x0000000601800000| Untracked 
|   6|0x0000000601800000, 0x0000000601c00000, 0x0000000601c00000|100%| O|  |TAMS 0x0000000601c00000, 0x0000000601c00000| Untracked 
|   7|0x0000000601c00000, 0x0000000602000000, 0x0000000602000000|100%| O|  |TAMS 0x0000000602000000, 0x0000000602000000| Untracked 
|   8|0x0000000602000000, 0x0000000602400000, 0x0000000602400000|100%| O|  |TAMS 0x0000000602400000, 0x0000000602400000| Untracked 
|   9|0x0000000602400000, 0x0000000602800000, 0x0000000602800000|100%|HS|  |TAMS 0x0000000602800000, 0x0000000602800000| Complete 
|  10|0x0000000602800000, 0x0000000602c00000, 0x0000000602c00000|100%|HS|  |TAMS 0x0000000602c00000, 0x0000000602c00000| Complete 
|  11|0x0000000602c00000, 0x0000000603000000, 0x0000000603000000|100%| O|  |TAMS 0x0000000603000000, 0x0000000603000000| Untracked 
|  12|0x0000000603000000, 0x0000000603400000, 0x0000000603400000|100%|HS|  |TAMS 0x0000000603400000, 0x0000000603400000| Complete 
|  13|0x0000000603400000, 0x0000000603800000, 0x0000000603800000|100%| O|  |TAMS 0x0000000603800000, 0x0000000603800000| Untracked 
|  14|0x0000000603800000, 0x0000000603c00000, 0x0000000603c00000|100%| O|  |TAMS 0x0000000603c00000, 0x0000000603c00000| Untracked 
|  15|0x0000000603c00000, 0x0000000604000000, 0x0000000604000000|100%| O|  |TAMS 0x0000000604000000, 0x0000000604000000| Untracked 
|  16|0x0000000604000000, 0x0000000604400000, 0x0000000604400000|100%| O|  |TAMS 0x0000000604400000, 0x0000000604400000| Untracked 
|  17|0x0000000604400000, 0x0000000604800000, 0x0000000604800000|100%| O|  |TAMS 0x0000000604800000, 0x0000000604800000| Untracked 
|  18|0x0000000604800000, 0x0000000604c00000, 0x0000000604c00000|100%|HS|  |TAMS 0x0000000604c00000, 0x0000000604c00000| Complete 
|  19|0x0000000604c00000, 0x0000000604c00000, 0x0000000605000000|  0%| F|  |TAMS 0x0000000604c00000, 0x0000000604c00000| Untracked 
|  20|0x0000000605000000, 0x0000000605400000, 0x0000000605400000|100%| O|  |TAMS 0x0000000605400000, 0x0000000605400000| Untracked 
|  21|0x0000000605400000, 0x0000000605800000, 0x0000000605800000|100%| O|  |TAMS 0x0000000605800000, 0x0000000605800000| Untracked 
|  22|0x0000000605800000, 0x0000000605c00000, 0x0000000605c00000|100%| O|  |TAMS 0x0000000605c00000, 0x0000000605c00000| Untracked 
|  23|0x0000000605c00000, 0x0000000606000000, 0x0000000606000000|100%| O|  |TAMS 0x0000000606000000, 0x0000000606000000| Untracked 
|  24|0x0000000606000000, 0x0000000606400000, 0x0000000606400000|100%| O|  |TAMS 0x0000000606400000, 0x0000000606400000| Untracked 
|  25|0x0000000606400000, 0x0000000606800000, 0x0000000606800000|100%| O|  |TAMS 0x0000000606800000, 0x0000000606800000| Untracked 
|  26|0x0000000606800000, 0x0000000606c00000, 0x0000000606c00000|100%| O|  |TAMS 0x0000000606c00000, 0x0000000606c00000| Untracked 
|  27|0x0000000606c00000, 0x0000000607000000, 0x0000000607000000|100%|HS|  |TAMS 0x0000000607000000, 0x0000000607000000| Complete 
|  28|0x0000000607000000, 0x0000000607400000, 0x0000000607400000|100%| O|  |TAMS 0x0000000607400000, 0x0000000607400000| Untracked 
|  29|0x0000000607400000, 0x0000000607800000, 0x0000000607800000|100%| O|  |TAMS 0x0000000607800000, 0x0000000607800000| Untracked 
|  30|0x0000000607800000, 0x0000000607c00000, 0x0000000607c00000|100%| O|  |TAMS 0x0000000607c00000, 0x0000000607c00000| Untracked 
|  31|0x0000000607c00000, 0x0000000608000000, 0x0000000608000000|100%| O|  |TAMS 0x0000000608000000, 0x0000000608000000| Untracked 
|  32|0x0000000608000000, 0x0000000608400000, 0x0000000608400000|100%| O|  |TAMS 0x0000000608400000, 0x0000000608400000| Untracked 
|  33|0x0000000608400000, 0x0000000608800000, 0x0000000608800000|100%| O|  |TAMS 0x0000000608800000, 0x0000000608800000| Untracked 
|  34|0x0000000608800000, 0x0000000608c00000, 0x0000000608c00000|100%| O|  |TAMS 0x0000000608c00000, 0x0000000608c00000| Untracked 
|  35|0x0000000608c00000, 0x0000000608c00000, 0x0000000609000000|  0%| F|  |TAMS 0x0000000608c00000, 0x0000000608c00000| Untracked 
|  36|0x0000000609000000, 0x0000000609000000, 0x0000000609400000|  0%| F|  |TAMS 0x0000000609000000, 0x0000000609000000| Untracked 
|  37|0x0000000609400000, 0x0000000609400000, 0x0000000609800000|  0%| F|  |TAMS 0x0000000609400000, 0x0000000609400000| Untracked 
|  38|0x0000000609800000, 0x0000000609c00000, 0x0000000609c00000|100%| O|  |TAMS 0x0000000609c00000, 0x0000000609c00000| Untracked 
|  39|0x0000000609c00000, 0x000000060a000000, 0x000000060a000000|100%| O|  |TAMS 0x000000060a000000, 0x000000060a000000| Untracked 
|  40|0x000000060a000000, 0x000000060a400000, 0x000000060a400000|100%| O|  |TAMS 0x000000060a400000, 0x000000060a400000| Untracked 
|  41|0x000000060a400000, 0x000000060a800000, 0x000000060a800000|100%| O|  |TAMS 0x000000060a800000, 0x000000060a800000| Untracked 
|  42|0x000000060a800000, 0x000000060ac00000, 0x000000060ac00000|100%| O|  |TAMS 0x000000060ac00000, 0x000000060ac00000| Untracked 
|  43|0x000000060ac00000, 0x000000060b000000, 0x000000060b000000|100%| O|  |TAMS 0x000000060b000000, 0x000000060b000000| Untracked 
|  44|0x000000060b000000, 0x000000060b400000, 0x000000060b400000|100%| O|  |TAMS 0x000000060b400000, 0x000000060b400000| Untracked 
|  45|0x000000060b400000, 0x000000060b800000, 0x000000060b800000|100%| O|  |TAMS 0x000000060b800000, 0x000000060b800000| Untracked 
|  46|0x000000060b800000, 0x000000060bc00000, 0x000000060bc00000|100%| O|  |TAMS 0x000000060bc00000, 0x000000060bc00000| Untracked 
|  47|0x000000060bc00000, 0x000000060c000000, 0x000000060c000000|100%| O|  |TAMS 0x000000060c000000, 0x000000060c000000| Untracked 
|  48|0x000000060c000000, 0x000000060c400000, 0x000000060c400000|100%| O|  |TAMS 0x000000060c400000, 0x000000060c400000| Untracked 
|  49|0x000000060c400000, 0x000000060c800000, 0x000000060c800000|100%| O|  |TAMS 0x000000060c800000, 0x000000060c800000| Untracked 
|  50|0x000000060c800000, 0x000000060cc00000, 0x000000060cc00000|100%| O|  |TAMS 0x000000060cc00000, 0x000000060cc00000| Untracked 
|  51|0x000000060cc00000, 0x000000060d000000, 0x000000060d000000|100%| O|  |TAMS 0x000000060d000000, 0x000000060d000000| Untracked 
|  52|0x000000060d000000, 0x000000060d400000, 0x000000060d400000|100%| O|  |TAMS 0x000000060d400000, 0x000000060d400000| Untracked 
|  53|0x000000060d400000, 0x000000060d800000, 0x000000060d800000|100%| O|  |TAMS 0x000000060d800000, 0x000000060d800000| Untracked 
|  54|0x000000060d800000, 0x000000060dc00000, 0x000000060dc00000|100%| O|  |TAMS 0x000000060dc00000, 0x000000060dc00000| Untracked 
|  55|0x000000060dc00000, 0x000000060e000000, 0x000000060e000000|100%| O|  |TAMS 0x000000060e000000, 0x000000060e000000| Untracked 
|  56|0x000000060e000000, 0x000000060e400000, 0x000000060e400000|100%| O|  |TAMS 0x000000060e400000, 0x000000060e400000| Untracked 
|  57|0x000000060e400000, 0x000000060e800000, 0x000000060e800000|100%| O|  |TAMS 0x000000060e800000, 0x000000060e800000| Untracked 
|  58|0x000000060e800000, 0x000000060ec00000, 0x000000060ec00000|100%| O|  |TAMS 0x000000060ec00000, 0x000000060ec00000| Untracked 
|  59|0x000000060ec00000, 0x000000060f000000, 0x000000060f000000|100%| O|  |TAMS 0x000000060f000000, 0x000000060f000000| Untracked 
|  60|0x000000060f000000, 0x000000060f400000, 0x000000060f400000|100%| O|  |TAMS 0x000000060f400000, 0x000000060f400000| Untracked 
|  61|0x000000060f400000, 0x000000060f800000, 0x000000060f800000|100%| O|  |TAMS 0x000000060f800000, 0x000000060f800000| Untracked 
|  62|0x000000060f800000, 0x000000060fc00000, 0x000000060fc00000|100%| O|  |TAMS 0x000000060fc00000, 0x000000060fc00000| Untracked 
|  63|0x000000060fc00000, 0x0000000610000000, 0x0000000610000000|100%| O|  |TAMS 0x0000000610000000, 0x0000000610000000| Untracked 
|  64|0x0000000610000000, 0x0000000610400000, 0x0000000610400000|100%| O|  |TAMS 0x0000000610400000, 0x0000000610400000| Untracked 
|  65|0x0000000610400000, 0x0000000610800000, 0x0000000610800000|100%| O|  |TAMS 0x0000000610800000, 0x0000000610800000| Untracked 
|  66|0x0000000610800000, 0x0000000610c00000, 0x0000000610c00000|100%| O|  |TAMS 0x0000000610c00000, 0x0000000610c00000| Untracked 
|  67|0x0000000610c00000, 0x0000000611000000, 0x0000000611000000|100%| O|  |TAMS 0x0000000611000000, 0x0000000611000000| Untracked 
|  68|0x0000000611000000, 0x0000000611400000, 0x0000000611400000|100%| O|  |TAMS 0x0000000611400000, 0x0000000611400000| Untracked 
|  69|0x0000000611400000, 0x0000000611800000, 0x0000000611800000|100%| O|  |TAMS 0x0000000611800000, 0x0000000611800000| Untracked 
|  70|0x0000000611800000, 0x0000000611c00000, 0x0000000611c00000|100%| O|  |TAMS 0x0000000611c00000, 0x0000000611c00000| Untracked 
|  71|0x0000000611c00000, 0x0000000612000000, 0x0000000612000000|100%| O|  |TAMS 0x0000000612000000, 0x0000000612000000| Untracked 
|  72|0x0000000612000000, 0x0000000612400000, 0x0000000612400000|100%| O|  |TAMS 0x0000000612400000, 0x0000000612400000| Untracked 
|  73|0x0000000612400000, 0x0000000612800000, 0x0000000612800000|100%| O|  |TAMS 0x0000000612800000, 0x0000000612800000| Untracked 
|  74|0x0000000612800000, 0x0000000612c00000, 0x0000000612c00000|100%| O|  |TAMS 0x0000000612c00000, 0x0000000612c00000| Untracked 
|  75|0x0000000612c00000, 0x0000000613000000, 0x0000000613000000|100%| O|  |TAMS 0x0000000613000000, 0x0000000613000000| Untracked 
|  76|0x0000000613000000, 0x0000000613400000, 0x0000000613400000|100%| O|  |TAMS 0x0000000613400000, 0x0000000613400000| Untracked 
|  77|0x0000000613400000, 0x0000000613800000, 0x0000000613800000|100%| O|  |TAMS 0x0000000613800000, 0x0000000613800000| Untracked 
|  78|0x0000000613800000, 0x0000000613c00000, 0x0000000613c00000|100%| O|  |TAMS 0x0000000613c00000, 0x0000000613c00000| Untracked 
|  79|0x0000000613c00000, 0x0000000614000000, 0x0000000614000000|100%| O|  |TAMS 0x0000000614000000, 0x0000000614000000| Untracked 
|  80|0x0000000614000000, 0x0000000614400000, 0x0000000614400000|100%| O|  |TAMS 0x0000000614400000, 0x0000000614400000| Untracked 
|  81|0x0000000614400000, 0x0000000614800000, 0x0000000614800000|100%| O|  |TAMS 0x0000000614800000, 0x0000000614800000| Untracked 
|  82|0x0000000614800000, 0x0000000614c00000, 0x0000000614c00000|100%| O|  |TAMS 0x0000000614c00000, 0x0000000614c00000| Untracked 
|  83|0x0000000614c00000, 0x0000000615000000, 0x0000000615000000|100%| O|  |TAMS 0x0000000615000000, 0x0000000615000000| Untracked 
|  84|0x0000000615000000, 0x0000000615400000, 0x0000000615400000|100%| O|  |TAMS 0x0000000615400000, 0x0000000615400000| Untracked 
|  85|0x0000000615400000, 0x0000000615800000, 0x0000000615800000|100%| O|  |TAMS 0x0000000615800000, 0x0000000615800000| Untracked 
|  86|0x0000000615800000, 0x0000000615c00000, 0x0000000615c00000|100%| O|  |TAMS 0x0000000615c00000, 0x0000000615c00000| Untracked 
|  87|0x0000000615c00000, 0x0000000616000000, 0x0000000616000000|100%| O|  |TAMS 0x0000000616000000, 0x0000000616000000| Untracked 
|  88|0x0000000616000000, 0x0000000616400000, 0x0000000616400000|100%| O|  |TAMS 0x0000000616400000, 0x0000000616400000| Untracked 
|  89|0x0000000616400000, 0x0000000616800000, 0x0000000616800000|100%| O|  |TAMS 0x0000000616800000, 0x0000000616800000| Untracked 
|  90|0x0000000616800000, 0x0000000616c00000, 0x0000000616c00000|100%| O|  |TAMS 0x0000000616c00000, 0x0000000616c00000| Untracked 
|  91|0x0000000616c00000, 0x0000000617000000, 0x0000000617000000|100%| O|  |TAMS 0x0000000617000000, 0x0000000617000000| Untracked 
|  92|0x0000000617000000, 0x0000000617400000, 0x0000000617400000|100%| O|  |TAMS 0x0000000617400000, 0x0000000617400000| Untracked 
|  93|0x0000000617400000, 0x0000000617800000, 0x0000000617800000|100%| O|  |TAMS 0x0000000617800000, 0x0000000617800000| Untracked 
|  94|0x0000000617800000, 0x0000000617c00000, 0x0000000617c00000|100%| O|  |TAMS 0x0000000617c00000, 0x0000000617c00000| Untracked 
|  95|0x0000000617c00000, 0x0000000618000000, 0x0000000618000000|100%| O|  |TAMS 0x0000000618000000, 0x0000000618000000| Untracked 
|  96|0x0000000618000000, 0x0000000618400000, 0x0000000618400000|100%| O|  |TAMS 0x0000000618400000, 0x0000000618400000| Untracked 
|  97|0x0000000618400000, 0x0000000618800000, 0x0000000618800000|100%| O|  |TAMS 0x0000000618800000, 0x0000000618800000| Untracked 
|  98|0x0000000618800000, 0x0000000618c00000, 0x0000000618c00000|100%| O|  |TAMS 0x0000000618c00000, 0x0000000618c00000| Untracked 
|  99|0x0000000618c00000, 0x0000000619000000, 0x0000000619000000|100%| O|  |TAMS 0x0000000619000000, 0x0000000619000000| Untracked 
| 100|0x0000000619000000, 0x0000000619400000, 0x0000000619400000|100%| O|  |TAMS 0x0000000619400000, 0x0000000619400000| Untracked 
| 101|0x0000000619400000, 0x0000000619800000, 0x0000000619800000|100%| O|  |TAMS 0x0000000619800000, 0x0000000619800000| Untracked 
| 102|0x0000000619800000, 0x0000000619c00000, 0x0000000619c00000|100%| O|  |TAMS 0x0000000619c00000, 0x0000000619c00000| Untracked 
| 103|0x0000000619c00000, 0x000000061a000000, 0x000000061a000000|100%| O|  |TAMS 0x000000061a000000, 0x000000061a000000| Untracked 
| 104|0x000000061a000000, 0x000000061a400000, 0x000000061a400000|100%| O|  |TAMS 0x000000061a400000, 0x000000061a400000| Untracked 
| 105|0x000000061a400000, 0x000000061a800000, 0x000000061a800000|100%| O|  |TAMS 0x000000061a800000, 0x000000061a800000| Untracked 
| 106|0x000000061a800000, 0x000000061ac00000, 0x000000061ac00000|100%| O|  |TAMS 0x000000061ac00000, 0x000000061ac00000| Untracked 
| 107|0x000000061ac00000, 0x000000061b000000, 0x000000061b000000|100%| O|  |TAMS 0x000000061b000000, 0x000000061b000000| Untracked 
| 108|0x000000061b000000, 0x000000061b400000, 0x000000061b400000|100%| O|  |TAMS 0x000000061b400000, 0x000000061b400000| Untracked 
| 109|0x000000061b400000, 0x000000061b800000, 0x000000061b800000|100%| O|  |TAMS 0x000000061b800000, 0x000000061b800000| Untracked 
| 110|0x000000061b800000, 0x000000061b800000, 0x000000061bc00000|  0%| F|  |TAMS 0x000000061b800000, 0x000000061b800000| Untracked 
| 111|0x000000061bc00000, 0x000000061bc00000, 0x000000061c000000|  0%| F|  |TAMS 0x000000061bc00000, 0x000000061bc00000| Untracked 
| 112|0x000000061c000000, 0x000000061c400000, 0x000000061c400000|100%| O|  |TAMS 0x000000061c400000, 0x000000061c400000| Untracked 
| 113|0x000000061c400000, 0x000000061c800000, 0x000000061c800000|100%| O|  |TAMS 0x000000061c800000, 0x000000061c800000| Untracked 
| 114|0x000000061c800000, 0x000000061cc00000, 0x000000061cc00000|100%| O|  |TAMS 0x000000061cc00000, 0x000000061cc00000| Untracked 
| 115|0x000000061cc00000, 0x000000061d000000, 0x000000061d000000|100%| O|  |TAMS 0x000000061d000000, 0x000000061d000000| Untracked 
| 116|0x000000061d000000, 0x000000061d400000, 0x000000061d400000|100%| O|  |TAMS 0x000000061d400000, 0x000000061d400000| Untracked 
| 117|0x000000061d400000, 0x000000061d800000, 0x000000061d800000|100%| O|  |TAMS 0x000000061d800000, 0x000000061d800000| Untracked 
| 118|0x000000061d800000, 0x000000061dc00000, 0x000000061dc00000|100%| O|  |TAMS 0x000000061dc00000, 0x000000061dc00000| Untracked 
| 119|0x000000061dc00000, 0x000000061e000000, 0x000000061e000000|100%| O|  |TAMS 0x000000061e000000, 0x000000061e000000| Untracked 
| 120|0x000000061e000000, 0x000000061e400000, 0x000000061e400000|100%| O|  |TAMS 0x000000061e400000, 0x000000061e400000| Untracked 
| 121|0x000000061e400000, 0x000000061e800000, 0x000000061e800000|100%| O|  |TAMS 0x000000061e800000, 0x000000061e800000| Untracked 
| 122|0x000000061e800000, 0x000000061ec00000, 0x000000061ec00000|100%| O|  |TAMS 0x000000061ec00000, 0x000000061ec00000| Untracked 
| 123|0x000000061ec00000, 0x000000061f000000, 0x000000061f000000|100%| O|  |TAMS 0x000000061f000000, 0x000000061f000000| Untracked 
| 124|0x000000061f000000, 0x000000061f400000, 0x000000061f400000|100%| O|  |TAMS 0x000000061f400000, 0x000000061f400000| Untracked 
| 125|0x000000061f400000, 0x000000061f800000, 0x000000061f800000|100%| O|  |TAMS 0x000000061f800000, 0x000000061f800000| Untracked 
| 126|0x000000061f800000, 0x000000061fc00000, 0x000000061fc00000|100%| O|  |TAMS 0x000000061fc00000, 0x000000061fc00000| Untracked 
| 127|0x000000061fc00000, 0x0000000620000000, 0x0000000620000000|100%| O|  |TAMS 0x0000000620000000, 0x0000000620000000| Untracked 
| 128|0x0000000620000000, 0x0000000620400000, 0x0000000620400000|100%| O|  |TAMS 0x0000000620400000, 0x0000000620400000| Untracked 
| 129|0x0000000620400000, 0x0000000620800000, 0x0000000620800000|100%| O|  |TAMS 0x0000000620800000, 0x0000000620800000| Untracked 
| 130|0x0000000620800000, 0x0000000620c00000, 0x0000000620c00000|100%| O|  |TAMS 0x0000000620c00000, 0x0000000620c00000| Untracked 
| 131|0x0000000620c00000, 0x0000000621000000, 0x0000000621000000|100%| O|  |TAMS 0x0000000621000000, 0x0000000621000000| Untracked 
| 132|0x0000000621000000, 0x0000000621400000, 0x0000000621400000|100%| O|  |TAMS 0x0000000621400000, 0x0000000621400000| Untracked 
| 133|0x0000000621400000, 0x0000000621800000, 0x0000000621800000|100%| O|  |TAMS 0x0000000621800000, 0x0000000621800000| Untracked 
| 134|0x0000000621800000, 0x0000000621c00000, 0x0000000621c00000|100%| O|  |TAMS 0x0000000621c00000, 0x0000000621c00000| Untracked 
| 135|0x0000000621c00000, 0x0000000622000000, 0x0000000622000000|100%| O|  |TAMS 0x0000000622000000, 0x0000000622000000| Untracked 
| 136|0x0000000622000000, 0x0000000622400000, 0x0000000622400000|100%| O|  |TAMS 0x0000000622400000, 0x0000000622400000| Untracked 
| 137|0x0000000622400000, 0x0000000622400000, 0x0000000622800000|  0%| F|  |TAMS 0x0000000622400000, 0x0000000622400000| Untracked 
| 138|0x0000000622800000, 0x0000000622c00000, 0x0000000622c00000|100%| O|  |TAMS 0x0000000622c00000, 0x0000000622c00000| Untracked 
| 139|0x0000000622c00000, 0x0000000623000000, 0x0000000623000000|100%| O|  |TAMS 0x0000000623000000, 0x0000000623000000| Untracked 
| 140|0x0000000623000000, 0x0000000623400000, 0x0000000623400000|100%| O|  |TAMS 0x0000000623400000, 0x0000000623400000| Untracked 
| 141|0x0000000623400000, 0x0000000623800000, 0x0000000623800000|100%| O|  |TAMS 0x0000000623800000, 0x0000000623800000| Untracked 
| 142|0x0000000623800000, 0x0000000623c00000, 0x0000000623c00000|100%| O|  |TAMS 0x0000000623c00000, 0x0000000623c00000| Untracked 
| 143|0x0000000623c00000, 0x0000000624000000, 0x0000000624000000|100%| O|  |TAMS 0x0000000624000000, 0x0000000624000000| Untracked 
| 144|0x0000000624000000, 0x0000000624400000, 0x0000000624400000|100%| O|  |TAMS 0x0000000624400000, 0x0000000624400000| Untracked 
| 145|0x0000000624400000, 0x0000000624800000, 0x0000000624800000|100%| O|  |TAMS 0x0000000624800000, 0x0000000624800000| Untracked 
| 146|0x0000000624800000, 0x0000000624c00000, 0x0000000624c00000|100%| O|  |TAMS 0x0000000624c00000, 0x0000000624c00000| Untracked 
| 147|0x0000000624c00000, 0x0000000625000000, 0x0000000625000000|100%| O|  |TAMS 0x0000000625000000, 0x0000000625000000| Untracked 
| 148|0x0000000625000000, 0x0000000625400000, 0x0000000625400000|100%| O|  |TAMS 0x0000000625400000, 0x0000000625400000| Untracked 
| 149|0x0000000625400000, 0x0000000625800000, 0x0000000625800000|100%| O|  |TAMS 0x0000000625800000, 0x0000000625800000| Untracked 
| 150|0x0000000625800000, 0x0000000625c00000, 0x0000000625c00000|100%| O|  |TAMS 0x0000000625c00000, 0x0000000625c00000| Untracked 
| 151|0x0000000625c00000, 0x0000000626000000, 0x0000000626000000|100%| O|  |TAMS 0x0000000626000000, 0x0000000626000000| Untracked 
| 152|0x0000000626000000, 0x0000000626400000, 0x0000000626400000|100%| O|  |TAMS 0x0000000626400000, 0x0000000626400000| Untracked 
| 153|0x0000000626400000, 0x0000000626800000, 0x0000000626800000|100%| O|  |TAMS 0x0000000626800000, 0x0000000626800000| Untracked 
| 154|0x0000000626800000, 0x0000000626c00000, 0x0000000626c00000|100%| O|  |TAMS 0x0000000626c00000, 0x0000000626c00000| Untracked 
| 155|0x0000000626c00000, 0x0000000627000000, 0x0000000627000000|100%| O|  |TAMS 0x0000000627000000, 0x0000000627000000| Untracked 
| 156|0x0000000627000000, 0x0000000627400000, 0x0000000627400000|100%| O|  |TAMS 0x0000000627400000, 0x0000000627400000| Untracked 
| 157|0x0000000627400000, 0x0000000627800000, 0x0000000627800000|100%| O|  |TAMS 0x0000000627800000, 0x0000000627800000| Untracked 
| 158|0x0000000627800000, 0x0000000627c00000, 0x0000000627c00000|100%| O|  |TAMS 0x0000000627c00000, 0x0000000627c00000| Untracked 
| 159|0x0000000627c00000, 0x0000000628000000, 0x0000000628000000|100%| O|  |TAMS 0x0000000628000000, 0x0000000628000000| Untracked 
| 160|0x0000000628000000, 0x0000000628400000, 0x0000000628400000|100%| O|  |TAMS 0x0000000628400000, 0x0000000628400000| Untracked 
| 161|0x0000000628400000, 0x0000000628800000, 0x0000000628800000|100%| O|  |TAMS 0x0000000628800000, 0x0000000628800000| Untracked 
| 162|0x0000000628800000, 0x0000000628c00000, 0x0000000628c00000|100%| O|  |TAMS 0x0000000628c00000, 0x0000000628c00000| Untracked 
| 163|0x0000000628c00000, 0x0000000629000000, 0x0000000629000000|100%| O|  |TAMS 0x0000000629000000, 0x0000000629000000| Untracked 
| 164|0x0000000629000000, 0x0000000629400000, 0x0000000629400000|100%| O|  |TAMS 0x0000000629400000, 0x0000000629400000| Untracked 
| 165|0x0000000629400000, 0x0000000629800000, 0x0000000629800000|100%| O|  |TAMS 0x0000000629800000, 0x0000000629800000| Untracked 
| 166|0x0000000629800000, 0x0000000629c00000, 0x0000000629c00000|100%| O|  |TAMS 0x0000000629c00000, 0x0000000629c00000| Untracked 
| 167|0x0000000629c00000, 0x000000062a000000, 0x000000062a000000|100%| O|  |TAMS 0x000000062a000000, 0x000000062a000000| Untracked 
| 168|0x000000062a000000, 0x000000062a400000, 0x000000062a400000|100%| O|  |TAMS 0x000000062a400000, 0x000000062a400000| Untracked 
| 169|0x000000062a400000, 0x000000062a800000, 0x000000062a800000|100%| O|  |TAMS 0x000000062a800000, 0x000000062a800000| Untracked 
| 170|0x000000062a800000, 0x000000062ac00000, 0x000000062ac00000|100%| O|  |TAMS 0x000000062ac00000, 0x000000062ac00000| Untracked 
| 171|0x000000062ac00000, 0x000000062b000000, 0x000000062b000000|100%| O|  |TAMS 0x000000062b000000, 0x000000062b000000| Untracked 
| 172|0x000000062b000000, 0x000000062b400000, 0x000000062b400000|100%| O|  |TAMS 0x000000062b400000, 0x000000062b400000| Untracked 
| 173|0x000000062b400000, 0x000000062b800000, 0x000000062b800000|100%| O|  |TAMS 0x000000062b800000, 0x000000062b800000| Untracked 
| 174|0x000000062b800000, 0x000000062bc00000, 0x000000062bc00000|100%| O|  |TAMS 0x000000062bc00000, 0x000000062bc00000| Untracked 
| 175|0x000000062bc00000, 0x000000062c000000, 0x000000062c000000|100%| O|  |TAMS 0x000000062c000000, 0x000000062c000000| Untracked 
| 176|0x000000062c000000, 0x000000062c400000, 0x000000062c400000|100%| O|  |TAMS 0x000000062c400000, 0x000000062c400000| Untracked 
| 177|0x000000062c400000, 0x000000062c800000, 0x000000062c800000|100%| O|  |TAMS 0x000000062c800000, 0x000000062c800000| Untracked 
| 178|0x000000062c800000, 0x000000062cc00000, 0x000000062cc00000|100%| O|  |TAMS 0x000000062cc00000, 0x000000062cc00000| Untracked 
| 179|0x000000062cc00000, 0x000000062d000000, 0x000000062d000000|100%| O|  |TAMS 0x000000062d000000, 0x000000062d000000| Untracked 
| 180|0x000000062d000000, 0x000000062d400000, 0x000000062d400000|100%| O|  |TAMS 0x000000062d400000, 0x000000062d400000| Untracked 
| 181|0x000000062d400000, 0x000000062d400000, 0x000000062d800000|  0%| F|  |TAMS 0x000000062d400000, 0x000000062d400000| Untracked 
| 182|0x000000062d800000, 0x000000062dc00000, 0x000000062dc00000|100%| O|  |TAMS 0x000000062dc00000, 0x000000062dc00000| Untracked 
| 183|0x000000062dc00000, 0x000000062e000000, 0x000000062e000000|100%|HS|  |TAMS 0x000000062e000000, 0x000000062e000000| Complete 
| 184|0x000000062e000000, 0x000000062e400000, 0x000000062e400000|100%| O|  |TAMS 0x000000062e400000, 0x000000062e400000| Untracked 
| 185|0x000000062e400000, 0x000000062e800000, 0x000000062e800000|100%| O|  |TAMS 0x000000062e800000, 0x000000062e800000| Untracked 
| 186|0x000000062e800000, 0x000000062ec00000, 0x000000062ec00000|100%| O|  |TAMS 0x000000062ec00000, 0x000000062ec00000| Untracked 
| 187|0x000000062ec00000, 0x000000062f000000, 0x000000062f000000|100%| O|  |TAMS 0x000000062f000000, 0x000000062f000000| Untracked 
| 188|0x000000062f000000, 0x000000062f400000, 0x000000062f400000|100%| O|  |TAMS 0x000000062f400000, 0x000000062f400000| Untracked 
| 189|0x000000062f400000, 0x000000062f800000, 0x000000062f800000|100%| O|  |TAMS 0x000000062f800000, 0x000000062f800000| Untracked 
| 190|0x000000062f800000, 0x000000062fc00000, 0x000000062fc00000|100%| O|  |TAMS 0x000000062fc00000, 0x000000062fc00000| Untracked 
| 191|0x000000062fc00000, 0x0000000630000000, 0x0000000630000000|100%| O|  |TAMS 0x0000000630000000, 0x0000000630000000| Untracked 
| 192|0x0000000630000000, 0x0000000630400000, 0x0000000630400000|100%| O|  |TAMS 0x0000000630400000, 0x0000000630400000| Untracked 
| 193|0x0000000630400000, 0x0000000630800000, 0x0000000630800000|100%| O|  |TAMS 0x0000000630800000, 0x0000000630800000| Untracked 
| 194|0x0000000630800000, 0x0000000630c00000, 0x0000000630c00000|100%| O|  |TAMS 0x0000000630c00000, 0x0000000630c00000| Untracked 
| 195|0x0000000630c00000, 0x0000000631000000, 0x0000000631000000|100%| O|  |TAMS 0x0000000631000000, 0x0000000631000000| Untracked 
| 196|0x0000000631000000, 0x0000000631400000, 0x0000000631400000|100%| O|  |TAMS 0x0000000631400000, 0x0000000631400000| Untracked 
| 197|0x0000000631400000, 0x0000000631800000, 0x0000000631800000|100%| O|  |TAMS 0x0000000631800000, 0x0000000631800000| Untracked 
| 198|0x0000000631800000, 0x0000000631c00000, 0x0000000631c00000|100%| O|  |TAMS 0x0000000631c00000, 0x0000000631c00000| Untracked 
| 199|0x0000000631c00000, 0x0000000632000000, 0x0000000632000000|100%| O|  |TAMS 0x0000000632000000, 0x0000000632000000| Untracked 
| 200|0x0000000632000000, 0x0000000632400000, 0x0000000632400000|100%| O|  |TAMS 0x0000000632400000, 0x0000000632400000| Untracked 
| 201|0x0000000632400000, 0x0000000632400000, 0x0000000632800000|  0%| F|  |TAMS 0x0000000632400000, 0x0000000632400000| Untracked 
| 202|0x0000000632800000, 0x0000000632c00000, 0x0000000632c00000|100%| O|  |TAMS 0x00000006329c8a00, 0x0000000632c00000| Untracked 
| 203|0x0000000632c00000, 0x0000000633000000, 0x0000000633000000|100%| O|  |TAMS 0x0000000632c00000, 0x0000000633000000| Untracked 
| 204|0x0000000633000000, 0x0000000633400000, 0x0000000633400000|100%| O|  |TAMS 0x0000000633000000, 0x0000000633400000| Untracked 
| 205|0x0000000633400000, 0x0000000633800000, 0x0000000633800000|100%| O|  |TAMS 0x0000000633400000, 0x0000000633800000| Untracked 
| 206|0x0000000633800000, 0x0000000633c00000, 0x0000000633c00000|100%| O|  |TAMS 0x0000000633800000, 0x0000000633c00000| Untracked 
| 207|0x0000000633c00000, 0x0000000634000000, 0x0000000634000000|100%| O|  |TAMS 0x0000000633c00000, 0x0000000634000000| Untracked 
| 208|0x0000000634000000, 0x0000000634400000, 0x0000000634400000|100%| O|  |TAMS 0x0000000634000000, 0x0000000634400000| Untracked 
| 209|0x0000000634400000, 0x0000000634800000, 0x0000000634800000|100%| O|  |TAMS 0x0000000634400000, 0x0000000634800000| Untracked 
| 210|0x0000000634800000, 0x0000000634c00000, 0x0000000634c00000|100%| O|  |TAMS 0x0000000634800000, 0x0000000634c00000| Untracked 
| 211|0x0000000634c00000, 0x0000000635000000, 0x0000000635000000|100%| O|  |TAMS 0x0000000634c00000, 0x0000000635000000| Untracked 
| 212|0x0000000635000000, 0x0000000635400000, 0x0000000635400000|100%| O|  |TAMS 0x0000000635000000, 0x0000000635400000| Untracked 
| 213|0x0000000635400000, 0x0000000635800000, 0x0000000635800000|100%| O|  |TAMS 0x0000000635400000, 0x0000000635800000| Untracked 
| 214|0x0000000635800000, 0x0000000635c00000, 0x0000000635c00000|100%| O|  |TAMS 0x0000000635800000, 0x0000000635c00000| Untracked 
| 215|0x0000000635c00000, 0x0000000636000000, 0x0000000636000000|100%| O|  |TAMS 0x0000000635c00000, 0x0000000636000000| Untracked 
| 216|0x0000000636000000, 0x0000000636400000, 0x0000000636400000|100%| O|  |TAMS 0x0000000636000000, 0x0000000636400000| Untracked 
| 217|0x0000000636400000, 0x0000000636800000, 0x0000000636800000|100%| O|  |TAMS 0x0000000636400000, 0x0000000636800000| Untracked 
| 218|0x0000000636800000, 0x0000000636c00000, 0x0000000636c00000|100%| O|  |TAMS 0x0000000636800000, 0x0000000636c00000| Untracked 
| 219|0x0000000636c00000, 0x0000000637000000, 0x0000000637000000|100%| O|  |TAMS 0x0000000636c00000, 0x0000000637000000| Untracked 
| 220|0x0000000637000000, 0x0000000637400000, 0x0000000637400000|100%| O|  |TAMS 0x0000000637000000, 0x0000000637400000| Untracked 
| 221|0x0000000637400000, 0x0000000637800000, 0x0000000637800000|100%| O|  |TAMS 0x0000000637400000, 0x0000000637800000| Untracked 
| 222|0x0000000637800000, 0x0000000637c00000, 0x0000000637c00000|100%| O|  |TAMS 0x0000000637800000, 0x0000000637c00000| Untracked 
| 223|0x0000000637c00000, 0x0000000638000000, 0x0000000638000000|100%| O|  |TAMS 0x0000000637c00000, 0x0000000638000000| Untracked 
| 224|0x0000000638000000, 0x0000000638400000, 0x0000000638400000|100%| O|  |TAMS 0x0000000638000000, 0x0000000638400000| Untracked 
| 225|0x0000000638400000, 0x0000000638800000, 0x0000000638800000|100%| O|  |TAMS 0x0000000638400000, 0x0000000638800000| Untracked 
| 226|0x0000000638800000, 0x0000000638c00000, 0x0000000638c00000|100%| O|  |TAMS 0x0000000638800000, 0x0000000638c00000| Untracked 
| 227|0x0000000638c00000, 0x0000000639000000, 0x0000000639000000|100%| O|  |TAMS 0x0000000638c00000, 0x0000000639000000| Untracked 
| 228|0x0000000639000000, 0x0000000639400000, 0x0000000639400000|100%| O|  |TAMS 0x0000000639000000, 0x0000000639400000| Untracked 
| 229|0x0000000639400000, 0x0000000639800000, 0x0000000639800000|100%| O|  |TAMS 0x0000000639400000, 0x0000000639800000| Untracked 
| 230|0x0000000639800000, 0x0000000639c00000, 0x0000000639c00000|100%| O|  |TAMS 0x0000000639800000, 0x0000000639c00000| Untracked 
| 231|0x0000000639c00000, 0x000000063a000000, 0x000000063a000000|100%| O|  |TAMS 0x0000000639c00000, 0x000000063a000000| Untracked 
| 232|0x000000063a000000, 0x000000063a400000, 0x000000063a400000|100%| O|  |TAMS 0x000000063a000000, 0x000000063a400000| Untracked 
| 233|0x000000063a400000, 0x000000063a800000, 0x000000063a800000|100%| O|  |TAMS 0x000000063a400000, 0x000000063a800000| Untracked 
| 234|0x000000063a800000, 0x000000063ac00000, 0x000000063ac00000|100%| O|  |TAMS 0x000000063a800000, 0x000000063ac00000| Untracked 
| 235|0x000000063ac00000, 0x000000063b000000, 0x000000063b000000|100%| O|  |TAMS 0x000000063ac00000, 0x000000063b000000| Untracked 
| 236|0x000000063b000000, 0x000000063b400000, 0x000000063b400000|100%| O|  |TAMS 0x000000063b000000, 0x000000063b400000| Untracked 
| 237|0x000000063b400000, 0x000000063b800000, 0x000000063b800000|100%| O|  |TAMS 0x000000063b400000, 0x000000063b800000| Untracked 
| 238|0x000000063b800000, 0x000000063bc00000, 0x000000063bc00000|100%| O|  |TAMS 0x000000063b800000, 0x000000063bc00000| Untracked 
| 239|0x000000063bc00000, 0x000000063c000000, 0x000000063c000000|100%| O|  |TAMS 0x000000063bc00000, 0x000000063c000000| Untracked 
| 240|0x000000063c000000, 0x000000063c400000, 0x000000063c400000|100%| O|  |TAMS 0x000000063c000000, 0x000000063c400000| Untracked 
| 241|0x000000063c400000, 0x000000063c800000, 0x000000063c800000|100%| O|  |TAMS 0x000000063c400000, 0x000000063c800000| Untracked 
| 242|0x000000063c800000, 0x000000063cc00000, 0x000000063cc00000|100%| O|  |TAMS 0x000000063c800000, 0x000000063cc00000| Untracked 
| 243|0x000000063cc00000, 0x000000063d000000, 0x000000063d000000|100%| O|  |TAMS 0x000000063cc00000, 0x000000063d000000| Untracked 
| 244|0x000000063d000000, 0x000000063d400000, 0x000000063d400000|100%| O|  |TAMS 0x000000063d000000, 0x000000063d400000| Untracked 
| 245|0x000000063d400000, 0x000000063d800000, 0x000000063d800000|100%| O|  |TAMS 0x000000063d400000, 0x000000063d800000| Untracked 
| 246|0x000000063d800000, 0x000000063dc00000, 0x000000063dc00000|100%| O|  |TAMS 0x000000063d800000, 0x000000063dc00000| Untracked 
| 247|0x000000063dc00000, 0x000000063e000000, 0x000000063e000000|100%| O|  |TAMS 0x000000063dc00000, 0x000000063e000000| Untracked 
| 248|0x000000063e000000, 0x000000063e400000, 0x000000063e400000|100%| O|  |TAMS 0x000000063e000000, 0x000000063e400000| Untracked 
| 249|0x000000063e400000, 0x000000063e800000, 0x000000063e800000|100%| O|  |TAMS 0x000000063e400000, 0x000000063e800000| Untracked 
| 250|0x000000063e800000, 0x000000063ea43400, 0x000000063ec00000| 56%| O|  |TAMS 0x000000063e800000, 0x000000063ea43400| Untracked 
| 251|0x000000063ec00000, 0x000000063ec00000, 0x000000063f000000|  0%| F|  |TAMS 0x000000063ec00000, 0x000000063ec00000| Untracked 
| 252|0x000000063f000000, 0x000000063f000000, 0x000000063f400000|  0%| F|  |TAMS 0x000000063f000000, 0x000000063f000000| Untracked 
| 253|0x000000063f400000, 0x000000063f400000, 0x000000063f800000|  0%| F|  |TAMS 0x000000063f400000, 0x000000063f400000| Untracked 
| 254|0x000000063f800000, 0x000000063f800000, 0x000000063fc00000|  0%| F|  |TAMS 0x000000063f800000, 0x000000063f800000| Untracked 
| 255|0x000000063fc00000, 0x000000063fc00000, 0x0000000640000000|  0%| F|  |TAMS 0x000000063fc00000, 0x000000063fc00000| Untracked 
| 256|0x0000000640000000, 0x0000000640000000, 0x0000000640400000|  0%| F|  |TAMS 0x0000000640000000, 0x0000000640000000| Untracked 
| 257|0x0000000640400000, 0x0000000640400000, 0x0000000640800000|  0%| F|  |TAMS 0x0000000640400000, 0x0000000640400000| Untracked 
| 258|0x0000000640800000, 0x0000000640800000, 0x0000000640c00000|  0%| F|  |TAMS 0x0000000640800000, 0x0000000640800000| Untracked 
| 259|0x0000000640c00000, 0x0000000640c00000, 0x0000000641000000|  0%| F|  |TAMS 0x0000000640c00000, 0x0000000640c00000| Untracked 
| 260|0x0000000641000000, 0x0000000641000000, 0x0000000641400000|  0%| F|  |TAMS 0x0000000641000000, 0x0000000641000000| Untracked 
| 261|0x0000000641400000, 0x0000000641400000, 0x0000000641800000|  0%| F|  |TAMS 0x0000000641400000, 0x0000000641400000| Untracked 
| 262|0x0000000641800000, 0x0000000641800000, 0x0000000641c00000|  0%| F|  |TAMS 0x0000000641800000, 0x0000000641800000| Untracked 
| 263|0x0000000641c00000, 0x0000000641c00000, 0x0000000642000000|  0%| F|  |TAMS 0x0000000641c00000, 0x0000000641c00000| Untracked 
| 264|0x0000000642000000, 0x0000000642000000, 0x0000000642400000|  0%| F|  |TAMS 0x0000000642000000, 0x0000000642000000| Untracked 
| 265|0x0000000642400000, 0x0000000642400000, 0x0000000642800000|  0%| F|  |TAMS 0x0000000642400000, 0x0000000642400000| Untracked 
| 266|0x0000000642800000, 0x0000000642800000, 0x0000000642c00000|  0%| F|  |TAMS 0x0000000642800000, 0x0000000642800000| Untracked 
| 267|0x0000000642c00000, 0x0000000642c00000, 0x0000000643000000|  0%| F|  |TAMS 0x0000000642c00000, 0x0000000642c00000| Untracked 
| 268|0x0000000643000000, 0x0000000643000000, 0x0000000643400000|  0%| F|  |TAMS 0x0000000643000000, 0x0000000643000000| Untracked 
| 269|0x0000000643400000, 0x0000000643400000, 0x0000000643800000|  0%| F|  |TAMS 0x0000000643400000, 0x0000000643400000| Untracked 
| 270|0x0000000643800000, 0x0000000643800000, 0x0000000643c00000|  0%| F|  |TAMS 0x0000000643800000, 0x0000000643800000| Untracked 
| 271|0x0000000643c00000, 0x0000000643c00000, 0x0000000644000000|  0%| F|  |TAMS 0x0000000643c00000, 0x0000000643c00000| Untracked 
| 272|0x0000000644000000, 0x0000000644000000, 0x0000000644400000|  0%| F|  |TAMS 0x0000000644000000, 0x0000000644000000| Untracked 
| 273|0x0000000644400000, 0x0000000644400000, 0x0000000644800000|  0%| F|  |TAMS 0x0000000644400000, 0x0000000644400000| Untracked 
| 274|0x0000000644800000, 0x0000000644800000, 0x0000000644c00000|  0%| F|  |TAMS 0x0000000644800000, 0x0000000644800000| Untracked 
| 275|0x0000000644c00000, 0x0000000644c00000, 0x0000000645000000|  0%| F|  |TAMS 0x0000000644c00000, 0x0000000644c00000| Untracked 
| 276|0x0000000645000000, 0x0000000645000000, 0x0000000645400000|  0%| F|  |TAMS 0x0000000645000000, 0x0000000645000000| Untracked 
| 277|0x0000000645400000, 0x0000000645400000, 0x0000000645800000|  0%| F|  |TAMS 0x0000000645400000, 0x0000000645400000| Untracked 
| 278|0x0000000645800000, 0x0000000645800000, 0x0000000645c00000|  0%| F|  |TAMS 0x0000000645800000, 0x0000000645800000| Untracked 
| 279|0x0000000645c00000, 0x0000000645c00000, 0x0000000646000000|  0%| F|  |TAMS 0x0000000645c00000, 0x0000000645c00000| Untracked 
| 280|0x0000000646000000, 0x0000000646000000, 0x0000000646400000|  0%| F|  |TAMS 0x0000000646000000, 0x0000000646000000| Untracked 
| 281|0x0000000646400000, 0x0000000646400000, 0x0000000646800000|  0%| F|  |TAMS 0x0000000646400000, 0x0000000646400000| Untracked 
| 282|0x0000000646800000, 0x0000000646800000, 0x0000000646c00000|  0%| F|  |TAMS 0x0000000646800000, 0x0000000646800000| Untracked 
| 283|0x0000000646c00000, 0x0000000646c00000, 0x0000000647000000|  0%| F|  |TAMS 0x0000000646c00000, 0x0000000646c00000| Untracked 
| 284|0x0000000647000000, 0x0000000647000000, 0x0000000647400000|  0%| F|  |TAMS 0x0000000647000000, 0x0000000647000000| Untracked 
| 285|0x0000000647400000, 0x0000000647400000, 0x0000000647800000|  0%| F|  |TAMS 0x0000000647400000, 0x0000000647400000| Untracked 
| 286|0x0000000647800000, 0x0000000647800000, 0x0000000647c00000|  0%| F|  |TAMS 0x0000000647800000, 0x0000000647800000| Untracked 
| 287|0x0000000647c00000, 0x0000000647c00000, 0x0000000648000000|  0%| F|  |TAMS 0x0000000647c00000, 0x0000000647c00000| Untracked 
| 288|0x0000000648000000, 0x0000000648000000, 0x0000000648400000|  0%| F|  |TAMS 0x0000000648000000, 0x0000000648000000| Untracked 
| 289|0x0000000648400000, 0x0000000648400000, 0x0000000648800000|  0%| F|  |TAMS 0x0000000648400000, 0x0000000648400000| Untracked 
| 290|0x0000000648800000, 0x0000000648800000, 0x0000000648c00000|  0%| F|  |TAMS 0x0000000648800000, 0x0000000648800000| Untracked 
| 291|0x0000000648c00000, 0x0000000648c00000, 0x0000000649000000|  0%| F|  |TAMS 0x0000000648c00000, 0x0000000648c00000| Untracked 
| 292|0x0000000649000000, 0x0000000649000000, 0x0000000649400000|  0%| F|  |TAMS 0x0000000649000000, 0x0000000649000000| Untracked 
| 293|0x0000000649400000, 0x0000000649400000, 0x0000000649800000|  0%| F|  |TAMS 0x0000000649400000, 0x0000000649400000| Untracked 
| 294|0x0000000649800000, 0x0000000649800000, 0x0000000649c00000|  0%| F|  |TAMS 0x0000000649800000, 0x0000000649800000| Untracked 
| 295|0x0000000649c00000, 0x0000000649c00000, 0x000000064a000000|  0%| F|  |TAMS 0x0000000649c00000, 0x0000000649c00000| Untracked 
| 296|0x000000064a000000, 0x000000064a000000, 0x000000064a400000|  0%| F|  |TAMS 0x000000064a000000, 0x000000064a000000| Untracked 
| 297|0x000000064a400000, 0x000000064a400000, 0x000000064a800000|  0%| F|  |TAMS 0x000000064a400000, 0x000000064a400000| Untracked 
| 298|0x000000064a800000, 0x000000064a800000, 0x000000064ac00000|  0%| F|  |TAMS 0x000000064a800000, 0x000000064a800000| Untracked 
| 299|0x000000064ac00000, 0x000000064ac00000, 0x000000064b000000|  0%| F|  |TAMS 0x000000064ac00000, 0x000000064ac00000| Untracked 
| 300|0x000000064b000000, 0x000000064b000000, 0x000000064b400000|  0%| F|  |TAMS 0x000000064b000000, 0x000000064b000000| Untracked 
| 301|0x000000064b400000, 0x000000064b400000, 0x000000064b800000|  0%| F|  |TAMS 0x000000064b400000, 0x000000064b400000| Untracked 
| 302|0x000000064b800000, 0x000000064b800000, 0x000000064bc00000|  0%| F|  |TAMS 0x000000064b800000, 0x000000064b800000| Untracked 
| 303|0x000000064bc00000, 0x000000064bc00000, 0x000000064c000000|  0%| F|  |TAMS 0x000000064bc00000, 0x000000064bc00000| Untracked 
| 304|0x000000064c000000, 0x000000064c000000, 0x000000064c400000|  0%| F|  |TAMS 0x000000064c000000, 0x000000064c000000| Untracked 
| 305|0x000000064c400000, 0x000000064c400000, 0x000000064c800000|  0%| F|  |TAMS 0x000000064c400000, 0x000000064c400000| Untracked 
| 306|0x000000064c800000, 0x000000064c800000, 0x000000064cc00000|  0%| F|  |TAMS 0x000000064c800000, 0x000000064c800000| Untracked 
| 307|0x000000064cc00000, 0x000000064cc00000, 0x000000064d000000|  0%| F|  |TAMS 0x000000064cc00000, 0x000000064cc00000| Untracked 
| 308|0x000000064d000000, 0x000000064d000000, 0x000000064d400000|  0%| F|  |TAMS 0x000000064d000000, 0x000000064d000000| Untracked 
| 309|0x000000064d400000, 0x000000064d400000, 0x000000064d800000|  0%| F|  |TAMS 0x000000064d400000, 0x000000064d400000| Untracked 
| 310|0x000000064d800000, 0x000000064d800000, 0x000000064dc00000|  0%| F|  |TAMS 0x000000064d800000, 0x000000064d800000| Untracked 
| 311|0x000000064dc00000, 0x000000064dc00000, 0x000000064e000000|  0%| F|  |TAMS 0x000000064dc00000, 0x000000064dc00000| Untracked 
| 312|0x000000064e000000, 0x000000064e000000, 0x000000064e400000|  0%| F|  |TAMS 0x000000064e000000, 0x000000064e000000| Untracked 
| 313|0x000000064e400000, 0x000000064e400000, 0x000000064e800000|  0%| F|  |TAMS 0x000000064e400000, 0x000000064e400000| Untracked 
| 314|0x000000064e800000, 0x000000064e800000, 0x000000064ec00000|  0%| F|  |TAMS 0x000000064e800000, 0x000000064e800000| Untracked 
| 315|0x000000064ec00000, 0x000000064ec00000, 0x000000064f000000|  0%| F|  |TAMS 0x000000064ec00000, 0x000000064ec00000| Untracked 
| 316|0x000000064f000000, 0x000000064f000000, 0x000000064f400000|  0%| F|  |TAMS 0x000000064f000000, 0x000000064f000000| Untracked 
| 317|0x000000064f400000, 0x000000064f400000, 0x000000064f800000|  0%| F|  |TAMS 0x000000064f400000, 0x000000064f400000| Untracked 
| 318|0x000000064f800000, 0x000000064f800000, 0x000000064fc00000|  0%| F|  |TAMS 0x000000064f800000, 0x000000064f800000| Untracked 
| 319|0x000000064fc00000, 0x000000064fc00000, 0x0000000650000000|  0%| F|  |TAMS 0x000000064fc00000, 0x000000064fc00000| Untracked 
| 320|0x0000000650000000, 0x0000000650000000, 0x0000000650400000|  0%| F|  |TAMS 0x0000000650000000, 0x0000000650000000| Untracked 
| 321|0x0000000650400000, 0x0000000650400000, 0x0000000650800000|  0%| F|  |TAMS 0x0000000650400000, 0x0000000650400000| Untracked 
| 322|0x0000000650800000, 0x0000000650800000, 0x0000000650c00000|  0%| F|  |TAMS 0x0000000650800000, 0x0000000650800000| Untracked 
| 323|0x0000000650c00000, 0x0000000650c00000, 0x0000000651000000|  0%| F|  |TAMS 0x0000000650c00000, 0x0000000650c00000| Untracked 
| 324|0x0000000651000000, 0x0000000651000000, 0x0000000651400000|  0%| F|  |TAMS 0x0000000651000000, 0x0000000651000000| Untracked 
| 325|0x0000000651400000, 0x0000000651400000, 0x0000000651800000|  0%| F|  |TAMS 0x0000000651400000, 0x0000000651400000| Untracked 
| 326|0x0000000651800000, 0x0000000651800000, 0x0000000651c00000|  0%| F|  |TAMS 0x0000000651800000, 0x0000000651800000| Untracked 
| 327|0x0000000651c00000, 0x0000000651c00000, 0x0000000652000000|  0%| F|  |TAMS 0x0000000651c00000, 0x0000000651c00000| Untracked 
| 328|0x0000000652000000, 0x0000000652000000, 0x0000000652400000|  0%| F|  |TAMS 0x0000000652000000, 0x0000000652000000| Untracked 
| 329|0x0000000652400000, 0x0000000652400000, 0x0000000652800000|  0%| F|  |TAMS 0x0000000652400000, 0x0000000652400000| Untracked 
| 330|0x0000000652800000, 0x0000000652800000, 0x0000000652c00000|  0%| F|  |TAMS 0x0000000652800000, 0x0000000652800000| Untracked 
| 331|0x0000000652c00000, 0x0000000652c00000, 0x0000000653000000|  0%| F|  |TAMS 0x0000000652c00000, 0x0000000652c00000| Untracked 
| 332|0x0000000653000000, 0x0000000653000000, 0x0000000653400000|  0%| F|  |TAMS 0x0000000653000000, 0x0000000653000000| Untracked 
| 333|0x0000000653400000, 0x0000000653400000, 0x0000000653800000|  0%| F|  |TAMS 0x0000000653400000, 0x0000000653400000| Untracked 
| 334|0x0000000653800000, 0x0000000653800000, 0x0000000653c00000|  0%| F|  |TAMS 0x0000000653800000, 0x0000000653800000| Untracked 
| 335|0x0000000653c00000, 0x0000000653c00000, 0x0000000654000000|  0%| F|  |TAMS 0x0000000653c00000, 0x0000000653c00000| Untracked 
| 336|0x0000000654000000, 0x0000000654000000, 0x0000000654400000|  0%| F|  |TAMS 0x0000000654000000, 0x0000000654000000| Untracked 
| 337|0x0000000654400000, 0x0000000654400000, 0x0000000654800000|  0%| F|  |TAMS 0x0000000654400000, 0x0000000654400000| Untracked 
| 338|0x0000000654800000, 0x0000000654800000, 0x0000000654c00000|  0%| F|  |TAMS 0x0000000654800000, 0x0000000654800000| Untracked 
| 339|0x0000000654c00000, 0x0000000654c00000, 0x0000000655000000|  0%| F|  |TAMS 0x0000000654c00000, 0x0000000654c00000| Untracked 
| 340|0x0000000655000000, 0x0000000655000000, 0x0000000655400000|  0%| F|  |TAMS 0x0000000655000000, 0x0000000655000000| Untracked 
| 341|0x0000000655400000, 0x0000000655400000, 0x0000000655800000|  0%| F|  |TAMS 0x0000000655400000, 0x0000000655400000| Untracked 
| 342|0x0000000655800000, 0x0000000655800000, 0x0000000655c00000|  0%| F|  |TAMS 0x0000000655800000, 0x0000000655800000| Untracked 
| 343|0x0000000655c00000, 0x0000000655c00000, 0x0000000656000000|  0%| F|  |TAMS 0x0000000655c00000, 0x0000000655c00000| Untracked 
| 344|0x0000000656000000, 0x0000000656000000, 0x0000000656400000|  0%| F|  |TAMS 0x0000000656000000, 0x0000000656000000| Untracked 
| 345|0x0000000656400000, 0x0000000656400000, 0x0000000656800000|  0%| F|  |TAMS 0x0000000656400000, 0x0000000656400000| Untracked 
| 346|0x0000000656800000, 0x0000000656800000, 0x0000000656c00000|  0%| F|  |TAMS 0x0000000656800000, 0x0000000656800000| Untracked 
| 347|0x0000000656c00000, 0x0000000656c00000, 0x0000000657000000|  0%| F|  |TAMS 0x0000000656c00000, 0x0000000656c00000| Untracked 
| 348|0x0000000657000000, 0x0000000657000000, 0x0000000657400000|  0%| F|  |TAMS 0x0000000657000000, 0x0000000657000000| Untracked 
| 349|0x0000000657400000, 0x0000000657400000, 0x0000000657800000|  0%| F|  |TAMS 0x0000000657400000, 0x0000000657400000| Untracked 
| 350|0x0000000657800000, 0x0000000657800000, 0x0000000657c00000|  0%| F|  |TAMS 0x0000000657800000, 0x0000000657800000| Untracked 
| 351|0x0000000657c00000, 0x0000000657c00000, 0x0000000658000000|  0%| F|  |TAMS 0x0000000657c00000, 0x0000000657c00000| Untracked 
| 352|0x0000000658000000, 0x0000000658000000, 0x0000000658400000|  0%| F|  |TAMS 0x0000000658000000, 0x0000000658000000| Untracked 
| 353|0x0000000658400000, 0x0000000658400000, 0x0000000658800000|  0%| F|  |TAMS 0x0000000658400000, 0x0000000658400000| Untracked 
| 354|0x0000000658800000, 0x0000000658800000, 0x0000000658c00000|  0%| F|  |TAMS 0x0000000658800000, 0x0000000658800000| Untracked 
| 355|0x0000000658c00000, 0x0000000658c00000, 0x0000000659000000|  0%| F|  |TAMS 0x0000000658c00000, 0x0000000658c00000| Untracked 
| 356|0x0000000659000000, 0x0000000659000000, 0x0000000659400000|  0%| F|  |TAMS 0x0000000659000000, 0x0000000659000000| Untracked 
| 357|0x0000000659400000, 0x0000000659400000, 0x0000000659800000|  0%| F|  |TAMS 0x0000000659400000, 0x0000000659400000| Untracked 
| 358|0x0000000659800000, 0x0000000659800000, 0x0000000659c00000|  0%| F|  |TAMS 0x0000000659800000, 0x0000000659800000| Untracked 
| 359|0x0000000659c00000, 0x0000000659c00000, 0x000000065a000000|  0%| F|  |TAMS 0x0000000659c00000, 0x0000000659c00000| Untracked 
| 360|0x000000065a000000, 0x000000065a000000, 0x000000065a400000|  0%| F|  |TAMS 0x000000065a000000, 0x000000065a000000| Untracked 
| 361|0x000000065a400000, 0x000000065a400000, 0x000000065a800000|  0%| F|  |TAMS 0x000000065a400000, 0x000000065a400000| Untracked 
| 362|0x000000065a800000, 0x000000065a800000, 0x000000065ac00000|  0%| F|  |TAMS 0x000000065a800000, 0x000000065a800000| Untracked 
| 363|0x000000065ac00000, 0x000000065ac00000, 0x000000065b000000|  0%| F|  |TAMS 0x000000065ac00000, 0x000000065ac00000| Untracked 
| 364|0x000000065b000000, 0x000000065b000000, 0x000000065b400000|  0%| F|  |TAMS 0x000000065b000000, 0x000000065b000000| Untracked 
| 365|0x000000065b400000, 0x000000065b400000, 0x000000065b800000|  0%| F|  |TAMS 0x000000065b400000, 0x000000065b400000| Untracked 
| 366|0x000000065b800000, 0x000000065b800000, 0x000000065bc00000|  0%| F|  |TAMS 0x000000065b800000, 0x000000065b800000| Untracked 
| 367|0x000000065bc00000, 0x000000065bc00000, 0x000000065c000000|  0%| F|  |TAMS 0x000000065bc00000, 0x000000065bc00000| Untracked 
| 368|0x000000065c000000, 0x000000065c000000, 0x000000065c400000|  0%| F|  |TAMS 0x000000065c000000, 0x000000065c000000| Untracked 
| 369|0x000000065c400000, 0x000000065c400000, 0x000000065c800000|  0%| F|  |TAMS 0x000000065c400000, 0x000000065c400000| Untracked 
| 370|0x000000065c800000, 0x000000065c800000, 0x000000065cc00000|  0%| F|  |TAMS 0x000000065c800000, 0x000000065c800000| Untracked 
| 371|0x000000065cc00000, 0x000000065cc00000, 0x000000065d000000|  0%| F|  |TAMS 0x000000065cc00000, 0x000000065cc00000| Untracked 
| 372|0x000000065d000000, 0x000000065d000000, 0x000000065d400000|  0%| F|  |TAMS 0x000000065d000000, 0x000000065d000000| Untracked 
| 373|0x000000065d400000, 0x000000065d400000, 0x000000065d800000|  0%| F|  |TAMS 0x000000065d400000, 0x000000065d400000| Untracked 
| 374|0x000000065d800000, 0x000000065d800000, 0x000000065dc00000|  0%| F|  |TAMS 0x000000065d800000, 0x000000065d800000| Untracked 
| 375|0x000000065dc00000, 0x000000065dc00000, 0x000000065e000000|  0%| F|  |TAMS 0x000000065dc00000, 0x000000065dc00000| Untracked 
| 376|0x000000065e000000, 0x000000065e000000, 0x000000065e400000|  0%| F|  |TAMS 0x000000065e000000, 0x000000065e000000| Untracked 
| 377|0x000000065e400000, 0x000000065e400000, 0x000000065e800000|  0%| F|  |TAMS 0x000000065e400000, 0x000000065e400000| Untracked 
| 378|0x000000065e800000, 0x000000065e800000, 0x000000065ec00000|  0%| F|  |TAMS 0x000000065e800000, 0x000000065e800000| Untracked 
| 379|0x000000065ec00000, 0x000000065ec00000, 0x000000065f000000|  0%| F|  |TAMS 0x000000065ec00000, 0x000000065ec00000| Untracked 
| 380|0x000000065f000000, 0x000000065f000000, 0x000000065f400000|  0%| F|  |TAMS 0x000000065f000000, 0x000000065f000000| Untracked 
| 381|0x000000065f400000, 0x000000065f400000, 0x000000065f800000|  0%| F|  |TAMS 0x000000065f400000, 0x000000065f400000| Untracked 
| 382|0x000000065f800000, 0x000000065f800000, 0x000000065fc00000|  0%| F|  |TAMS 0x000000065f800000, 0x000000065f800000| Untracked 
| 383|0x000000065fc00000, 0x000000065fc00000, 0x0000000660000000|  0%| F|  |TAMS 0x000000065fc00000, 0x000000065fc00000| Untracked 
| 384|0x0000000660000000, 0x0000000660000000, 0x0000000660400000|  0%| F|  |TAMS 0x0000000660000000, 0x0000000660000000| Untracked 
| 385|0x0000000660400000, 0x0000000660400000, 0x0000000660800000|  0%| F|  |TAMS 0x0000000660400000, 0x0000000660400000| Untracked 
| 386|0x0000000660800000, 0x0000000660800000, 0x0000000660c00000|  0%| F|  |TAMS 0x0000000660800000, 0x0000000660800000| Untracked 
| 387|0x0000000660c00000, 0x0000000660c00000, 0x0000000661000000|  0%| F|  |TAMS 0x0000000660c00000, 0x0000000660c00000| Untracked 
| 388|0x0000000661000000, 0x0000000661000000, 0x0000000661400000|  0%| F|  |TAMS 0x0000000661000000, 0x0000000661000000| Untracked 
| 389|0x0000000661400000, 0x0000000661400000, 0x0000000661800000|  0%| F|  |TAMS 0x0000000661400000, 0x0000000661400000| Untracked 
| 390|0x0000000661800000, 0x0000000661800000, 0x0000000661c00000|  0%| F|  |TAMS 0x0000000661800000, 0x0000000661800000| Untracked 
| 391|0x0000000661c00000, 0x0000000661c00000, 0x0000000662000000|  0%| F|  |TAMS 0x0000000661c00000, 0x0000000661c00000| Untracked 
| 392|0x0000000662000000, 0x0000000662000000, 0x0000000662400000|  0%| F|  |TAMS 0x0000000662000000, 0x0000000662000000| Untracked 
| 393|0x0000000662400000, 0x0000000662400000, 0x0000000662800000|  0%| F|  |TAMS 0x0000000662400000, 0x0000000662400000| Untracked 
| 394|0x0000000662800000, 0x0000000662800000, 0x0000000662c00000|  0%| F|  |TAMS 0x0000000662800000, 0x0000000662800000| Untracked 
| 395|0x0000000662c00000, 0x0000000662c00000, 0x0000000663000000|  0%| F|  |TAMS 0x0000000662c00000, 0x0000000662c00000| Untracked 
| 396|0x0000000663000000, 0x0000000663000000, 0x0000000663400000|  0%| F|  |TAMS 0x0000000663000000, 0x0000000663000000| Untracked 
| 397|0x0000000663400000, 0x0000000663400000, 0x0000000663800000|  0%| F|  |TAMS 0x0000000663400000, 0x0000000663400000| Untracked 
| 398|0x0000000663800000, 0x0000000663800000, 0x0000000663c00000|  0%| F|  |TAMS 0x0000000663800000, 0x0000000663800000| Untracked 
| 399|0x0000000663c00000, 0x0000000663c00000, 0x0000000664000000|  0%| F|  |TAMS 0x0000000663c00000, 0x0000000663c00000| Untracked 
| 400|0x0000000664000000, 0x0000000664000000, 0x0000000664400000|  0%| F|  |TAMS 0x0000000664000000, 0x0000000664000000| Untracked 
| 401|0x0000000664400000, 0x0000000664400000, 0x0000000664800000|  0%| F|  |TAMS 0x0000000664400000, 0x0000000664400000| Untracked 
| 402|0x0000000664800000, 0x0000000664800000, 0x0000000664c00000|  0%| F|  |TAMS 0x0000000664800000, 0x0000000664800000| Untracked 
| 403|0x0000000664c00000, 0x0000000664c00000, 0x0000000665000000|  0%| F|  |TAMS 0x0000000664c00000, 0x0000000664c00000| Untracked 
| 404|0x0000000665000000, 0x0000000665000000, 0x0000000665400000|  0%| F|  |TAMS 0x0000000665000000, 0x0000000665000000| Untracked 
| 405|0x0000000665400000, 0x0000000665400000, 0x0000000665800000|  0%| F|  |TAMS 0x0000000665400000, 0x0000000665400000| Untracked 
| 406|0x0000000665800000, 0x0000000665800000, 0x0000000665c00000|  0%| F|  |TAMS 0x0000000665800000, 0x0000000665800000| Untracked 
| 407|0x0000000665c00000, 0x0000000665c00000, 0x0000000666000000|  0%| F|  |TAMS 0x0000000665c00000, 0x0000000665c00000| Untracked 
| 408|0x0000000666000000, 0x0000000666000000, 0x0000000666400000|  0%| F|  |TAMS 0x0000000666000000, 0x0000000666000000| Untracked 
| 409|0x0000000666400000, 0x0000000666400000, 0x0000000666800000|  0%| F|  |TAMS 0x0000000666400000, 0x0000000666400000| Untracked 
| 410|0x0000000666800000, 0x0000000666800000, 0x0000000666c00000|  0%| F|  |TAMS 0x0000000666800000, 0x0000000666800000| Untracked 
| 411|0x0000000666c00000, 0x0000000666c00000, 0x0000000667000000|  0%| F|  |TAMS 0x0000000666c00000, 0x0000000666c00000| Untracked 
| 412|0x0000000667000000, 0x0000000667000000, 0x0000000667400000|  0%| F|  |TAMS 0x0000000667000000, 0x0000000667000000| Untracked 
| 413|0x0000000667400000, 0x0000000667400000, 0x0000000667800000|  0%| F|  |TAMS 0x0000000667400000, 0x0000000667400000| Untracked 
| 414|0x0000000667800000, 0x0000000667800000, 0x0000000667c00000|  0%| F|  |TAMS 0x0000000667800000, 0x0000000667800000| Untracked 
| 415|0x0000000667c00000, 0x0000000667c00000, 0x0000000668000000|  0%| F|  |TAMS 0x0000000667c00000, 0x0000000667c00000| Untracked 
| 416|0x0000000668000000, 0x0000000668000000, 0x0000000668400000|  0%| F|  |TAMS 0x0000000668000000, 0x0000000668000000| Untracked 
| 417|0x0000000668400000, 0x0000000668400000, 0x0000000668800000|  0%| F|  |TAMS 0x0000000668400000, 0x0000000668400000| Untracked 
| 418|0x0000000668800000, 0x0000000668800000, 0x0000000668c00000|  0%| F|  |TAMS 0x0000000668800000, 0x0000000668800000| Untracked 
| 419|0x0000000668c00000, 0x0000000668c00000, 0x0000000669000000|  0%| F|  |TAMS 0x0000000668c00000, 0x0000000668c00000| Untracked 
| 420|0x0000000669000000, 0x0000000669000000, 0x0000000669400000|  0%| F|  |TAMS 0x0000000669000000, 0x0000000669000000| Untracked 
| 421|0x0000000669400000, 0x0000000669400000, 0x0000000669800000|  0%| F|  |TAMS 0x0000000669400000, 0x0000000669400000| Untracked 
| 422|0x0000000669800000, 0x0000000669800000, 0x0000000669c00000|  0%| F|  |TAMS 0x0000000669800000, 0x0000000669800000| Untracked 
| 423|0x0000000669c00000, 0x0000000669c00000, 0x000000066a000000|  0%| F|  |TAMS 0x0000000669c00000, 0x0000000669c00000| Untracked 
| 424|0x000000066a000000, 0x000000066a000000, 0x000000066a400000|  0%| F|  |TAMS 0x000000066a000000, 0x000000066a000000| Untracked 
| 425|0x000000066a400000, 0x000000066a400000, 0x000000066a800000|  0%| F|  |TAMS 0x000000066a400000, 0x000000066a400000| Untracked 
| 426|0x000000066a800000, 0x000000066a800000, 0x000000066ac00000|  0%| F|  |TAMS 0x000000066a800000, 0x000000066a800000| Untracked 
| 427|0x000000066ac00000, 0x000000066ac00000, 0x000000066b000000|  0%| F|  |TAMS 0x000000066ac00000, 0x000000066ac00000| Untracked 
| 428|0x000000066b000000, 0x000000066b000000, 0x000000066b400000|  0%| F|  |TAMS 0x000000066b000000, 0x000000066b000000| Untracked 
| 429|0x000000066b400000, 0x000000066b400000, 0x000000066b800000|  0%| F|  |TAMS 0x000000066b400000, 0x000000066b400000| Untracked 
| 430|0x000000066b800000, 0x000000066b800000, 0x000000066bc00000|  0%| F|  |TAMS 0x000000066b800000, 0x000000066b800000| Untracked 
| 431|0x000000066bc00000, 0x000000066bc00000, 0x000000066c000000|  0%| F|  |TAMS 0x000000066bc00000, 0x000000066bc00000| Untracked 
| 432|0x000000066c000000, 0x000000066c000000, 0x000000066c400000|  0%| F|  |TAMS 0x000000066c000000, 0x000000066c000000| Untracked 
| 433|0x000000066c400000, 0x000000066c400000, 0x000000066c800000|  0%| F|  |TAMS 0x000000066c400000, 0x000000066c400000| Untracked 
| 434|0x000000066c800000, 0x000000066c800000, 0x000000066cc00000|  0%| F|  |TAMS 0x000000066c800000, 0x000000066c800000| Untracked 
| 435|0x000000066cc00000, 0x000000066cc00000, 0x000000066d000000|  0%| F|  |TAMS 0x000000066cc00000, 0x000000066cc00000| Untracked 
| 436|0x000000066d000000, 0x000000066d000000, 0x000000066d400000|  0%| F|  |TAMS 0x000000066d000000, 0x000000066d000000| Untracked 
| 437|0x000000066d400000, 0x000000066d400000, 0x000000066d800000|  0%| F|  |TAMS 0x000000066d400000, 0x000000066d400000| Untracked 
| 438|0x000000066d800000, 0x000000066d800000, 0x000000066dc00000|  0%| F|  |TAMS 0x000000066d800000, 0x000000066d800000| Untracked 
| 439|0x000000066dc00000, 0x000000066dc00000, 0x000000066e000000|  0%| F|  |TAMS 0x000000066dc00000, 0x000000066dc00000| Untracked 
| 440|0x000000066e000000, 0x000000066e000000, 0x000000066e400000|  0%| F|  |TAMS 0x000000066e000000, 0x000000066e000000| Untracked 
| 441|0x000000066e400000, 0x000000066e400000, 0x000000066e800000|  0%| F|  |TAMS 0x000000066e400000, 0x000000066e400000| Untracked 
| 442|0x000000066e800000, 0x000000066e800000, 0x000000066ec00000|  0%| F|  |TAMS 0x000000066e800000, 0x000000066e800000| Untracked 
| 443|0x000000066ec00000, 0x000000066ec00000, 0x000000066f000000|  0%| F|  |TAMS 0x000000066ec00000, 0x000000066ec00000| Untracked 
| 444|0x000000066f000000, 0x000000066f000000, 0x000000066f400000|  0%| F|  |TAMS 0x000000066f000000, 0x000000066f000000| Untracked 
| 445|0x000000066f400000, 0x000000066f400000, 0x000000066f800000|  0%| F|  |TAMS 0x000000066f400000, 0x000000066f400000| Untracked 
| 446|0x000000066f800000, 0x000000066f800000, 0x000000066fc00000|  0%| F|  |TAMS 0x000000066f800000, 0x000000066f800000| Untracked 
| 447|0x000000066fc00000, 0x000000066fc00000, 0x0000000670000000|  0%| F|  |TAMS 0x000000066fc00000, 0x000000066fc00000| Untracked 
| 448|0x0000000670000000, 0x0000000670000000, 0x0000000670400000|  0%| F|  |TAMS 0x0000000670000000, 0x0000000670000000| Untracked 
| 449|0x0000000670400000, 0x0000000670400000, 0x0000000670800000|  0%| F|  |TAMS 0x0000000670400000, 0x0000000670400000| Untracked 
| 450|0x0000000670800000, 0x0000000670800000, 0x0000000670c00000|  0%| F|  |TAMS 0x0000000670800000, 0x0000000670800000| Untracked 
| 451|0x0000000670c00000, 0x0000000670c00000, 0x0000000671000000|  0%| F|  |TAMS 0x0000000670c00000, 0x0000000670c00000| Untracked 
| 452|0x0000000671000000, 0x0000000671000000, 0x0000000671400000|  0%| F|  |TAMS 0x0000000671000000, 0x0000000671000000| Untracked 
| 453|0x0000000671400000, 0x0000000671400000, 0x0000000671800000|  0%| F|  |TAMS 0x0000000671400000, 0x0000000671400000| Untracked 
| 454|0x0000000671800000, 0x0000000671800000, 0x0000000671c00000|  0%| F|  |TAMS 0x0000000671800000, 0x0000000671800000| Untracked 
| 455|0x0000000671c00000, 0x0000000671c00000, 0x0000000672000000|  0%| F|  |TAMS 0x0000000671c00000, 0x0000000671c00000| Untracked 
| 456|0x0000000672000000, 0x0000000672000000, 0x0000000672400000|  0%| F|  |TAMS 0x0000000672000000, 0x0000000672000000| Untracked 
| 457|0x0000000672400000, 0x0000000672400000, 0x0000000672800000|  0%| F|  |TAMS 0x0000000672400000, 0x0000000672400000| Untracked 
| 458|0x0000000672800000, 0x0000000672800000, 0x0000000672c00000|  0%| F|  |TAMS 0x0000000672800000, 0x0000000672800000| Untracked 
| 459|0x0000000672c00000, 0x0000000672c00000, 0x0000000673000000|  0%| F|  |TAMS 0x0000000672c00000, 0x0000000672c00000| Untracked 
| 460|0x0000000673000000, 0x0000000673000000, 0x0000000673400000|  0%| F|  |TAMS 0x0000000673000000, 0x0000000673000000| Untracked 
| 461|0x0000000673400000, 0x0000000673400000, 0x0000000673800000|  0%| F|  |TAMS 0x0000000673400000, 0x0000000673400000| Untracked 
| 462|0x0000000673800000, 0x0000000673800000, 0x0000000673c00000|  0%| F|  |TAMS 0x0000000673800000, 0x0000000673800000| Untracked 
| 463|0x0000000673c00000, 0x0000000673c00000, 0x0000000674000000|  0%| F|  |TAMS 0x0000000673c00000, 0x0000000673c00000| Untracked 
| 464|0x0000000674000000, 0x0000000674000000, 0x0000000674400000|  0%| F|  |TAMS 0x0000000674000000, 0x0000000674000000| Untracked 
| 465|0x0000000674400000, 0x0000000674400000, 0x0000000674800000|  0%| F|  |TAMS 0x0000000674400000, 0x0000000674400000| Untracked 
| 466|0x0000000674800000, 0x0000000674800000, 0x0000000674c00000|  0%| F|  |TAMS 0x0000000674800000, 0x0000000674800000| Untracked 
| 467|0x0000000674c00000, 0x0000000674c00000, 0x0000000675000000|  0%| F|  |TAMS 0x0000000674c00000, 0x0000000674c00000| Untracked 
| 468|0x0000000675000000, 0x0000000675000000, 0x0000000675400000|  0%| F|  |TAMS 0x0000000675000000, 0x0000000675000000| Untracked 
| 469|0x0000000675400000, 0x0000000675400000, 0x0000000675800000|  0%| F|  |TAMS 0x0000000675400000, 0x0000000675400000| Untracked 
| 470|0x0000000675800000, 0x0000000675800000, 0x0000000675c00000|  0%| F|  |TAMS 0x0000000675800000, 0x0000000675800000| Untracked 
| 471|0x0000000675c00000, 0x0000000675c00000, 0x0000000676000000|  0%| F|  |TAMS 0x0000000675c00000, 0x0000000675c00000| Untracked 
| 472|0x0000000676000000, 0x0000000676000000, 0x0000000676400000|  0%| F|  |TAMS 0x0000000676000000, 0x0000000676000000| Untracked 
| 473|0x0000000676400000, 0x0000000676400000, 0x0000000676800000|  0%| F|  |TAMS 0x0000000676400000, 0x0000000676400000| Untracked 
| 474|0x0000000676800000, 0x0000000676800000, 0x0000000676c00000|  0%| F|  |TAMS 0x0000000676800000, 0x0000000676800000| Untracked 
| 475|0x0000000676c00000, 0x0000000676c00000, 0x0000000677000000|  0%| F|  |TAMS 0x0000000676c00000, 0x0000000676c00000| Untracked 
| 476|0x0000000677000000, 0x0000000677000000, 0x0000000677400000|  0%| F|  |TAMS 0x0000000677000000, 0x0000000677000000| Untracked 
| 477|0x0000000677400000, 0x0000000677400000, 0x0000000677800000|  0%| F|  |TAMS 0x0000000677400000, 0x0000000677400000| Untracked 
| 478|0x0000000677800000, 0x0000000677800000, 0x0000000677c00000|  0%| F|  |TAMS 0x0000000677800000, 0x0000000677800000| Untracked 
| 479|0x0000000677c00000, 0x0000000677c00000, 0x0000000678000000|  0%| F|  |TAMS 0x0000000677c00000, 0x0000000677c00000| Untracked 
| 480|0x0000000678000000, 0x0000000678000000, 0x0000000678400000|  0%| F|  |TAMS 0x0000000678000000, 0x0000000678000000| Untracked 
| 481|0x0000000678400000, 0x0000000678400000, 0x0000000678800000|  0%| F|  |TAMS 0x0000000678400000, 0x0000000678400000| Untracked 
| 482|0x0000000678800000, 0x0000000678800000, 0x0000000678c00000|  0%| F|  |TAMS 0x0000000678800000, 0x0000000678800000| Untracked 
| 483|0x0000000678c00000, 0x0000000678c00000, 0x0000000679000000|  0%| F|  |TAMS 0x0000000678c00000, 0x0000000678c00000| Untracked 
| 484|0x0000000679000000, 0x0000000679000000, 0x0000000679400000|  0%| F|  |TAMS 0x0000000679000000, 0x0000000679000000| Untracked 
| 485|0x0000000679400000, 0x0000000679400000, 0x0000000679800000|  0%| F|  |TAMS 0x0000000679400000, 0x0000000679400000| Untracked 
| 486|0x0000000679800000, 0x0000000679800000, 0x0000000679c00000|  0%| F|  |TAMS 0x0000000679800000, 0x0000000679800000| Untracked 
| 487|0x0000000679c00000, 0x0000000679c00000, 0x000000067a000000|  0%| F|  |TAMS 0x0000000679c00000, 0x0000000679c00000| Untracked 
| 488|0x000000067a000000, 0x000000067a000000, 0x000000067a400000|  0%| F|  |TAMS 0x000000067a000000, 0x000000067a000000| Untracked 
| 489|0x000000067a400000, 0x000000067a400000, 0x000000067a800000|  0%| F|  |TAMS 0x000000067a400000, 0x000000067a400000| Untracked 
| 490|0x000000067a800000, 0x000000067a800000, 0x000000067ac00000|  0%| F|  |TAMS 0x000000067a800000, 0x000000067a800000| Untracked 
| 491|0x000000067ac00000, 0x000000067ac00000, 0x000000067b000000|  0%| F|  |TAMS 0x000000067ac00000, 0x000000067ac00000| Untracked 
| 492|0x000000067b000000, 0x000000067b000000, 0x000000067b400000|  0%| F|  |TAMS 0x000000067b000000, 0x000000067b000000| Untracked 
| 493|0x000000067b400000, 0x000000067b400000, 0x000000067b800000|  0%| F|  |TAMS 0x000000067b400000, 0x000000067b400000| Untracked 
| 494|0x000000067b800000, 0x000000067b800000, 0x000000067bc00000|  0%| F|  |TAMS 0x000000067b800000, 0x000000067b800000| Untracked 
| 495|0x000000067bc00000, 0x000000067bc00000, 0x000000067c000000|  0%| F|  |TAMS 0x000000067bc00000, 0x000000067bc00000| Untracked 
| 496|0x000000067c000000, 0x000000067c000000, 0x000000067c400000|  0%| F|  |TAMS 0x000000067c000000, 0x000000067c000000| Untracked 
| 497|0x000000067c400000, 0x000000067c400000, 0x000000067c800000|  0%| F|  |TAMS 0x000000067c400000, 0x000000067c400000| Untracked 
| 498|0x000000067c800000, 0x000000067c800000, 0x000000067cc00000|  0%| F|  |TAMS 0x000000067c800000, 0x000000067c800000| Untracked 
| 499|0x000000067cc00000, 0x000000067cc00000, 0x000000067d000000|  0%| F|  |TAMS 0x000000067cc00000, 0x000000067cc00000| Untracked 
| 500|0x000000067d000000, 0x000000067d000000, 0x000000067d400000|  0%| F|  |TAMS 0x000000067d000000, 0x000000067d000000| Untracked 
| 501|0x000000067d400000, 0x000000067d400000, 0x000000067d800000|  0%| F|  |TAMS 0x000000067d400000, 0x000000067d400000| Untracked 
| 502|0x000000067d800000, 0x000000067d800000, 0x000000067dc00000|  0%| F|  |TAMS 0x000000067d800000, 0x000000067d800000| Untracked 
| 503|0x000000067dc00000, 0x000000067dc00000, 0x000000067e000000|  0%| F|  |TAMS 0x000000067dc00000, 0x000000067dc00000| Untracked 
| 504|0x000000067e000000, 0x000000067e000000, 0x000000067e400000|  0%| F|  |TAMS 0x000000067e000000, 0x000000067e000000| Untracked 
| 505|0x000000067e400000, 0x000000067e400000, 0x000000067e800000|  0%| F|  |TAMS 0x000000067e400000, 0x000000067e400000| Untracked 
| 506|0x000000067e800000, 0x000000067e800000, 0x000000067ec00000|  0%| F|  |TAMS 0x000000067e800000, 0x000000067e800000| Untracked 
| 507|0x000000067ec00000, 0x000000067ec00000, 0x000000067f000000|  0%| F|  |TAMS 0x000000067ec00000, 0x000000067ec00000| Untracked 
| 508|0x000000067f000000, 0x000000067f000000, 0x000000067f400000|  0%| F|  |TAMS 0x000000067f000000, 0x000000067f000000| Untracked 
| 509|0x000000067f400000, 0x000000067f400000, 0x000000067f800000|  0%| F|  |TAMS 0x000000067f400000, 0x000000067f400000| Untracked 
| 510|0x000000067f800000, 0x000000067f800000, 0x000000067fc00000|  0%| F|  |TAMS 0x000000067f800000, 0x000000067f800000| Untracked 
| 511|0x000000067fc00000, 0x000000067fc00000, 0x0000000680000000|  0%| F|  |TAMS 0x000000067fc00000, 0x000000067fc00000| Untracked 
| 512|0x0000000680000000, 0x0000000680000000, 0x0000000680400000|  0%| F|  |TAMS 0x0000000680000000, 0x0000000680000000| Untracked 
| 513|0x0000000680400000, 0x0000000680400000, 0x0000000680800000|  0%| F|  |TAMS 0x0000000680400000, 0x0000000680400000| Untracked 
| 514|0x0000000680800000, 0x0000000680800000, 0x0000000680c00000|  0%| F|  |TAMS 0x0000000680800000, 0x0000000680800000| Untracked 
| 515|0x0000000680c00000, 0x0000000680c00000, 0x0000000681000000|  0%| F|  |TAMS 0x0000000680c00000, 0x0000000680c00000| Untracked 
| 516|0x0000000681000000, 0x0000000681000000, 0x0000000681400000|  0%| F|  |TAMS 0x0000000681000000, 0x0000000681000000| Untracked 
| 517|0x0000000681400000, 0x0000000681400000, 0x0000000681800000|  0%| F|  |TAMS 0x0000000681400000, 0x0000000681400000| Untracked 
| 518|0x0000000681800000, 0x0000000681800000, 0x0000000681c00000|  0%| F|  |TAMS 0x0000000681800000, 0x0000000681800000| Untracked 
| 519|0x0000000681c00000, 0x0000000681c00000, 0x0000000682000000|  0%| F|  |TAMS 0x0000000681c00000, 0x0000000681c00000| Untracked 
| 520|0x0000000682000000, 0x0000000682000000, 0x0000000682400000|  0%| F|  |TAMS 0x0000000682000000, 0x0000000682000000| Untracked 
| 521|0x0000000682400000, 0x0000000682400000, 0x0000000682800000|  0%| F|  |TAMS 0x0000000682400000, 0x0000000682400000| Untracked 
| 522|0x0000000682800000, 0x0000000682800000, 0x0000000682c00000|  0%| F|  |TAMS 0x0000000682800000, 0x0000000682800000| Untracked 
| 523|0x0000000682c00000, 0x0000000682c00000, 0x0000000683000000|  0%| F|  |TAMS 0x0000000682c00000, 0x0000000682c00000| Untracked 
| 524|0x0000000683000000, 0x0000000683000000, 0x0000000683400000|  0%| F|  |TAMS 0x0000000683000000, 0x0000000683000000| Untracked 
| 525|0x0000000683400000, 0x0000000683400000, 0x0000000683800000|  0%| F|  |TAMS 0x0000000683400000, 0x0000000683400000| Untracked 
| 526|0x0000000683800000, 0x0000000683800000, 0x0000000683c00000|  0%| F|  |TAMS 0x0000000683800000, 0x0000000683800000| Untracked 
| 527|0x0000000683c00000, 0x0000000683c00000, 0x0000000684000000|  0%| F|  |TAMS 0x0000000683c00000, 0x0000000683c00000| Untracked 
| 528|0x0000000684000000, 0x0000000684000000, 0x0000000684400000|  0%| F|  |TAMS 0x0000000684000000, 0x0000000684000000| Untracked 
| 529|0x0000000684400000, 0x0000000684400000, 0x0000000684800000|  0%| F|  |TAMS 0x0000000684400000, 0x0000000684400000| Untracked 
| 530|0x0000000684800000, 0x0000000684800000, 0x0000000684c00000|  0%| F|  |TAMS 0x0000000684800000, 0x0000000684800000| Untracked 
| 531|0x0000000684c00000, 0x0000000684c00000, 0x0000000685000000|  0%| F|  |TAMS 0x0000000684c00000, 0x0000000684c00000| Untracked 
| 532|0x0000000685000000, 0x0000000685000000, 0x0000000685400000|  0%| F|  |TAMS 0x0000000685000000, 0x0000000685000000| Untracked 
| 533|0x0000000685400000, 0x0000000685400000, 0x0000000685800000|  0%| F|  |TAMS 0x0000000685400000, 0x0000000685400000| Untracked 
| 534|0x0000000685800000, 0x0000000685800000, 0x0000000685c00000|  0%| F|  |TAMS 0x0000000685800000, 0x0000000685800000| Untracked 
| 535|0x0000000685c00000, 0x0000000685c00000, 0x0000000686000000|  0%| F|  |TAMS 0x0000000685c00000, 0x0000000685c00000| Untracked 
| 536|0x0000000686000000, 0x0000000686000000, 0x0000000686400000|  0%| F|  |TAMS 0x0000000686000000, 0x0000000686000000| Untracked 
| 537|0x0000000686400000, 0x0000000686400000, 0x0000000686800000|  0%| F|  |TAMS 0x0000000686400000, 0x0000000686400000| Untracked 
| 538|0x0000000686800000, 0x0000000686800000, 0x0000000686c00000|  0%| F|  |TAMS 0x0000000686800000, 0x0000000686800000| Untracked 
| 539|0x0000000686c00000, 0x0000000686c00000, 0x0000000687000000|  0%| F|  |TAMS 0x0000000686c00000, 0x0000000686c00000| Untracked 
| 540|0x0000000687000000, 0x0000000687000000, 0x0000000687400000|  0%| F|  |TAMS 0x0000000687000000, 0x0000000687000000| Untracked 
| 541|0x0000000687400000, 0x0000000687400000, 0x0000000687800000|  0%| F|  |TAMS 0x0000000687400000, 0x0000000687400000| Untracked 
| 542|0x0000000687800000, 0x0000000687800000, 0x0000000687c00000|  0%| F|  |TAMS 0x0000000687800000, 0x0000000687800000| Untracked 
| 543|0x0000000687c00000, 0x0000000687c00000, 0x0000000688000000|  0%| F|  |TAMS 0x0000000687c00000, 0x0000000687c00000| Untracked 
| 544|0x0000000688000000, 0x0000000688000000, 0x0000000688400000|  0%| F|  |TAMS 0x0000000688000000, 0x0000000688000000| Untracked 
| 545|0x0000000688400000, 0x0000000688400000, 0x0000000688800000|  0%| F|  |TAMS 0x0000000688400000, 0x0000000688400000| Untracked 
| 546|0x0000000688800000, 0x0000000688800000, 0x0000000688c00000|  0%| F|  |TAMS 0x0000000688800000, 0x0000000688800000| Untracked 
| 547|0x0000000688c00000, 0x0000000688c00000, 0x0000000689000000|  0%| F|  |TAMS 0x0000000688c00000, 0x0000000688c00000| Untracked 
| 548|0x0000000689000000, 0x0000000689000000, 0x0000000689400000|  0%| F|  |TAMS 0x0000000689000000, 0x0000000689000000| Untracked 
| 549|0x0000000689400000, 0x0000000689400000, 0x0000000689800000|  0%| F|  |TAMS 0x0000000689400000, 0x0000000689400000| Untracked 
| 550|0x0000000689800000, 0x0000000689800000, 0x0000000689c00000|  0%| F|  |TAMS 0x0000000689800000, 0x0000000689800000| Untracked 
| 551|0x0000000689c00000, 0x0000000689c00000, 0x000000068a000000|  0%| F|  |TAMS 0x0000000689c00000, 0x0000000689c00000| Untracked 
| 552|0x000000068a000000, 0x000000068a000000, 0x000000068a400000|  0%| F|  |TAMS 0x000000068a000000, 0x000000068a000000| Untracked 
| 553|0x000000068a400000, 0x000000068a400000, 0x000000068a800000|  0%| F|  |TAMS 0x000000068a400000, 0x000000068a400000| Untracked 
| 554|0x000000068a800000, 0x000000068a800000, 0x000000068ac00000|  0%| F|  |TAMS 0x000000068a800000, 0x000000068a800000| Untracked 
| 555|0x000000068ac00000, 0x000000068ac00000, 0x000000068b000000|  0%| F|  |TAMS 0x000000068ac00000, 0x000000068ac00000| Untracked 
| 556|0x000000068b000000, 0x000000068b000000, 0x000000068b400000|  0%| F|  |TAMS 0x000000068b000000, 0x000000068b000000| Untracked 
| 557|0x000000068b400000, 0x000000068b400000, 0x000000068b800000|  0%| F|  |TAMS 0x000000068b400000, 0x000000068b400000| Untracked 
| 558|0x000000068b800000, 0x000000068b800000, 0x000000068bc00000|  0%| F|  |TAMS 0x000000068b800000, 0x000000068b800000| Untracked 
| 559|0x000000068bc00000, 0x000000068bc00000, 0x000000068c000000|  0%| F|  |TAMS 0x000000068bc00000, 0x000000068bc00000| Untracked 
| 560|0x000000068c000000, 0x000000068c000000, 0x000000068c400000|  0%| F|  |TAMS 0x000000068c000000, 0x000000068c000000| Untracked 
| 561|0x000000068c400000, 0x000000068c400000, 0x000000068c800000|  0%| F|  |TAMS 0x000000068c400000, 0x000000068c400000| Untracked 
| 562|0x000000068c800000, 0x000000068c800000, 0x000000068cc00000|  0%| F|  |TAMS 0x000000068c800000, 0x000000068c800000| Untracked 
| 563|0x000000068cc00000, 0x000000068cc00000, 0x000000068d000000|  0%| F|  |TAMS 0x000000068cc00000, 0x000000068cc00000| Untracked 
| 564|0x000000068d000000, 0x000000068d000000, 0x000000068d400000|  0%| F|  |TAMS 0x000000068d000000, 0x000000068d000000| Untracked 
| 565|0x000000068d400000, 0x000000068d400000, 0x000000068d800000|  0%| F|  |TAMS 0x000000068d400000, 0x000000068d400000| Untracked 
| 566|0x000000068d800000, 0x000000068d800000, 0x000000068dc00000|  0%| F|  |TAMS 0x000000068d800000, 0x000000068d800000| Untracked 
| 567|0x000000068dc00000, 0x000000068dc00000, 0x000000068e000000|  0%| F|  |TAMS 0x000000068dc00000, 0x000000068dc00000| Untracked 
| 568|0x000000068e000000, 0x000000068e000000, 0x000000068e400000|  0%| F|  |TAMS 0x000000068e000000, 0x000000068e000000| Untracked 
| 569|0x000000068e400000, 0x000000068e400000, 0x000000068e800000|  0%| F|  |TAMS 0x000000068e400000, 0x000000068e400000| Untracked 
| 570|0x000000068e800000, 0x000000068e800000, 0x000000068ec00000|  0%| F|  |TAMS 0x000000068e800000, 0x000000068e800000| Untracked 
| 571|0x000000068ec00000, 0x000000068ec00000, 0x000000068f000000|  0%| F|  |TAMS 0x000000068ec00000, 0x000000068ec00000| Untracked 
| 572|0x000000068f000000, 0x000000068f000000, 0x000000068f400000|  0%| F|  |TAMS 0x000000068f000000, 0x000000068f000000| Untracked 
| 573|0x000000068f400000, 0x000000068f400000, 0x000000068f800000|  0%| F|  |TAMS 0x000000068f400000, 0x000000068f400000| Untracked 
| 574|0x000000068f800000, 0x000000068f800000, 0x000000068fc00000|  0%| F|  |TAMS 0x000000068f800000, 0x000000068f800000| Untracked 
| 575|0x000000068fc00000, 0x000000068fc00000, 0x0000000690000000|  0%| F|  |TAMS 0x000000068fc00000, 0x000000068fc00000| Untracked 
| 576|0x0000000690000000, 0x0000000690000000, 0x0000000690400000|  0%| F|  |TAMS 0x0000000690000000, 0x0000000690000000| Untracked 
| 577|0x0000000690400000, 0x0000000690400000, 0x0000000690800000|  0%| F|  |TAMS 0x0000000690400000, 0x0000000690400000| Untracked 
| 578|0x0000000690800000, 0x0000000690800000, 0x0000000690c00000|  0%| F|  |TAMS 0x0000000690800000, 0x0000000690800000| Untracked 
| 579|0x0000000690c00000, 0x0000000690c00000, 0x0000000691000000|  0%| F|  |TAMS 0x0000000690c00000, 0x0000000690c00000| Untracked 
| 580|0x0000000691000000, 0x0000000691000000, 0x0000000691400000|  0%| F|  |TAMS 0x0000000691000000, 0x0000000691000000| Untracked 
| 581|0x0000000691400000, 0x0000000691400000, 0x0000000691800000|  0%| F|  |TAMS 0x0000000691400000, 0x0000000691400000| Untracked 
| 582|0x0000000691800000, 0x0000000691800000, 0x0000000691c00000|  0%| F|  |TAMS 0x0000000691800000, 0x0000000691800000| Untracked 
| 583|0x0000000691c00000, 0x0000000691c00000, 0x0000000692000000|  0%| F|  |TAMS 0x0000000691c00000, 0x0000000691c00000| Untracked 
| 584|0x0000000692000000, 0x0000000692000000, 0x0000000692400000|  0%| F|  |TAMS 0x0000000692000000, 0x0000000692000000| Untracked 
| 585|0x0000000692400000, 0x0000000692400000, 0x0000000692800000|  0%| F|  |TAMS 0x0000000692400000, 0x0000000692400000| Untracked 
| 586|0x0000000692800000, 0x0000000692800000, 0x0000000692c00000|  0%| F|  |TAMS 0x0000000692800000, 0x0000000692800000| Untracked 
| 587|0x0000000692c00000, 0x0000000692c00000, 0x0000000693000000|  0%| F|  |TAMS 0x0000000692c00000, 0x0000000692c00000| Untracked 
| 588|0x0000000693000000, 0x0000000693000000, 0x0000000693400000|  0%| F|  |TAMS 0x0000000693000000, 0x0000000693000000| Untracked 
| 589|0x0000000693400000, 0x0000000693400000, 0x0000000693800000|  0%| F|  |TAMS 0x0000000693400000, 0x0000000693400000| Untracked 
| 590|0x0000000693800000, 0x0000000693800000, 0x0000000693c00000|  0%| F|  |TAMS 0x0000000693800000, 0x0000000693800000| Untracked 
| 591|0x0000000693c00000, 0x0000000693c00000, 0x0000000694000000|  0%| F|  |TAMS 0x0000000693c00000, 0x0000000693c00000| Untracked 
| 592|0x0000000694000000, 0x0000000694000000, 0x0000000694400000|  0%| F|  |TAMS 0x0000000694000000, 0x0000000694000000| Untracked 
| 593|0x0000000694400000, 0x0000000694400000, 0x0000000694800000|  0%| F|  |TAMS 0x0000000694400000, 0x0000000694400000| Untracked 
| 594|0x0000000694800000, 0x0000000694800000, 0x0000000694c00000|  0%| F|  |TAMS 0x0000000694800000, 0x0000000694800000| Untracked 
| 595|0x0000000694c00000, 0x0000000694c00000, 0x0000000695000000|  0%| F|  |TAMS 0x0000000694c00000, 0x0000000694c00000| Untracked 
| 596|0x0000000695000000, 0x0000000695000000, 0x0000000695400000|  0%| F|  |TAMS 0x0000000695000000, 0x0000000695000000| Untracked 
| 597|0x0000000695400000, 0x0000000695400000, 0x0000000695800000|  0%| F|  |TAMS 0x0000000695400000, 0x0000000695400000| Untracked 
| 598|0x0000000695800000, 0x0000000695800000, 0x0000000695c00000|  0%| F|  |TAMS 0x0000000695800000, 0x0000000695800000| Untracked 
| 599|0x0000000695c00000, 0x0000000695c00000, 0x0000000696000000|  0%| F|  |TAMS 0x0000000695c00000, 0x0000000695c00000| Untracked 
| 600|0x0000000696000000, 0x0000000696000000, 0x0000000696400000|  0%| F|  |TAMS 0x0000000696000000, 0x0000000696000000| Untracked 
| 601|0x0000000696400000, 0x0000000696400000, 0x0000000696800000|  0%| F|  |TAMS 0x0000000696400000, 0x0000000696400000| Untracked 
| 602|0x0000000696800000, 0x0000000696800000, 0x0000000696c00000|  0%| F|  |TAMS 0x0000000696800000, 0x0000000696800000| Untracked 
| 603|0x0000000696c00000, 0x0000000696c00000, 0x0000000697000000|  0%| F|  |TAMS 0x0000000696c00000, 0x0000000696c00000| Untracked 
| 604|0x0000000697000000, 0x0000000697000000, 0x0000000697400000|  0%| F|  |TAMS 0x0000000697000000, 0x0000000697000000| Untracked 
| 605|0x0000000697400000, 0x0000000697400000, 0x0000000697800000|  0%| F|  |TAMS 0x0000000697400000, 0x0000000697400000| Untracked 
| 606|0x0000000697800000, 0x0000000697800000, 0x0000000697c00000|  0%| F|  |TAMS 0x0000000697800000, 0x0000000697800000| Untracked 
| 607|0x0000000697c00000, 0x0000000697c00000, 0x0000000698000000|  0%| F|  |TAMS 0x0000000697c00000, 0x0000000697c00000| Untracked 
| 608|0x0000000698000000, 0x0000000698000000, 0x0000000698400000|  0%| F|  |TAMS 0x0000000698000000, 0x0000000698000000| Untracked 
| 609|0x0000000698400000, 0x0000000698400000, 0x0000000698800000|  0%| F|  |TAMS 0x0000000698400000, 0x0000000698400000| Untracked 
| 610|0x0000000698800000, 0x0000000698800000, 0x0000000698c00000|  0%| F|  |TAMS 0x0000000698800000, 0x0000000698800000| Untracked 
| 611|0x0000000698c00000, 0x0000000698c00000, 0x0000000699000000|  0%| F|  |TAMS 0x0000000698c00000, 0x0000000698c00000| Untracked 
| 612|0x0000000699000000, 0x0000000699000000, 0x0000000699400000|  0%| F|  |TAMS 0x0000000699000000, 0x0000000699000000| Untracked 
| 613|0x0000000699400000, 0x0000000699400000, 0x0000000699800000|  0%| F|  |TAMS 0x0000000699400000, 0x0000000699400000| Untracked 
| 614|0x0000000699800000, 0x0000000699800000, 0x0000000699c00000|  0%| F|  |TAMS 0x0000000699800000, 0x0000000699800000| Untracked 
| 615|0x0000000699c00000, 0x0000000699c00000, 0x000000069a000000|  0%| F|  |TAMS 0x0000000699c00000, 0x0000000699c00000| Untracked 
| 616|0x000000069a000000, 0x000000069a000000, 0x000000069a400000|  0%| F|  |TAMS 0x000000069a000000, 0x000000069a000000| Untracked 
| 617|0x000000069a400000, 0x000000069a400000, 0x000000069a800000|  0%| F|  |TAMS 0x000000069a400000, 0x000000069a400000| Untracked 
| 618|0x000000069a800000, 0x000000069a800000, 0x000000069ac00000|  0%| F|  |TAMS 0x000000069a800000, 0x000000069a800000| Untracked 
| 619|0x000000069ac00000, 0x000000069ac00000, 0x000000069b000000|  0%| F|  |TAMS 0x000000069ac00000, 0x000000069ac00000| Untracked 
| 620|0x000000069b000000, 0x000000069b000000, 0x000000069b400000|  0%| F|  |TAMS 0x000000069b000000, 0x000000069b000000| Untracked 
| 621|0x000000069b400000, 0x000000069b400000, 0x000000069b800000|  0%| F|  |TAMS 0x000000069b400000, 0x000000069b400000| Untracked 
| 622|0x000000069b800000, 0x000000069b800000, 0x000000069bc00000|  0%| F|  |TAMS 0x000000069b800000, 0x000000069b800000| Untracked 
| 623|0x000000069bc00000, 0x000000069bc00000, 0x000000069c000000|  0%| F|  |TAMS 0x000000069bc00000, 0x000000069bc00000| Untracked 
| 624|0x000000069c000000, 0x000000069c000000, 0x000000069c400000|  0%| F|  |TAMS 0x000000069c000000, 0x000000069c000000| Untracked 
| 625|0x000000069c400000, 0x000000069c400000, 0x000000069c800000|  0%| F|  |TAMS 0x000000069c400000, 0x000000069c400000| Untracked 
| 626|0x000000069c800000, 0x000000069c800000, 0x000000069cc00000|  0%| F|  |TAMS 0x000000069c800000, 0x000000069c800000| Untracked 
| 627|0x000000069cc00000, 0x000000069cc00000, 0x000000069d000000|  0%| F|  |TAMS 0x000000069cc00000, 0x000000069cc00000| Untracked 
| 628|0x000000069d000000, 0x000000069d000000, 0x000000069d400000|  0%| F|  |TAMS 0x000000069d000000, 0x000000069d000000| Untracked 
| 629|0x000000069d400000, 0x000000069d400000, 0x000000069d800000|  0%| F|  |TAMS 0x000000069d400000, 0x000000069d400000| Untracked 
| 630|0x000000069d800000, 0x000000069d800000, 0x000000069dc00000|  0%| F|  |TAMS 0x000000069d800000, 0x000000069d800000| Untracked 
| 631|0x000000069dc00000, 0x000000069dc00000, 0x000000069e000000|  0%| F|  |TAMS 0x000000069dc00000, 0x000000069dc00000| Untracked 
| 632|0x000000069e000000, 0x000000069e000000, 0x000000069e400000|  0%| F|  |TAMS 0x000000069e000000, 0x000000069e000000| Untracked 
| 633|0x000000069e400000, 0x000000069e400000, 0x000000069e800000|  0%| F|  |TAMS 0x000000069e400000, 0x000000069e400000| Untracked 
| 634|0x000000069e800000, 0x000000069e800000, 0x000000069ec00000|  0%| F|  |TAMS 0x000000069e800000, 0x000000069e800000| Untracked 
| 635|0x000000069ec00000, 0x000000069ec00000, 0x000000069f000000|  0%| F|  |TAMS 0x000000069ec00000, 0x000000069ec00000| Untracked 
| 636|0x000000069f000000, 0x000000069f000000, 0x000000069f400000|  0%| F|  |TAMS 0x000000069f000000, 0x000000069f000000| Untracked 
| 637|0x000000069f400000, 0x000000069f400000, 0x000000069f800000|  0%| F|  |TAMS 0x000000069f400000, 0x000000069f400000| Untracked 
| 638|0x000000069f800000, 0x000000069f800000, 0x000000069fc00000|  0%| F|  |TAMS 0x000000069f800000, 0x000000069f800000| Untracked 
| 639|0x000000069fc00000, 0x000000069fc00000, 0x00000006a0000000|  0%| F|  |TAMS 0x000000069fc00000, 0x000000069fc00000| Untracked 
| 640|0x00000006a0000000, 0x00000006a0000000, 0x00000006a0400000|  0%| F|  |TAMS 0x00000006a0000000, 0x00000006a0000000| Untracked 
| 641|0x00000006a0400000, 0x00000006a0400000, 0x00000006a0800000|  0%| F|  |TAMS 0x00000006a0400000, 0x00000006a0400000| Untracked 
| 642|0x00000006a0800000, 0x00000006a0800000, 0x00000006a0c00000|  0%| F|  |TAMS 0x00000006a0800000, 0x00000006a0800000| Untracked 
| 643|0x00000006a0c00000, 0x00000006a0c00000, 0x00000006a1000000|  0%| F|  |TAMS 0x00000006a0c00000, 0x00000006a0c00000| Untracked 
| 644|0x00000006a1000000, 0x00000006a1000000, 0x00000006a1400000|  0%| F|  |TAMS 0x00000006a1000000, 0x00000006a1000000| Untracked 
| 645|0x00000006a1400000, 0x00000006a1400000, 0x00000006a1800000|  0%| F|  |TAMS 0x00000006a1400000, 0x00000006a1400000| Untracked 
| 646|0x00000006a1800000, 0x00000006a1800000, 0x00000006a1c00000|  0%| F|  |TAMS 0x00000006a1800000, 0x00000006a1800000| Untracked 
| 647|0x00000006a1c00000, 0x00000006a1c00000, 0x00000006a2000000|  0%| F|  |TAMS 0x00000006a1c00000, 0x00000006a1c00000| Untracked 
| 648|0x00000006a2000000, 0x00000006a2000000, 0x00000006a2400000|  0%| F|  |TAMS 0x00000006a2000000, 0x00000006a2000000| Untracked 
| 649|0x00000006a2400000, 0x00000006a2400000, 0x00000006a2800000|  0%| F|  |TAMS 0x00000006a2400000, 0x00000006a2400000| Untracked 
| 650|0x00000006a2800000, 0x00000006a2800000, 0x00000006a2c00000|  0%| F|  |TAMS 0x00000006a2800000, 0x00000006a2800000| Untracked 
| 651|0x00000006a2c00000, 0x00000006a2c00000, 0x00000006a3000000|  0%| F|  |TAMS 0x00000006a2c00000, 0x00000006a2c00000| Untracked 
| 652|0x00000006a3000000, 0x00000006a3000000, 0x00000006a3400000|  0%| F|  |TAMS 0x00000006a3000000, 0x00000006a3000000| Untracked 
| 653|0x00000006a3400000, 0x00000006a3400000, 0x00000006a3800000|  0%| F|  |TAMS 0x00000006a3400000, 0x00000006a3400000| Untracked 
| 654|0x00000006a3800000, 0x00000006a3800000, 0x00000006a3c00000|  0%| F|  |TAMS 0x00000006a3800000, 0x00000006a3800000| Untracked 
| 655|0x00000006a3c00000, 0x00000006a3c00000, 0x00000006a4000000|  0%| F|  |TAMS 0x00000006a3c00000, 0x00000006a3c00000| Untracked 
| 656|0x00000006a4000000, 0x00000006a4000000, 0x00000006a4400000|  0%| F|  |TAMS 0x00000006a4000000, 0x00000006a4000000| Untracked 
| 657|0x00000006a4400000, 0x00000006a4400000, 0x00000006a4800000|  0%| F|  |TAMS 0x00000006a4400000, 0x00000006a4400000| Untracked 
| 658|0x00000006a4800000, 0x00000006a4800000, 0x00000006a4c00000|  0%| F|  |TAMS 0x00000006a4800000, 0x00000006a4800000| Untracked 
| 659|0x00000006a4c00000, 0x00000006a4c00000, 0x00000006a5000000|  0%| F|  |TAMS 0x00000006a4c00000, 0x00000006a4c00000| Untracked 
| 660|0x00000006a5000000, 0x00000006a5000000, 0x00000006a5400000|  0%| F|  |TAMS 0x00000006a5000000, 0x00000006a5000000| Untracked 
| 661|0x00000006a5400000, 0x00000006a5400000, 0x00000006a5800000|  0%| F|  |TAMS 0x00000006a5400000, 0x00000006a5400000| Untracked 
| 662|0x00000006a5800000, 0x00000006a5800000, 0x00000006a5c00000|  0%| F|  |TAMS 0x00000006a5800000, 0x00000006a5800000| Untracked 
| 663|0x00000006a5c00000, 0x00000006a5c00000, 0x00000006a6000000|  0%| F|  |TAMS 0x00000006a5c00000, 0x00000006a5c00000| Untracked 
| 664|0x00000006a6000000, 0x00000006a6000000, 0x00000006a6400000|  0%| F|  |TAMS 0x00000006a6000000, 0x00000006a6000000| Untracked 
| 665|0x00000006a6400000, 0x00000006a6400000, 0x00000006a6800000|  0%| F|  |TAMS 0x00000006a6400000, 0x00000006a6400000| Untracked 
| 666|0x00000006a6800000, 0x00000006a6800000, 0x00000006a6c00000|  0%| F|  |TAMS 0x00000006a6800000, 0x00000006a6800000| Untracked 
| 667|0x00000006a6c00000, 0x00000006a6c00000, 0x00000006a7000000|  0%| F|  |TAMS 0x00000006a6c00000, 0x00000006a6c00000| Untracked 
| 668|0x00000006a7000000, 0x00000006a7000000, 0x00000006a7400000|  0%| F|  |TAMS 0x00000006a7000000, 0x00000006a7000000| Untracked 
| 669|0x00000006a7400000, 0x00000006a7400000, 0x00000006a7800000|  0%| F|  |TAMS 0x00000006a7400000, 0x00000006a7400000| Untracked 
| 670|0x00000006a7800000, 0x00000006a7800000, 0x00000006a7c00000|  0%| F|  |TAMS 0x00000006a7800000, 0x00000006a7800000| Untracked 
| 671|0x00000006a7c00000, 0x00000006a7c00000, 0x00000006a8000000|  0%| F|  |TAMS 0x00000006a7c00000, 0x00000006a7c00000| Untracked 
| 672|0x00000006a8000000, 0x00000006a8000000, 0x00000006a8400000|  0%| F|  |TAMS 0x00000006a8000000, 0x00000006a8000000| Untracked 
| 673|0x00000006a8400000, 0x00000006a8400000, 0x00000006a8800000|  0%| F|  |TAMS 0x00000006a8400000, 0x00000006a8400000| Untracked 
| 674|0x00000006a8800000, 0x00000006a8800000, 0x00000006a8c00000|  0%| F|  |TAMS 0x00000006a8800000, 0x00000006a8800000| Untracked 
| 675|0x00000006a8c00000, 0x00000006a8c00000, 0x00000006a9000000|  0%| F|  |TAMS 0x00000006a8c00000, 0x00000006a8c00000| Untracked 
| 676|0x00000006a9000000, 0x00000006a9000000, 0x00000006a9400000|  0%| F|  |TAMS 0x00000006a9000000, 0x00000006a9000000| Untracked 
| 677|0x00000006a9400000, 0x00000006a96b51f8, 0x00000006a9800000| 67%| S|CS|TAMS 0x00000006a9400000, 0x00000006a9400000| Complete 
| 678|0x00000006a9800000, 0x00000006a9c00000, 0x00000006a9c00000|100%| S|CS|TAMS 0x00000006a9800000, 0x00000006a9800000| Complete 
| 679|0x00000006a9c00000, 0x00000006aa000000, 0x00000006aa000000|100%| S|CS|TAMS 0x00000006a9c00000, 0x00000006a9c00000| Complete 
| 680|0x00000006aa000000, 0x00000006aa400000, 0x00000006aa400000|100%| S|CS|TAMS 0x00000006aa000000, 0x00000006aa000000| Complete 
| 681|0x00000006aa400000, 0x00000006aa800000, 0x00000006aa800000|100%| S|CS|TAMS 0x00000006aa400000, 0x00000006aa400000| Complete 
| 682|0x00000006aa800000, 0x00000006aac00000, 0x00000006aac00000|100%| S|CS|TAMS 0x00000006aa800000, 0x00000006aa800000| Complete 
| 683|0x00000006aac00000, 0x00000006ab000000, 0x00000006ab000000|100%| S|CS|TAMS 0x00000006aac00000, 0x00000006aac00000| Complete 
| 684|0x00000006ab000000, 0x00000006ab400000, 0x00000006ab400000|100%| S|CS|TAMS 0x00000006ab000000, 0x00000006ab000000| Complete 
| 685|0x00000006ab400000, 0x00000006ab400000, 0x00000006ab800000|  0%| F|  |TAMS 0x00000006ab400000, 0x00000006ab400000| Untracked 
| 686|0x00000006ab800000, 0x00000006ab800000, 0x00000006abc00000|  0%| F|  |TAMS 0x00000006ab800000, 0x00000006ab800000| Untracked 
| 687|0x00000006abc00000, 0x00000006abc00000, 0x00000006ac000000|  0%| F|  |TAMS 0x00000006abc00000, 0x00000006abc00000| Untracked 
| 688|0x00000006ac000000, 0x00000006ac000000, 0x00000006ac400000|  0%| F|  |TAMS 0x00000006ac000000, 0x00000006ac000000| Untracked 
| 689|0x00000006ac400000, 0x00000006ac400000, 0x00000006ac800000|  0%| F|  |TAMS 0x00000006ac400000, 0x00000006ac400000| Untracked 
| 690|0x00000006ac800000, 0x00000006ac800000, 0x00000006acc00000|  0%| F|  |TAMS 0x00000006ac800000, 0x00000006ac800000| Untracked 
| 691|0x00000006acc00000, 0x00000006acc00000, 0x00000006ad000000|  0%| F|  |TAMS 0x00000006acc00000, 0x00000006acc00000| Untracked 
| 692|0x00000006ad000000, 0x00000006ad000000, 0x00000006ad400000|  0%| F|  |TAMS 0x00000006ad000000, 0x00000006ad000000| Untracked 
| 693|0x00000006ad400000, 0x00000006ad400000, 0x00000006ad800000|  0%| F|  |TAMS 0x00000006ad400000, 0x00000006ad400000| Untracked 
| 694|0x00000006ad800000, 0x00000006ad800000, 0x00000006adc00000|  0%| F|  |TAMS 0x00000006ad800000, 0x00000006ad800000| Untracked 
| 695|0x00000006adc00000, 0x00000006adc00000, 0x00000006ae000000|  0%| F|  |TAMS 0x00000006adc00000, 0x00000006adc00000| Untracked 
| 696|0x00000006ae000000, 0x00000006ae000000, 0x00000006ae400000|  0%| F|  |TAMS 0x00000006ae000000, 0x00000006ae000000| Untracked 
| 697|0x00000006ae400000, 0x00000006ae400000, 0x00000006ae800000|  0%| F|  |TAMS 0x00000006ae400000, 0x00000006ae400000| Untracked 
| 698|0x00000006ae800000, 0x00000006ae800000, 0x00000006aec00000|  0%| F|  |TAMS 0x00000006ae800000, 0x00000006ae800000| Untracked 
| 699|0x00000006aec00000, 0x00000006aec00000, 0x00000006af000000|  0%| F|  |TAMS 0x00000006aec00000, 0x00000006aec00000| Untracked 
| 700|0x00000006af000000, 0x00000006af000000, 0x00000006af400000|  0%| F|  |TAMS 0x00000006af000000, 0x00000006af000000| Untracked 
| 701|0x00000006af400000, 0x00000006af400000, 0x00000006af800000|  0%| F|  |TAMS 0x00000006af400000, 0x00000006af400000| Untracked 
| 702|0x00000006af800000, 0x00000006af800000, 0x00000006afc00000|  0%| F|  |TAMS 0x00000006af800000, 0x00000006af800000| Untracked 
| 703|0x00000006afc00000, 0x00000006afc00000, 0x00000006b0000000|  0%| F|  |TAMS 0x00000006afc00000, 0x00000006afc00000| Untracked 
| 704|0x00000006b0000000, 0x00000006b0000000, 0x00000006b0400000|  0%| F|  |TAMS 0x00000006b0000000, 0x00000006b0000000| Untracked 
| 705|0x00000006b0400000, 0x00000006b0400000, 0x00000006b0800000|  0%| F|  |TAMS 0x00000006b0400000, 0x00000006b0400000| Untracked 
| 706|0x00000006b0800000, 0x00000006b0800000, 0x00000006b0c00000|  0%| F|  |TAMS 0x00000006b0800000, 0x00000006b0800000| Untracked 
| 707|0x00000006b0c00000, 0x00000006b0c00000, 0x00000006b1000000|  0%| F|  |TAMS 0x00000006b0c00000, 0x00000006b0c00000| Untracked 
| 708|0x00000006b1000000, 0x00000006b1000000, 0x00000006b1400000|  0%| F|  |TAMS 0x00000006b1000000, 0x00000006b1000000| Untracked 
| 709|0x00000006b1400000, 0x00000006b1400000, 0x00000006b1800000|  0%| F|  |TAMS 0x00000006b1400000, 0x00000006b1400000| Untracked 
| 710|0x00000006b1800000, 0x00000006b1800000, 0x00000006b1c00000|  0%| F|  |TAMS 0x00000006b1800000, 0x00000006b1800000| Untracked 
| 711|0x00000006b1c00000, 0x00000006b1c00000, 0x00000006b2000000|  0%| F|  |TAMS 0x00000006b1c00000, 0x00000006b1c00000| Untracked 
| 712|0x00000006b2000000, 0x00000006b2000000, 0x00000006b2400000|  0%| F|  |TAMS 0x00000006b2000000, 0x00000006b2000000| Untracked 
| 713|0x00000006b2400000, 0x00000006b2400000, 0x00000006b2800000|  0%| F|  |TAMS 0x00000006b2400000, 0x00000006b2400000| Untracked 
| 714|0x00000006b2800000, 0x00000006b2800000, 0x00000006b2c00000|  0%| F|  |TAMS 0x00000006b2800000, 0x00000006b2800000| Untracked 
| 715|0x00000006b2c00000, 0x00000006b2c00000, 0x00000006b3000000|  0%| F|  |TAMS 0x00000006b2c00000, 0x00000006b2c00000| Untracked 
| 716|0x00000006b3000000, 0x00000006b3000000, 0x00000006b3400000|  0%| F|  |TAMS 0x00000006b3000000, 0x00000006b3000000| Untracked 
| 717|0x00000006b3400000, 0x00000006b3400000, 0x00000006b3800000|  0%| F|  |TAMS 0x00000006b3400000, 0x00000006b3400000| Untracked 
| 718|0x00000006b3800000, 0x00000006b3800000, 0x00000006b3c00000|  0%| F|  |TAMS 0x00000006b3800000, 0x00000006b3800000| Untracked 
| 719|0x00000006b3c00000, 0x00000006b3c00000, 0x00000006b4000000|  0%| F|  |TAMS 0x00000006b3c00000, 0x00000006b3c00000| Untracked 
| 720|0x00000006b4000000, 0x00000006b4000000, 0x00000006b4400000|  0%| F|  |TAMS 0x00000006b4000000, 0x00000006b4000000| Untracked 
| 721|0x00000006b4400000, 0x00000006b4400000, 0x00000006b4800000|  0%| F|  |TAMS 0x00000006b4400000, 0x00000006b4400000| Untracked 
| 722|0x00000006b4800000, 0x00000006b4800000, 0x00000006b4c00000|  0%| F|  |TAMS 0x00000006b4800000, 0x00000006b4800000| Untracked 
| 723|0x00000006b4c00000, 0x00000006b4c00000, 0x00000006b5000000|  0%| F|  |TAMS 0x00000006b4c00000, 0x00000006b4c00000| Untracked 
| 724|0x00000006b5000000, 0x00000006b5000000, 0x00000006b5400000|  0%| F|  |TAMS 0x00000006b5000000, 0x00000006b5000000| Untracked 
| 725|0x00000006b5400000, 0x00000006b5400000, 0x00000006b5800000|  0%| F|  |TAMS 0x00000006b5400000, 0x00000006b5400000| Untracked 
| 726|0x00000006b5800000, 0x00000006b5800000, 0x00000006b5c00000|  0%| F|  |TAMS 0x00000006b5800000, 0x00000006b5800000| Untracked 
| 727|0x00000006b5c00000, 0x00000006b5c00000, 0x00000006b6000000|  0%| F|  |TAMS 0x00000006b5c00000, 0x00000006b5c00000| Untracked 
| 728|0x00000006b6000000, 0x00000006b6000000, 0x00000006b6400000|  0%| F|  |TAMS 0x00000006b6000000, 0x00000006b6000000| Untracked 
| 729|0x00000006b6400000, 0x00000006b6400000, 0x00000006b6800000|  0%| F|  |TAMS 0x00000006b6400000, 0x00000006b6400000| Untracked 
| 730|0x00000006b6800000, 0x00000006b6800000, 0x00000006b6c00000|  0%| F|  |TAMS 0x00000006b6800000, 0x00000006b6800000| Untracked 
| 731|0x00000006b6c00000, 0x00000006b6c00000, 0x00000006b7000000|  0%| F|  |TAMS 0x00000006b6c00000, 0x00000006b6c00000| Untracked 
| 732|0x00000006b7000000, 0x00000006b7000000, 0x00000006b7400000|  0%| F|  |TAMS 0x00000006b7000000, 0x00000006b7000000| Untracked 
| 733|0x00000006b7400000, 0x00000006b7400000, 0x00000006b7800000|  0%| F|  |TAMS 0x00000006b7400000, 0x00000006b7400000| Untracked 
| 734|0x00000006b7800000, 0x00000006b7800000, 0x00000006b7c00000|  0%| F|  |TAMS 0x00000006b7800000, 0x00000006b7800000| Untracked 
| 735|0x00000006b7c00000, 0x00000006b7c00000, 0x00000006b8000000|  0%| F|  |TAMS 0x00000006b7c00000, 0x00000006b7c00000| Untracked 
| 736|0x00000006b8000000, 0x00000006b8000000, 0x00000006b8400000|  0%| F|  |TAMS 0x00000006b8000000, 0x00000006b8000000| Untracked 
| 737|0x00000006b8400000, 0x00000006b8400000, 0x00000006b8800000|  0%| F|  |TAMS 0x00000006b8400000, 0x00000006b8400000| Untracked 
| 738|0x00000006b8800000, 0x00000006b8800000, 0x00000006b8c00000|  0%| F|  |TAMS 0x00000006b8800000, 0x00000006b8800000| Untracked 
| 739|0x00000006b8c00000, 0x00000006b8c00000, 0x00000006b9000000|  0%| F|  |TAMS 0x00000006b8c00000, 0x00000006b8c00000| Untracked 
| 740|0x00000006b9000000, 0x00000006b9000000, 0x00000006b9400000|  0%| F|  |TAMS 0x00000006b9000000, 0x00000006b9000000| Untracked 
| 741|0x00000006b9400000, 0x00000006b9400000, 0x00000006b9800000|  0%| F|  |TAMS 0x00000006b9400000, 0x00000006b9400000| Untracked 
| 742|0x00000006b9800000, 0x00000006b9800000, 0x00000006b9c00000|  0%| F|  |TAMS 0x00000006b9800000, 0x00000006b9800000| Untracked 
| 743|0x00000006b9c00000, 0x00000006b9c00000, 0x00000006ba000000|  0%| F|  |TAMS 0x00000006b9c00000, 0x00000006b9c00000| Untracked 
| 744|0x00000006ba000000, 0x00000006ba000000, 0x00000006ba400000|  0%| F|  |TAMS 0x00000006ba000000, 0x00000006ba000000| Untracked 
| 745|0x00000006ba400000, 0x00000006ba400000, 0x00000006ba800000|  0%| F|  |TAMS 0x00000006ba400000, 0x00000006ba400000| Untracked 
| 746|0x00000006ba800000, 0x00000006ba800000, 0x00000006bac00000|  0%| F|  |TAMS 0x00000006ba800000, 0x00000006ba800000| Untracked 
| 747|0x00000006bac00000, 0x00000006bac00000, 0x00000006bb000000|  0%| F|  |TAMS 0x00000006bac00000, 0x00000006bac00000| Untracked 
| 748|0x00000006bb000000, 0x00000006bb000000, 0x00000006bb400000|  0%| F|  |TAMS 0x00000006bb000000, 0x00000006bb000000| Untracked 
| 749|0x00000006bb400000, 0x00000006bb400000, 0x00000006bb800000|  0%| F|  |TAMS 0x00000006bb400000, 0x00000006bb400000| Untracked 
| 750|0x00000006bb800000, 0x00000006bb800000, 0x00000006bbc00000|  0%| F|  |TAMS 0x00000006bb800000, 0x00000006bb800000| Untracked 
| 751|0x00000006bbc00000, 0x00000006bbc00000, 0x00000006bc000000|  0%| F|  |TAMS 0x00000006bbc00000, 0x00000006bbc00000| Untracked 
| 752|0x00000006bc000000, 0x00000006bc000000, 0x00000006bc400000|  0%| F|  |TAMS 0x00000006bc000000, 0x00000006bc000000| Untracked 
| 753|0x00000006bc400000, 0x00000006bc400000, 0x00000006bc800000|  0%| F|  |TAMS 0x00000006bc400000, 0x00000006bc400000| Untracked 
| 754|0x00000006bc800000, 0x00000006bc800000, 0x00000006bcc00000|  0%| F|  |TAMS 0x00000006bc800000, 0x00000006bc800000| Untracked 
| 755|0x00000006bcc00000, 0x00000006bcc00000, 0x00000006bd000000|  0%| F|  |TAMS 0x00000006bcc00000, 0x00000006bcc00000| Untracked 
| 756|0x00000006bd000000, 0x00000006bd000000, 0x00000006bd400000|  0%| F|  |TAMS 0x00000006bd000000, 0x00000006bd000000| Untracked 
| 757|0x00000006bd400000, 0x00000006bd400000, 0x00000006bd800000|  0%| F|  |TAMS 0x00000006bd400000, 0x00000006bd400000| Untracked 
| 758|0x00000006bd800000, 0x00000006bd800000, 0x00000006bdc00000|  0%| F|  |TAMS 0x00000006bd800000, 0x00000006bd800000| Untracked 
| 759|0x00000006bdc00000, 0x00000006bdc00000, 0x00000006be000000|  0%| F|  |TAMS 0x00000006bdc00000, 0x00000006bdc00000| Untracked 
| 760|0x00000006be000000, 0x00000006be000000, 0x00000006be400000|  0%| F|  |TAMS 0x00000006be000000, 0x00000006be000000| Untracked 
| 761|0x00000006be400000, 0x00000006be400000, 0x00000006be800000|  0%| F|  |TAMS 0x00000006be400000, 0x00000006be400000| Untracked 
| 762|0x00000006be800000, 0x00000006be800000, 0x00000006bec00000|  0%| F|  |TAMS 0x00000006be800000, 0x00000006be800000| Untracked 
| 763|0x00000006bec00000, 0x00000006bec00000, 0x00000006bf000000|  0%| F|  |TAMS 0x00000006bec00000, 0x00000006bec00000| Untracked 
| 764|0x00000006bf000000, 0x00000006bf000000, 0x00000006bf400000|  0%| F|  |TAMS 0x00000006bf000000, 0x00000006bf000000| Untracked 
| 765|0x00000006bf400000, 0x00000006bf400000, 0x00000006bf800000|  0%| F|  |TAMS 0x00000006bf400000, 0x00000006bf400000| Untracked 
| 766|0x00000006bf800000, 0x00000006bf800000, 0x00000006bfc00000|  0%| F|  |TAMS 0x00000006bf800000, 0x00000006bf800000| Untracked 
| 767|0x00000006bfc00000, 0x00000006bfc00000, 0x00000006c0000000|  0%| F|  |TAMS 0x00000006bfc00000, 0x00000006bfc00000| Untracked 
| 768|0x00000006c0000000, 0x00000006c0000000, 0x00000006c0400000|  0%| F|  |TAMS 0x00000006c0000000, 0x00000006c0000000| Untracked 
| 769|0x00000006c0400000, 0x00000006c0400000, 0x00000006c0800000|  0%| F|  |TAMS 0x00000006c0400000, 0x00000006c0400000| Untracked 
| 770|0x00000006c0800000, 0x00000006c0800000, 0x00000006c0c00000|  0%| F|  |TAMS 0x00000006c0800000, 0x00000006c0800000| Untracked 
| 771|0x00000006c0c00000, 0x00000006c0c00000, 0x00000006c1000000|  0%| F|  |TAMS 0x00000006c0c00000, 0x00000006c0c00000| Untracked 
| 772|0x00000006c1000000, 0x00000006c1000000, 0x00000006c1400000|  0%| F|  |TAMS 0x00000006c1000000, 0x00000006c1000000| Untracked 
| 773|0x00000006c1400000, 0x00000006c1400000, 0x00000006c1800000|  0%| F|  |TAMS 0x00000006c1400000, 0x00000006c1400000| Untracked 
| 774|0x00000006c1800000, 0x00000006c1800000, 0x00000006c1c00000|  0%| F|  |TAMS 0x00000006c1800000, 0x00000006c1800000| Untracked 
| 775|0x00000006c1c00000, 0x00000006c1c00000, 0x00000006c2000000|  0%| F|  |TAMS 0x00000006c1c00000, 0x00000006c1c00000| Untracked 
| 776|0x00000006c2000000, 0x00000006c2000000, 0x00000006c2400000|  0%| F|  |TAMS 0x00000006c2000000, 0x00000006c2000000| Untracked 
| 777|0x00000006c2400000, 0x00000006c2400000, 0x00000006c2800000|  0%| F|  |TAMS 0x00000006c2400000, 0x00000006c2400000| Untracked 
| 778|0x00000006c2800000, 0x00000006c2800000, 0x00000006c2c00000|  0%| F|  |TAMS 0x00000006c2800000, 0x00000006c2800000| Untracked 
| 779|0x00000006c2c00000, 0x00000006c2c00000, 0x00000006c3000000|  0%| F|  |TAMS 0x00000006c2c00000, 0x00000006c2c00000| Untracked 
| 780|0x00000006c3000000, 0x00000006c3000000, 0x00000006c3400000|  0%| F|  |TAMS 0x00000006c3000000, 0x00000006c3000000| Untracked 
| 781|0x00000006c3400000, 0x00000006c3400000, 0x00000006c3800000|  0%| F|  |TAMS 0x00000006c3400000, 0x00000006c3400000| Untracked 
| 782|0x00000006c3800000, 0x00000006c3800000, 0x00000006c3c00000|  0%| F|  |TAMS 0x00000006c3800000, 0x00000006c3800000| Untracked 
| 783|0x00000006c3c00000, 0x00000006c3c00000, 0x00000006c4000000|  0%| F|  |TAMS 0x00000006c3c00000, 0x00000006c3c00000| Untracked 
| 784|0x00000006c4000000, 0x00000006c4000000, 0x00000006c4400000|  0%| F|  |TAMS 0x00000006c4000000, 0x00000006c4000000| Untracked 
| 785|0x00000006c4400000, 0x00000006c4400000, 0x00000006c4800000|  0%| F|  |TAMS 0x00000006c4400000, 0x00000006c4400000| Untracked 
| 786|0x00000006c4800000, 0x00000006c4800000, 0x00000006c4c00000|  0%| F|  |TAMS 0x00000006c4800000, 0x00000006c4800000| Untracked 
| 787|0x00000006c4c00000, 0x00000006c4c00000, 0x00000006c5000000|  0%| F|  |TAMS 0x00000006c4c00000, 0x00000006c4c00000| Untracked 
| 788|0x00000006c5000000, 0x00000006c5000000, 0x00000006c5400000|  0%| F|  |TAMS 0x00000006c5000000, 0x00000006c5000000| Untracked 
| 789|0x00000006c5400000, 0x00000006c5400000, 0x00000006c5800000|  0%| F|  |TAMS 0x00000006c5400000, 0x00000006c5400000| Untracked 
| 790|0x00000006c5800000, 0x00000006c5800000, 0x00000006c5c00000|  0%| F|  |TAMS 0x00000006c5800000, 0x00000006c5800000| Untracked 
| 791|0x00000006c5c00000, 0x00000006c5c00000, 0x00000006c6000000|  0%| F|  |TAMS 0x00000006c5c00000, 0x00000006c5c00000| Untracked 
| 792|0x00000006c6000000, 0x00000006c6000000, 0x00000006c6400000|  0%| F|  |TAMS 0x00000006c6000000, 0x00000006c6000000| Untracked 
| 793|0x00000006c6400000, 0x00000006c6400000, 0x00000006c6800000|  0%| F|  |TAMS 0x00000006c6400000, 0x00000006c6400000| Untracked 
| 794|0x00000006c6800000, 0x00000006c6800000, 0x00000006c6c00000|  0%| F|  |TAMS 0x00000006c6800000, 0x00000006c6800000| Untracked 
| 795|0x00000006c6c00000, 0x00000006c6c00000, 0x00000006c7000000|  0%| F|  |TAMS 0x00000006c6c00000, 0x00000006c6c00000| Untracked 
| 796|0x00000006c7000000, 0x00000006c7000000, 0x00000006c7400000|  0%| F|  |TAMS 0x00000006c7000000, 0x00000006c7000000| Untracked 
| 797|0x00000006c7400000, 0x00000006c7400000, 0x00000006c7800000|  0%| F|  |TAMS 0x00000006c7400000, 0x00000006c7400000| Untracked 
| 798|0x00000006c7800000, 0x00000006c7800000, 0x00000006c7c00000|  0%| F|  |TAMS 0x00000006c7800000, 0x00000006c7800000| Untracked 
| 799|0x00000006c7c00000, 0x00000006c7c00000, 0x00000006c8000000|  0%| F|  |TAMS 0x00000006c7c00000, 0x00000006c7c00000| Untracked 
| 800|0x00000006c8000000, 0x00000006c8000000, 0x00000006c8400000|  0%| F|  |TAMS 0x00000006c8000000, 0x00000006c8000000| Untracked 
| 801|0x00000006c8400000, 0x00000006c8400000, 0x00000006c8800000|  0%| F|  |TAMS 0x00000006c8400000, 0x00000006c8400000| Untracked 
| 802|0x00000006c8800000, 0x00000006c8800000, 0x00000006c8c00000|  0%| F|  |TAMS 0x00000006c8800000, 0x00000006c8800000| Untracked 
| 803|0x00000006c8c00000, 0x00000006c8c00000, 0x00000006c9000000|  0%| F|  |TAMS 0x00000006c8c00000, 0x00000006c8c00000| Untracked 
| 804|0x00000006c9000000, 0x00000006c9000000, 0x00000006c9400000|  0%| F|  |TAMS 0x00000006c9000000, 0x00000006c9000000| Untracked 
| 805|0x00000006c9400000, 0x00000006c9400000, 0x00000006c9800000|  0%| F|  |TAMS 0x00000006c9400000, 0x00000006c9400000| Untracked 
| 806|0x00000006c9800000, 0x00000006c9800000, 0x00000006c9c00000|  0%| F|  |TAMS 0x00000006c9800000, 0x00000006c9800000| Untracked 
| 807|0x00000006c9c00000, 0x00000006c9c00000, 0x00000006ca000000|  0%| F|  |TAMS 0x00000006c9c00000, 0x00000006c9c00000| Untracked 
| 808|0x00000006ca000000, 0x00000006ca000000, 0x00000006ca400000|  0%| F|  |TAMS 0x00000006ca000000, 0x00000006ca000000| Untracked 
| 809|0x00000006ca400000, 0x00000006ca400000, 0x00000006ca800000|  0%| F|  |TAMS 0x00000006ca400000, 0x00000006ca400000| Untracked 
| 810|0x00000006ca800000, 0x00000006ca800000, 0x00000006cac00000|  0%| F|  |TAMS 0x00000006ca800000, 0x00000006ca800000| Untracked 
| 811|0x00000006cac00000, 0x00000006cac00000, 0x00000006cb000000|  0%| F|  |TAMS 0x00000006cac00000, 0x00000006cac00000| Untracked 
| 812|0x00000006cb000000, 0x00000006cb000000, 0x00000006cb400000|  0%| F|  |TAMS 0x00000006cb000000, 0x00000006cb000000| Untracked 
| 813|0x00000006cb400000, 0x00000006cb400000, 0x00000006cb800000|  0%| F|  |TAMS 0x00000006cb400000, 0x00000006cb400000| Untracked 
| 814|0x00000006cb800000, 0x00000006cb800000, 0x00000006cbc00000|  0%| F|  |TAMS 0x00000006cb800000, 0x00000006cb800000| Untracked 
| 815|0x00000006cbc00000, 0x00000006cbc00000, 0x00000006cc000000|  0%| F|  |TAMS 0x00000006cbc00000, 0x00000006cbc00000| Untracked 
| 816|0x00000006cc000000, 0x00000006cc000000, 0x00000006cc400000|  0%| F|  |TAMS 0x00000006cc000000, 0x00000006cc000000| Untracked 
| 817|0x00000006cc400000, 0x00000006cc400000, 0x00000006cc800000|  0%| F|  |TAMS 0x00000006cc400000, 0x00000006cc400000| Untracked 
| 818|0x00000006cc800000, 0x00000006cc800000, 0x00000006ccc00000|  0%| F|  |TAMS 0x00000006cc800000, 0x00000006cc800000| Untracked 
| 819|0x00000006ccc00000, 0x00000006ccc00000, 0x00000006cd000000|  0%| F|  |TAMS 0x00000006ccc00000, 0x00000006ccc00000| Untracked 
| 820|0x00000006cd000000, 0x00000006cd000000, 0x00000006cd400000|  0%| F|  |TAMS 0x00000006cd000000, 0x00000006cd000000| Untracked 
| 821|0x00000006cd400000, 0x00000006cd400000, 0x00000006cd800000|  0%| F|  |TAMS 0x00000006cd400000, 0x00000006cd400000| Untracked 
| 822|0x00000006cd800000, 0x00000006cd800000, 0x00000006cdc00000|  0%| F|  |TAMS 0x00000006cd800000, 0x00000006cd800000| Untracked 
| 823|0x00000006cdc00000, 0x00000006cdc00000, 0x00000006ce000000|  0%| F|  |TAMS 0x00000006cdc00000, 0x00000006cdc00000| Untracked 
| 824|0x00000006ce000000, 0x00000006ce000000, 0x00000006ce400000|  0%| F|  |TAMS 0x00000006ce000000, 0x00000006ce000000| Untracked 
| 825|0x00000006ce400000, 0x00000006ce400000, 0x00000006ce800000|  0%| F|  |TAMS 0x00000006ce400000, 0x00000006ce400000| Untracked 
| 826|0x00000006ce800000, 0x00000006ce800000, 0x00000006cec00000|  0%| F|  |TAMS 0x00000006ce800000, 0x00000006ce800000| Untracked 
| 827|0x00000006cec00000, 0x00000006cec00000, 0x00000006cf000000|  0%| F|  |TAMS 0x00000006cec00000, 0x00000006cec00000| Untracked 
| 828|0x00000006cf000000, 0x00000006cf000000, 0x00000006cf400000|  0%| F|  |TAMS 0x00000006cf000000, 0x00000006cf000000| Untracked 
| 829|0x00000006cf400000, 0x00000006cf400000, 0x00000006cf800000|  0%| F|  |TAMS 0x00000006cf400000, 0x00000006cf400000| Untracked 
| 830|0x00000006cf800000, 0x00000006cf800000, 0x00000006cfc00000|  0%| F|  |TAMS 0x00000006cf800000, 0x00000006cf800000| Untracked 
| 831|0x00000006cfc00000, 0x00000006cfc00000, 0x00000006d0000000|  0%| F|  |TAMS 0x00000006cfc00000, 0x00000006cfc00000| Untracked 
| 832|0x00000006d0000000, 0x00000006d0000000, 0x00000006d0400000|  0%| F|  |TAMS 0x00000006d0000000, 0x00000006d0000000| Untracked 
| 833|0x00000006d0400000, 0x00000006d0400000, 0x00000006d0800000|  0%| F|  |TAMS 0x00000006d0400000, 0x00000006d0400000| Untracked 
| 834|0x00000006d0800000, 0x00000006d0800000, 0x00000006d0c00000|  0%| F|  |TAMS 0x00000006d0800000, 0x00000006d0800000| Untracked 
| 835|0x00000006d0c00000, 0x00000006d0c00000, 0x00000006d1000000|  0%| F|  |TAMS 0x00000006d0c00000, 0x00000006d0c00000| Untracked 
| 836|0x00000006d1000000, 0x00000006d1000000, 0x00000006d1400000|  0%| F|  |TAMS 0x00000006d1000000, 0x00000006d1000000| Untracked 
| 837|0x00000006d1400000, 0x00000006d1400000, 0x00000006d1800000|  0%| F|  |TAMS 0x00000006d1400000, 0x00000006d1400000| Untracked 
| 838|0x00000006d1800000, 0x00000006d1800000, 0x00000006d1c00000|  0%| F|  |TAMS 0x00000006d1800000, 0x00000006d1800000| Untracked 
| 839|0x00000006d1c00000, 0x00000006d1c00000, 0x00000006d2000000|  0%| F|  |TAMS 0x00000006d1c00000, 0x00000006d1c00000| Untracked 
| 840|0x00000006d2000000, 0x00000006d2000000, 0x00000006d2400000|  0%| F|  |TAMS 0x00000006d2000000, 0x00000006d2000000| Untracked 
| 841|0x00000006d2400000, 0x00000006d2400000, 0x00000006d2800000|  0%| F|  |TAMS 0x00000006d2400000, 0x00000006d2400000| Untracked 
| 842|0x00000006d2800000, 0x00000006d2800000, 0x00000006d2c00000|  0%| F|  |TAMS 0x00000006d2800000, 0x00000006d2800000| Untracked 
| 843|0x00000006d2c00000, 0x00000006d2c00000, 0x00000006d3000000|  0%| F|  |TAMS 0x00000006d2c00000, 0x00000006d2c00000| Untracked 
| 844|0x00000006d3000000, 0x00000006d3000000, 0x00000006d3400000|  0%| F|  |TAMS 0x00000006d3000000, 0x00000006d3000000| Untracked 
| 845|0x00000006d3400000, 0x00000006d3400000, 0x00000006d3800000|  0%| F|  |TAMS 0x00000006d3400000, 0x00000006d3400000| Untracked 
| 846|0x00000006d3800000, 0x00000006d3800000, 0x00000006d3c00000|  0%| F|  |TAMS 0x00000006d3800000, 0x00000006d3800000| Untracked 
| 847|0x00000006d3c00000, 0x00000006d3c00000, 0x00000006d4000000|  0%| F|  |TAMS 0x00000006d3c00000, 0x00000006d3c00000| Untracked 
| 848|0x00000006d4000000, 0x00000006d4000000, 0x00000006d4400000|  0%| F|  |TAMS 0x00000006d4000000, 0x00000006d4000000| Untracked 
| 849|0x00000006d4400000, 0x00000006d4400000, 0x00000006d4800000|  0%| F|  |TAMS 0x00000006d4400000, 0x00000006d4400000| Untracked 
| 850|0x00000006d4800000, 0x00000006d4800000, 0x00000006d4c00000|  0%| F|  |TAMS 0x00000006d4800000, 0x00000006d4800000| Untracked 
| 851|0x00000006d4c00000, 0x00000006d4c00000, 0x00000006d5000000|  0%| F|  |TAMS 0x00000006d4c00000, 0x00000006d4c00000| Untracked 
| 852|0x00000006d5000000, 0x00000006d5000000, 0x00000006d5400000|  0%| F|  |TAMS 0x00000006d5000000, 0x00000006d5000000| Untracked 
| 853|0x00000006d5400000, 0x00000006d5400000, 0x00000006d5800000|  0%| F|  |TAMS 0x00000006d5400000, 0x00000006d5400000| Untracked 
| 854|0x00000006d5800000, 0x00000006d5800000, 0x00000006d5c00000|  0%| F|  |TAMS 0x00000006d5800000, 0x00000006d5800000| Untracked 
| 855|0x00000006d5c00000, 0x00000006d5c00000, 0x00000006d6000000|  0%| F|  |TAMS 0x00000006d5c00000, 0x00000006d5c00000| Untracked 
| 856|0x00000006d6000000, 0x00000006d6000000, 0x00000006d6400000|  0%| F|  |TAMS 0x00000006d6000000, 0x00000006d6000000| Untracked 
| 857|0x00000006d6400000, 0x00000006d6400000, 0x00000006d6800000|  0%| F|  |TAMS 0x00000006d6400000, 0x00000006d6400000| Untracked 
| 858|0x00000006d6800000, 0x00000006d6800000, 0x00000006d6c00000|  0%| F|  |TAMS 0x00000006d6800000, 0x00000006d6800000| Untracked 
| 859|0x00000006d6c00000, 0x00000006d6c00000, 0x00000006d7000000|  0%| F|  |TAMS 0x00000006d6c00000, 0x00000006d6c00000| Untracked 
| 860|0x00000006d7000000, 0x00000006d7000000, 0x00000006d7400000|  0%| F|  |TAMS 0x00000006d7000000, 0x00000006d7000000| Untracked 
| 861|0x00000006d7400000, 0x00000006d7400000, 0x00000006d7800000|  0%| F|  |TAMS 0x00000006d7400000, 0x00000006d7400000| Untracked 
| 862|0x00000006d7800000, 0x00000006d7800000, 0x00000006d7c00000|  0%| F|  |TAMS 0x00000006d7800000, 0x00000006d7800000| Untracked 
| 863|0x00000006d7c00000, 0x00000006d7c00000, 0x00000006d8000000|  0%| F|  |TAMS 0x00000006d7c00000, 0x00000006d7c00000| Untracked 
| 864|0x00000006d8000000, 0x00000006d8000000, 0x00000006d8400000|  0%| F|  |TAMS 0x00000006d8000000, 0x00000006d8000000| Untracked 
| 865|0x00000006d8400000, 0x00000006d8400000, 0x00000006d8800000|  0%| F|  |TAMS 0x00000006d8400000, 0x00000006d8400000| Untracked 
| 866|0x00000006d8800000, 0x00000006d8800000, 0x00000006d8c00000|  0%| F|  |TAMS 0x00000006d8800000, 0x00000006d8800000| Untracked 
| 867|0x00000006d8c00000, 0x00000006d8c00000, 0x00000006d9000000|  0%| F|  |TAMS 0x00000006d8c00000, 0x00000006d8c00000| Untracked 
| 868|0x00000006d9000000, 0x00000006d9000000, 0x00000006d9400000|  0%| F|  |TAMS 0x00000006d9000000, 0x00000006d9000000| Untracked 
| 869|0x00000006d9400000, 0x00000006d9400000, 0x00000006d9800000|  0%| F|  |TAMS 0x00000006d9400000, 0x00000006d9400000| Untracked 
| 870|0x00000006d9800000, 0x00000006d9800000, 0x00000006d9c00000|  0%| F|  |TAMS 0x00000006d9800000, 0x00000006d9800000| Untracked 
| 871|0x00000006d9c00000, 0x00000006d9c00000, 0x00000006da000000|  0%| F|  |TAMS 0x00000006d9c00000, 0x00000006d9c00000| Untracked 
| 872|0x00000006da000000, 0x00000006da000000, 0x00000006da400000|  0%| F|  |TAMS 0x00000006da000000, 0x00000006da000000| Untracked 
| 873|0x00000006da400000, 0x00000006da400000, 0x00000006da800000|  0%| F|  |TAMS 0x00000006da400000, 0x00000006da400000| Untracked 
| 874|0x00000006da800000, 0x00000006da800000, 0x00000006dac00000|  0%| F|  |TAMS 0x00000006da800000, 0x00000006da800000| Untracked 
| 875|0x00000006dac00000, 0x00000006dac00000, 0x00000006db000000|  0%| F|  |TAMS 0x00000006dac00000, 0x00000006dac00000| Untracked 
| 876|0x00000006db000000, 0x00000006db000000, 0x00000006db400000|  0%| F|  |TAMS 0x00000006db000000, 0x00000006db000000| Untracked 
| 877|0x00000006db400000, 0x00000006db400000, 0x00000006db800000|  0%| F|  |TAMS 0x00000006db400000, 0x00000006db400000| Untracked 
| 878|0x00000006db800000, 0x00000006db800000, 0x00000006dbc00000|  0%| F|  |TAMS 0x00000006db800000, 0x00000006db800000| Untracked 
| 879|0x00000006dbc00000, 0x00000006dbc00000, 0x00000006dc000000|  0%| F|  |TAMS 0x00000006dbc00000, 0x00000006dbc00000| Untracked 
| 880|0x00000006dc000000, 0x00000006dc000000, 0x00000006dc400000|  0%| F|  |TAMS 0x00000006dc000000, 0x00000006dc000000| Untracked 
| 881|0x00000006dc400000, 0x00000006dc400000, 0x00000006dc800000|  0%| F|  |TAMS 0x00000006dc400000, 0x00000006dc400000| Untracked 
| 882|0x00000006dc800000, 0x00000006dc800000, 0x00000006dcc00000|  0%| F|  |TAMS 0x00000006dc800000, 0x00000006dc800000| Untracked 
| 883|0x00000006dcc00000, 0x00000006dcc00000, 0x00000006dd000000|  0%| F|  |TAMS 0x00000006dcc00000, 0x00000006dcc00000| Untracked 
| 884|0x00000006dd000000, 0x00000006dd000000, 0x00000006dd400000|  0%| F|  |TAMS 0x00000006dd000000, 0x00000006dd000000| Untracked 
| 885|0x00000006dd400000, 0x00000006dd400000, 0x00000006dd800000|  0%| F|  |TAMS 0x00000006dd400000, 0x00000006dd400000| Untracked 
| 886|0x00000006dd800000, 0x00000006dd800000, 0x00000006ddc00000|  0%| F|  |TAMS 0x00000006dd800000, 0x00000006dd800000| Untracked 
| 887|0x00000006ddc00000, 0x00000006ddc00000, 0x00000006de000000|  0%| F|  |TAMS 0x00000006ddc00000, 0x00000006ddc00000| Untracked 
| 888|0x00000006de000000, 0x00000006de000000, 0x00000006de400000|  0%| F|  |TAMS 0x00000006de000000, 0x00000006de000000| Untracked 
| 889|0x00000006de400000, 0x00000006de400000, 0x00000006de800000|  0%| F|  |TAMS 0x00000006de400000, 0x00000006de400000| Untracked 
| 890|0x00000006de800000, 0x00000006de800000, 0x00000006dec00000|  0%| F|  |TAMS 0x00000006de800000, 0x00000006de800000| Untracked 
| 891|0x00000006dec00000, 0x00000006dec00000, 0x00000006df000000|  0%| F|  |TAMS 0x00000006dec00000, 0x00000006dec00000| Untracked 
| 892|0x00000006df000000, 0x00000006df000000, 0x00000006df400000|  0%| F|  |TAMS 0x00000006df000000, 0x00000006df000000| Untracked 
| 893|0x00000006df400000, 0x00000006df400000, 0x00000006df800000|  0%| F|  |TAMS 0x00000006df400000, 0x00000006df400000| Untracked 
| 894|0x00000006df800000, 0x00000006df800000, 0x00000006dfc00000|  0%| F|  |TAMS 0x00000006df800000, 0x00000006df800000| Untracked 
| 895|0x00000006dfc00000, 0x00000006dfc00000, 0x00000006e0000000|  0%| F|  |TAMS 0x00000006dfc00000, 0x00000006dfc00000| Untracked 
| 896|0x00000006e0000000, 0x00000006e0000000, 0x00000006e0400000|  0%| F|  |TAMS 0x00000006e0000000, 0x00000006e0000000| Untracked 
| 897|0x00000006e0400000, 0x00000006e0400000, 0x00000006e0800000|  0%| F|  |TAMS 0x00000006e0400000, 0x00000006e0400000| Untracked 
| 898|0x00000006e0800000, 0x00000006e0800000, 0x00000006e0c00000|  0%| F|  |TAMS 0x00000006e0800000, 0x00000006e0800000| Untracked 
| 899|0x00000006e0c00000, 0x00000006e0c00000, 0x00000006e1000000|  0%| F|  |TAMS 0x00000006e0c00000, 0x00000006e0c00000| Untracked 
| 900|0x00000006e1000000, 0x00000006e1000000, 0x00000006e1400000|  0%| F|  |TAMS 0x00000006e1000000, 0x00000006e1000000| Untracked 
| 901|0x00000006e1400000, 0x00000006e1400000, 0x00000006e1800000|  0%| F|  |TAMS 0x00000006e1400000, 0x00000006e1400000| Untracked 
| 902|0x00000006e1800000, 0x00000006e1800000, 0x00000006e1c00000|  0%| F|  |TAMS 0x00000006e1800000, 0x00000006e1800000| Untracked 
| 903|0x00000006e1c00000, 0x00000006e1c00000, 0x00000006e2000000|  0%| F|  |TAMS 0x00000006e1c00000, 0x00000006e1c00000| Untracked 
| 904|0x00000006e2000000, 0x00000006e2000000, 0x00000006e2400000|  0%| F|  |TAMS 0x00000006e2000000, 0x00000006e2000000| Untracked 
| 905|0x00000006e2400000, 0x00000006e2400000, 0x00000006e2800000|  0%| F|  |TAMS 0x00000006e2400000, 0x00000006e2400000| Untracked 
| 906|0x00000006e2800000, 0x00000006e2800000, 0x00000006e2c00000|  0%| F|  |TAMS 0x00000006e2800000, 0x00000006e2800000| Untracked 
| 907|0x00000006e2c00000, 0x00000006e2c00000, 0x00000006e3000000|  0%| F|  |TAMS 0x00000006e2c00000, 0x00000006e2c00000| Untracked 
| 908|0x00000006e3000000, 0x00000006e3000000, 0x00000006e3400000|  0%| F|  |TAMS 0x00000006e3000000, 0x00000006e3000000| Untracked 
| 909|0x00000006e3400000, 0x00000006e3400000, 0x00000006e3800000|  0%| F|  |TAMS 0x00000006e3400000, 0x00000006e3400000| Untracked 
| 910|0x00000006e3800000, 0x00000006e3800000, 0x00000006e3c00000|  0%| F|  |TAMS 0x00000006e3800000, 0x00000006e3800000| Untracked 
| 911|0x00000006e3c00000, 0x00000006e3c00000, 0x00000006e4000000|  0%| F|  |TAMS 0x00000006e3c00000, 0x00000006e3c00000| Untracked 
| 912|0x00000006e4000000, 0x00000006e4000000, 0x00000006e4400000|  0%| F|  |TAMS 0x00000006e4000000, 0x00000006e4000000| Untracked 
| 913|0x00000006e4400000, 0x00000006e4400000, 0x00000006e4800000|  0%| F|  |TAMS 0x00000006e4400000, 0x00000006e4400000| Untracked 
| 914|0x00000006e4800000, 0x00000006e4800000, 0x00000006e4c00000|  0%| F|  |TAMS 0x00000006e4800000, 0x00000006e4800000| Untracked 
| 915|0x00000006e4c00000, 0x00000006e4c00000, 0x00000006e5000000|  0%| F|  |TAMS 0x00000006e4c00000, 0x00000006e4c00000| Untracked 
| 916|0x00000006e5000000, 0x00000006e5000000, 0x00000006e5400000|  0%| F|  |TAMS 0x00000006e5000000, 0x00000006e5000000| Untracked 
| 917|0x00000006e5400000, 0x00000006e5400000, 0x00000006e5800000|  0%| F|  |TAMS 0x00000006e5400000, 0x00000006e5400000| Untracked 
| 918|0x00000006e5800000, 0x00000006e5800000, 0x00000006e5c00000|  0%| F|  |TAMS 0x00000006e5800000, 0x00000006e5800000| Untracked 
| 919|0x00000006e5c00000, 0x00000006e5c00000, 0x00000006e6000000|  0%| F|  |TAMS 0x00000006e5c00000, 0x00000006e5c00000| Untracked 
| 920|0x00000006e6000000, 0x00000006e6000000, 0x00000006e6400000|  0%| F|  |TAMS 0x00000006e6000000, 0x00000006e6000000| Untracked 
| 921|0x00000006e6400000, 0x00000006e6400000, 0x00000006e6800000|  0%| F|  |TAMS 0x00000006e6400000, 0x00000006e6400000| Untracked 
| 922|0x00000006e6800000, 0x00000006e6800000, 0x00000006e6c00000|  0%| F|  |TAMS 0x00000006e6800000, 0x00000006e6800000| Untracked 
| 923|0x00000006e6c00000, 0x00000006e6c00000, 0x00000006e7000000|  0%| F|  |TAMS 0x00000006e6c00000, 0x00000006e6c00000| Untracked 
| 924|0x00000006e7000000, 0x00000006e7000000, 0x00000006e7400000|  0%| F|  |TAMS 0x00000006e7000000, 0x00000006e7000000| Untracked 
| 925|0x00000006e7400000, 0x00000006e7400000, 0x00000006e7800000|  0%| F|  |TAMS 0x00000006e7400000, 0x00000006e7400000| Untracked 
| 926|0x00000006e7800000, 0x00000006e7800000, 0x00000006e7c00000|  0%| F|  |TAMS 0x00000006e7800000, 0x00000006e7800000| Untracked 
| 927|0x00000006e7c00000, 0x00000006e7c00000, 0x00000006e8000000|  0%| F|  |TAMS 0x00000006e7c00000, 0x00000006e7c00000| Untracked 
| 928|0x00000006e8000000, 0x00000006e8000000, 0x00000006e8400000|  0%| F|  |TAMS 0x00000006e8000000, 0x00000006e8000000| Untracked 
| 929|0x00000006e8400000, 0x00000006e8400000, 0x00000006e8800000|  0%| F|  |TAMS 0x00000006e8400000, 0x00000006e8400000| Untracked 
| 930|0x00000006e8800000, 0x00000006e8800000, 0x00000006e8c00000|  0%| F|  |TAMS 0x00000006e8800000, 0x00000006e8800000| Untracked 
| 931|0x00000006e8c00000, 0x00000006e8c00000, 0x00000006e9000000|  0%| F|  |TAMS 0x00000006e8c00000, 0x00000006e8c00000| Untracked 
| 932|0x00000006e9000000, 0x00000006e9000000, 0x00000006e9400000|  0%| F|  |TAMS 0x00000006e9000000, 0x00000006e9000000| Untracked 
| 933|0x00000006e9400000, 0x00000006e9400000, 0x00000006e9800000|  0%| F|  |TAMS 0x00000006e9400000, 0x00000006e9400000| Untracked 
| 934|0x00000006e9800000, 0x00000006e9800000, 0x00000006e9c00000|  0%| F|  |TAMS 0x00000006e9800000, 0x00000006e9800000| Untracked 
| 935|0x00000006e9c00000, 0x00000006e9c00000, 0x00000006ea000000|  0%| F|  |TAMS 0x00000006e9c00000, 0x00000006e9c00000| Untracked 
| 936|0x00000006ea000000, 0x00000006ea000000, 0x00000006ea400000|  0%| F|  |TAMS 0x00000006ea000000, 0x00000006ea000000| Untracked 
| 937|0x00000006ea400000, 0x00000006ea400000, 0x00000006ea800000|  0%| F|  |TAMS 0x00000006ea400000, 0x00000006ea400000| Untracked 
| 938|0x00000006ea800000, 0x00000006ea800000, 0x00000006eac00000|  0%| F|  |TAMS 0x00000006ea800000, 0x00000006ea800000| Untracked 
| 939|0x00000006eac00000, 0x00000006eac00000, 0x00000006eb000000|  0%| F|  |TAMS 0x00000006eac00000, 0x00000006eac00000| Untracked 
| 940|0x00000006eb000000, 0x00000006eb000000, 0x00000006eb400000|  0%| F|  |TAMS 0x00000006eb000000, 0x00000006eb000000| Untracked 
| 941|0x00000006eb400000, 0x00000006eb400000, 0x00000006eb800000|  0%| F|  |TAMS 0x00000006eb400000, 0x00000006eb400000| Untracked 
| 942|0x00000006eb800000, 0x00000006eb800000, 0x00000006ebc00000|  0%| F|  |TAMS 0x00000006eb800000, 0x00000006eb800000| Untracked 
| 943|0x00000006ebc00000, 0x00000006ebc00000, 0x00000006ec000000|  0%| F|  |TAMS 0x00000006ebc00000, 0x00000006ebc00000| Untracked 
| 944|0x00000006ec000000, 0x00000006ec000000, 0x00000006ec400000|  0%| F|  |TAMS 0x00000006ec000000, 0x00000006ec000000| Untracked 
| 945|0x00000006ec400000, 0x00000006ec400000, 0x00000006ec800000|  0%| F|  |TAMS 0x00000006ec400000, 0x00000006ec400000| Untracked 
| 946|0x00000006ec800000, 0x00000006ec800000, 0x00000006ecc00000|  0%| F|  |TAMS 0x00000006ec800000, 0x00000006ec800000| Untracked 
| 947|0x00000006ecc00000, 0x00000006ecc00000, 0x00000006ed000000|  0%| F|  |TAMS 0x00000006ecc00000, 0x00000006ecc00000| Untracked 
| 948|0x00000006ed000000, 0x00000006ed000000, 0x00000006ed400000|  0%| F|  |TAMS 0x00000006ed000000, 0x00000006ed000000| Untracked 
| 949|0x00000006ed400000, 0x00000006ed400000, 0x00000006ed800000|  0%| F|  |TAMS 0x00000006ed400000, 0x00000006ed400000| Untracked 
| 950|0x00000006ed800000, 0x00000006ed800000, 0x00000006edc00000|  0%| F|  |TAMS 0x00000006ed800000, 0x00000006ed800000| Untracked 
| 951|0x00000006edc00000, 0x00000006edc00000, 0x00000006ee000000|  0%| F|  |TAMS 0x00000006edc00000, 0x00000006edc00000| Untracked 
| 952|0x00000006ee000000, 0x00000006ee000000, 0x00000006ee400000|  0%| F|  |TAMS 0x00000006ee000000, 0x00000006ee000000| Untracked 
| 953|0x00000006ee400000, 0x00000006ee400000, 0x00000006ee800000|  0%| F|  |TAMS 0x00000006ee400000, 0x00000006ee400000| Untracked 
| 954|0x00000006ee800000, 0x00000006ee800000, 0x00000006eec00000|  0%| F|  |TAMS 0x00000006ee800000, 0x00000006ee800000| Untracked 
| 955|0x00000006eec00000, 0x00000006eec00000, 0x00000006ef000000|  0%| F|  |TAMS 0x00000006eec00000, 0x00000006eec00000| Untracked 
| 956|0x00000006ef000000, 0x00000006ef000000, 0x00000006ef400000|  0%| F|  |TAMS 0x00000006ef000000, 0x00000006ef000000| Untracked 
| 957|0x00000006ef400000, 0x00000006ef400000, 0x00000006ef800000|  0%| F|  |TAMS 0x00000006ef400000, 0x00000006ef400000| Untracked 
| 958|0x00000006ef800000, 0x00000006ef800000, 0x00000006efc00000|  0%| F|  |TAMS 0x00000006ef800000, 0x00000006ef800000| Untracked 
| 959|0x00000006efc00000, 0x00000006efc00000, 0x00000006f0000000|  0%| F|  |TAMS 0x00000006efc00000, 0x00000006efc00000| Untracked 
| 960|0x00000006f0000000, 0x00000006f0000000, 0x00000006f0400000|  0%| F|  |TAMS 0x00000006f0000000, 0x00000006f0000000| Untracked 
| 961|0x00000006f0400000, 0x00000006f0400000, 0x00000006f0800000|  0%| F|  |TAMS 0x00000006f0400000, 0x00000006f0400000| Untracked 
| 962|0x00000006f0800000, 0x00000006f0800000, 0x00000006f0c00000|  0%| F|  |TAMS 0x00000006f0800000, 0x00000006f0800000| Untracked 
| 963|0x00000006f0c00000, 0x00000006f0c00000, 0x00000006f1000000|  0%| F|  |TAMS 0x00000006f0c00000, 0x00000006f0c00000| Untracked 
| 964|0x00000006f1000000, 0x00000006f1000000, 0x00000006f1400000|  0%| F|  |TAMS 0x00000006f1000000, 0x00000006f1000000| Untracked 
| 965|0x00000006f1400000, 0x00000006f1400000, 0x00000006f1800000|  0%| F|  |TAMS 0x00000006f1400000, 0x00000006f1400000| Untracked 
| 966|0x00000006f1800000, 0x00000006f1800000, 0x00000006f1c00000|  0%| F|  |TAMS 0x00000006f1800000, 0x00000006f1800000| Untracked 
| 967|0x00000006f1c00000, 0x00000006f1c00000, 0x00000006f2000000|  0%| F|  |TAMS 0x00000006f1c00000, 0x00000006f1c00000| Untracked 
| 968|0x00000006f2000000, 0x00000006f2000000, 0x00000006f2400000|  0%| F|  |TAMS 0x00000006f2000000, 0x00000006f2000000| Untracked 
| 969|0x00000006f2400000, 0x00000006f2400000, 0x00000006f2800000|  0%| F|  |TAMS 0x00000006f2400000, 0x00000006f2400000| Untracked 
| 970|0x00000006f2800000, 0x00000006f2800000, 0x00000006f2c00000|  0%| F|  |TAMS 0x00000006f2800000, 0x00000006f2800000| Untracked 
| 971|0x00000006f2c00000, 0x00000006f2c00000, 0x00000006f3000000|  0%| F|  |TAMS 0x00000006f2c00000, 0x00000006f2c00000| Untracked 

Card table byte_map: [0x000002d8fe730000,0x000002d8ff730000] _byte_map_base: 0x000002d8fb730000

Marking Bits (Prev, Next): (CMBitMap*) 0x000002d8ff730d40, (CMBitMap*) 0x000002d8ff730d80
 Prev Bits: [0x000002d890000000, 0x000002d898000000)
 Next Bits: [0x000002d898000000, 0x000002d8a0000000)

Polling page: 0x000002d8f35a0000

Metaspace:

Usage:
  Non-class:    245.30 MB used.
      Class:     36.81 MB used.
       Both:    282.11 MB used.

Virtual space:
  Non-class space:      256.00 MB reserved,     247.25 MB ( 97%) committed,  4 nodes.
      Class space:      832.00 MB reserved,      38.50 MB (  5%) committed,  1 nodes.
             Both:        1.06 GB reserved,     285.75 MB ( 26%) committed. 

Chunk freelists:
   Non-Class:  8.73 MB
       Class:  9.50 MB
        Both:  18.23 MB

MaxMetaspaceSize: 1.00 GB
CompressedClassSpaceSize: 832.00 MB
Initial GC threshold: 21.00 MB
Current GC threshold: 443.38 MB
CDS: on
MetaspaceReclaimPolicy: balanced
 - commit_granule_bytes: 65536.
 - commit_granule_words: 8192.
 - virtual_space_node_default_size: 8388608.
 - enlarge_chunks_in_place: 1.
 - new_chunks_are_fully_committed: 0.
 - uncommit_free_chunks: 1.
 - use_allocation_guard: 0.
 - handle_deallocations: 1.


Internal statistics:

num_allocs_failed_limit: 310.
num_arena_births: 5604.
num_arena_deaths: 256.
num_vsnodes_births: 5.
num_vsnodes_deaths: 0.
num_space_committed: 4613.
num_space_uncommitted: 47.
num_chunks_returned_to_freelist: 900.
num_chunks_taken_from_freelist: 21773.
num_chunk_merges: 461.
num_chunk_splits: 12688.
num_chunks_enlarged: 5354.
num_inconsistent_stats: 0.

CodeHeap 'non-profiled nmethods': size=120000Kb used=31408Kb max_used=31408Kb free=88591Kb
 bounds [0x000002d887ad0000, 0x000002d889980000, 0x000002d88f000000]
CodeHeap 'profiled nmethods': size=120000Kb used=67167Kb max_used=67761Kb free=52832Kb
 bounds [0x000002d880000000, 0x000002d8842a0000, 0x000002d887530000]
CodeHeap 'non-nmethods': size=5760Kb used=2713Kb max_used=2772Kb free=3046Kb
 bounds [0x000002d887530000, 0x000002d8877f0000, 0x000002d887ad0000]
 total_blobs=35983 nmethods=34682 adapters=1211
 compilation: enabled
              stopped_count=0, restarted_count=0
 full_count=0

Compilation events (20 events):
Event: 1170.729 Thread 0x000002d8deb7d0e0 nmethod 46928 0x000002d88997b610 code [0x000002d88997b7a0, 0x000002d88997b8c8]
Event: 1170.729 Thread 0x000002d8deb7d0e0 46929       4       org.jetbrains.kotlin.protobuf.CodedOutputStream::flush (12 bytes)
Event: 1170.729 Thread 0x000002d8deb7d0e0 nmethod 46929 0x000002d88997ba90 code [0x000002d88997bc20, 0x000002d88997bce8]
Event: 1170.729 Thread 0x000002d8deb7d0e0 46933   !   4       org.jetbrains.kotlin.metadata.ProtoBuf$Annotation::<init> (344 bytes)
Event: 1170.730 Thread 0x000002d8deb7f0c0 nmethod 46931 0x000002d88997bd90 code [0x000002d88997bf20, 0x000002d88997c1a8]
Event: 1170.730 Thread 0x000002d8deb7f0c0 46940       4       org.jetbrains.kotlin.metadata.deserialization.NameResolverImpl::getQualifiedClassName (104 bytes)
Event: 1170.756 Thread 0x000002d8a24652d0 nmethod 46944 0x000002d8820f7b10 code [0x000002d8820f8360, 0x000002d8820fca98]
Event: 1170.756 Thread 0x000002d8a24652d0 46948       2       org.jetbrains.kotlin.serialization.deserialization.NameResolverUtilKt::getName (23 bytes)
Event: 1170.758 Thread 0x000002d8a24652d0 nmethod 46948 0x000002d883db1410 code [0x000002d883db1640, 0x000002d883db1b28]
Event: 1170.758 Thread 0x000002d8a24652d0 46951       3       org.jetbrains.kotlin.protobuf.CodedOutputStream::writeRawByte (43 bytes)
Event: 1170.758 Thread 0x000002d8a24652d0 nmethod 46951 0x000002d882762e10 code [0x000002d882762fc0, 0x000002d882763188]
Event: 1170.758 Thread 0x000002d8a24652d0 46949       3       org.jetbrains.kotlin.protobuf.CodedOutputStream::writeRawBytes (157 bytes)
Event: 1170.758 Thread 0x000002d8a24652d0 nmethod 46949 0x000002d88172a610 code [0x000002d88172a800, 0x000002d88172adc8]
Event: 1170.758 Thread 0x000002d8a24652d0 46950       3       org.jetbrains.kotlin.protobuf.ByteString::copyTo (225 bytes)
Event: 1170.760 Thread 0x000002d8a24652d0 nmethod 46950 0x000002d881727610 code [0x000002d881727ae0, 0x000002d881729978]
Event: 1170.760 Thread 0x000002d8a24652d0 46958       3       org.jetbrains.kotlin.metadata.ProtoBuf$Type::getSerializedSize (393 bytes)
Event: 1170.761 Thread 0x000002d8a24652d0 nmethod 46958 0x000002d8841f0910 code [0x000002d8841f0ec0, 0x000002d8841f38a8]
Event: 1170.761 Thread 0x000002d8a24652d0 46967       3       com.intellij.openapi.util.UserDataHolderBase::putUserData (60 bytes)
Event: 1170.762 Thread 0x000002d8a24652d0 nmethod 46967 0x000002d88057fd90 code [0x000002d8805800c0, 0x000002d8805814f8]
Event: 1170.762 Thread 0x000002d8a24652d0 46960       3       org.jetbrains.kotlin.protobuf.FieldSet::getSerializedSize (109 bytes)

GC Heap History (20 events):
Event: 1142.998 GC heap after
{Heap after GC invocations=92 (full 0):
 garbage-first heap   total 2506752K, used 579392K [0x0000000600000000, 0x0000000800000000)
  region size 4096K, 14 young (57344K), 14 survivors (57344K)
 Metaspace       used 214591K, committed 217792K, reserved 1048576K
  class space    used 26809K, committed 28288K, reserved 851968K
}
Event: 1143.264 GC heap before
{Heap before GC invocations=92 (full 0):
 garbage-first heap   total 2506752K, used 1083200K [0x0000000600000000, 0x0000000800000000)
  region size 4096K, 138 young (565248K), 14 survivors (57344K)
 Metaspace       used 217053K, committed 220224K, reserved 1048576K
  class space    used 27365K, committed 28800K, reserved 851968K
}
Event: 1143.321 GC heap after
{Heap after GC invocations=93 (full 0):
 garbage-first heap   total 2506752K, used 627012K [0x0000000600000000, 0x0000000800000000)
  region size 4096K, 16 young (65536K), 16 survivors (65536K)
 Metaspace       used 217053K, committed 220224K, reserved 1048576K
  class space    used 27365K, committed 28800K, reserved 851968K
}
Event: 1144.864 GC heap before
{Heap before GC invocations=93 (full 0):
 garbage-first heap   total 2506752K, used 1249604K [0x0000000600000000, 0x0000000800000000)
  region size 4096K, 169 young (692224K), 16 survivors (65536K)
 Metaspace       used 235517K, committed 238720K, reserved 1114112K
  class space    used 30167K, committed 31616K, reserved 851968K
}
Event: 1145.039 GC heap after
{Heap after GC invocations=94 (full 0):
 garbage-first heap   total 2506752K, used 730972K [0x0000000600000000, 0x0000000800000000)
  region size 4096K, 22 young (90112K), 22 survivors (90112K)
 Metaspace       used 235517K, committed 238720K, reserved 1114112K
  class space    used 30167K, committed 31616K, reserved 851968K
}
Event: 1145.450 GC heap before
{Heap before GC invocations=94 (full 0):
 garbage-first heap   total 2506752K, used 1029980K [0x0000000600000000, 0x0000000800000000)
  region size 4096K, 96 young (393216K), 22 survivors (90112K)
 Metaspace       used 237415K, committed 240704K, reserved 1114112K
  class space    used 30570K, committed 32064K, reserved 851968K
}
Event: 1145.601 GC heap after
{Heap after GC invocations=95 (full 0):
 garbage-first heap   total 2506752K, used 797167K [0x0000000600000000, 0x0000000800000000)
  region size 4096K, 12 young (49152K), 12 survivors (49152K)
 Metaspace       used 237415K, committed 240704K, reserved 1114112K
  class space    used 30570K, committed 32064K, reserved 851968K
}
Event: 1146.915 GC heap before
{Heap before GC invocations=95 (full 0):
 garbage-first heap   total 2506752K, used 1108463K [0x0000000600000000, 0x0000000800000000)
  region size 4096K, 87 young (356352K), 12 survivors (49152K)
 Metaspace       used 246751K, committed 250176K, reserved 1114112K
  class space    used 31776K, committed 33344K, reserved 851968K
}
Event: 1147.072 GC heap after
{Heap after GC invocations=96 (full 0):
 garbage-first heap   total 3981312K, used 874274K [0x0000000600000000, 0x0000000800000000)
  region size 4096K, 11 young (45056K), 11 survivors (45056K)
 Metaspace       used 246751K, committed 250176K, reserved 1114112K
  class space    used 31776K, committed 33344K, reserved 851968K
}
Event: 1148.007 GC heap before
{Heap before GC invocations=96 (full 0):
 garbage-first heap   total 3981312K, used 1034018K [0x0000000600000000, 0x0000000800000000)
  region size 4096K, 52 young (212992K), 11 survivors (45056K)
 Metaspace       used 254506K, committed 258368K, reserved 1114112K
  class space    used 32800K, committed 34560K, reserved 851968K
}
Event: 1148.114 GC heap after
{Heap after GC invocations=97 (full 0):
 garbage-first heap   total 3981312K, used 909312K [0x0000000600000000, 0x0000000800000000)
  region size 4096K, 7 young (28672K), 7 survivors (28672K)
 Metaspace       used 254506K, committed 258368K, reserved 1114112K
  class space    used 32800K, committed 34560K, reserved 851968K
}
Event: 1150.460 GC heap before
{Heap before GC invocations=97 (full 0):
 garbage-first heap   total 3981312K, used 1282048K [0x0000000600000000, 0x0000000800000000)
  region size 4096K, 99 young (405504K), 7 survivors (28672K)
 Metaspace       used 269412K, committed 273344K, reserved 1114112K
  class space    used 34883K, committed 36672K, reserved 851968K
}
Event: 1150.509 GC heap after
{Heap after GC invocations=98 (full 0):
 garbage-first heap   total 3981312K, used 962363K [0x0000000600000000, 0x0000000800000000)
  region size 4096K, 12 young (49152K), 12 survivors (49152K)
 Metaspace       used 269412K, committed 273344K, reserved 1114112K
  class space    used 34883K, committed 36672K, reserved 851968K
}
Event: 1151.381 GC heap before
{Heap before GC invocations=98 (full 0):
 garbage-first heap   total 3981312K, used 1314619K [0x0000000600000000, 0x0000000800000000)
  region size 4096K, 99 young (405504K), 12 survivors (49152K)
 Metaspace       used 267029K, committed 272384K, reserved 1114112K
  class space    used 34799K, committed 36928K, reserved 851968K
}
Event: 1151.411 GC heap after
{Heap after GC invocations=99 (full 0):
 garbage-first heap   total 3981312K, used 989860K [0x0000000600000000, 0x0000000800000000)
  region size 4096K, 7 young (28672K), 7 survivors (28672K)
 Metaspace       used 267029K, committed 272384K, reserved 1114112K
  class space    used 34799K, committed 36928K, reserved 851968K
}
Event: 1152.024 GC heap before
{Heap before GC invocations=100 (full 0):
 garbage-first heap   total 3981312K, used 1559204K [0x0000000600000000, 0x0000000800000000)
  region size 4096K, 146 young (598016K), 7 survivors (28672K)
 Metaspace       used 268794K, committed 272576K, reserved 1114112K
  class space    used 35104K, committed 36928K, reserved 851968K
}
Event: 1152.053 GC heap after
{Heap after GC invocations=101 (full 0):
 garbage-first heap   total 3981312K, used 1019111K [0x0000000600000000, 0x0000000800000000)
  region size 4096K, 15 young (61440K), 15 survivors (61440K)
 Metaspace       used 268794K, committed 272576K, reserved 1114112K
  class space    used 35104K, committed 36928K, reserved 851968K
}
Event: 1152.162 GC heap before
{Heap before GC invocations=101 (full 0):
 garbage-first heap   total 3981312K, used 1154279K [0x0000000600000000, 0x0000000800000000)
  region size 4096K, 48 young (196608K), 15 survivors (61440K)
 Metaspace       used 269308K, committed 273024K, reserved 1114112K
  class space    used 35148K, committed 36928K, reserved 851968K
}
Event: 1152.234 GC heap after
{Heap after GC invocations=102 (full 0):
 garbage-first heap   total 3981312K, used 999551K [0x0000000600000000, 0x0000000800000000)
  region size 4096K, 3 young (12288K), 3 survivors (12288K)
 Metaspace       used 269308K, committed 273024K, reserved 1114112K
  class space    used 35148K, committed 36928K, reserved 851968K
}
Event: 1170.791 GC heap before
{Heap before GC invocations=102 (full 0):
 garbage-first heap   total 3981312K, used 2158719K [0x0000000600000000, 0x0000000800000000)
  region size 4096K, 287 young (1175552K), 3 survivors (12288K)
 Metaspace       used 288876K, committed 292608K, reserved 1114112K
  class space    used 37693K, committed 39424K, reserved 851968K
}

Dll operation events (17 events):
Event: 0.008 Loaded shared library C:\Program Files\Eclipse Adoptium\jdk-17.0.18.8-hotspot\bin\java.dll
Event: 0.020 Loaded shared library C:\Program Files\Eclipse Adoptium\jdk-17.0.18.8-hotspot\bin\jsvml.dll
Event: 0.046 Loaded shared library C:\Program Files\Eclipse Adoptium\jdk-17.0.18.8-hotspot\bin\zip.dll
Event: 0.049 Loaded shared library C:\Program Files\Eclipse Adoptium\jdk-17.0.18.8-hotspot\bin\instrument.dll
Event: 0.051 Loaded shared library C:\Program Files\Eclipse Adoptium\jdk-17.0.18.8-hotspot\bin\net.dll
Event: 0.052 Loaded shared library C:\Program Files\Eclipse Adoptium\jdk-17.0.18.8-hotspot\bin\nio.dll
Event: 0.053 Loaded shared library C:\Program Files\Eclipse Adoptium\jdk-17.0.18.8-hotspot\bin\zip.dll
Event: 0.188 Loaded shared library C:\Program Files\Eclipse Adoptium\jdk-17.0.18.8-hotspot\bin\jimage.dll
Event: 0.262 Loaded shared library C:\Program Files\Eclipse Adoptium\jdk-17.0.18.8-hotspot\bin\verify.dll
Event: 0.326 Loaded shared library C:\Users\fuadh\.gradle\native\1def1411415f61bf3af743bc5b6707747c0891f09f0c88961ee8f79bc544acac\windows-amd64\native-platform.dll
Event: 0.338 Loaded shared library C:\Users\fuadh\.gradle\native\0.2.7\x86_64-windows-gnu\gradle-fileevents.dll
Event: 1.250 Loaded shared library C:\Program Files\Eclipse Adoptium\jdk-17.0.18.8-hotspot\bin\management.dll
Event: 1.252 Loaded shared library C:\Program Files\Eclipse Adoptium\jdk-17.0.18.8-hotspot\bin\management_ext.dll
Event: 1.345 Loaded shared library C:\Program Files\Eclipse Adoptium\jdk-17.0.18.8-hotspot\bin\extnet.dll
Event: 1.488 Loaded shared library C:\Program Files\Eclipse Adoptium\jdk-17.0.18.8-hotspot\bin\sunmscapi.dll
Event: 852.652 Loaded shared library C:\Program Files\Eclipse Adoptium\jdk-17.0.18.8-hotspot\bin\rmi.dll
Event: 1141.008 Loaded shared library C:\Program Files\Eclipse Adoptium\jdk-17.0.18.8-hotspot\bin\awt.dll

Deoptimization events (20 events):
Event: 1169.543 Thread 0x000002d8eb0e7e00 Uncommon trap: trap_request=0xffffffc6 fr.pc=0x000002d88990606c relative=0x00000000000035ec
Event: 1169.543 Thread 0x000002d8eb0e7e00 Uncommon trap: reason=bimorphic_or_optimized_type_check action=maybe_recompile pc=0x000002d88990606c method=org.jetbrains.kotlin.protobuf.GeneratedMessageLite.parseUnknownField(Lorg/jetbrains/kotlin/protobuf/FieldSet;Lorg/jetbrains/kotlin/protobuf/Message
Event: 1169.543 Thread 0x000002d8eb0e7e00 DEOPT PACKING pc=0x000002d88990606c sp=0x000000e31d4fb6d0
Event: 1169.543 Thread 0x000002d8eb0e7e00 DEOPT UNPACKING pc=0x000002d8875869a3 sp=0x000000e31d4fb678 mode 2
Event: 1169.643 Thread 0x000002d8eb0e7e00 Uncommon trap: trap_request=0xffffffc6 fr.pc=0x000002d88990606c relative=0x00000000000035ec
Event: 1169.643 Thread 0x000002d8eb0e7e00 Uncommon trap: reason=bimorphic_or_optimized_type_check action=maybe_recompile pc=0x000002d88990606c method=org.jetbrains.kotlin.protobuf.GeneratedMessageLite.parseUnknownField(Lorg/jetbrains/kotlin/protobuf/FieldSet;Lorg/jetbrains/kotlin/protobuf/Message
Event: 1169.643 Thread 0x000002d8eb0e7e00 DEOPT PACKING pc=0x000002d88990606c sp=0x000000e31d4fb6d0
Event: 1169.643 Thread 0x000002d8eb0e7e00 DEOPT UNPACKING pc=0x000002d8875869a3 sp=0x000000e31d4fb678 mode 2
Event: 1169.731 Thread 0x000002d8eb0e7e00 Uncommon trap: trap_request=0xffffffde fr.pc=0x000002d88981e2b4 relative=0x00000000000009d4
Event: 1169.731 Thread 0x000002d8eb0e7e00 Uncommon trap: reason=class_check action=maybe_recompile pc=0x000002d88981e2b4 method=org.jetbrains.kotlin.protobuf.FieldSet.isInitialized(Ljava/util/Map$Entry;)Z @ 92 c2
Event: 1169.731 Thread 0x000002d8eb0e7e00 DEOPT PACKING pc=0x000002d88981e2b4 sp=0x000000e31d4fbd00
Event: 1169.731 Thread 0x000002d8eb0e7e00 DEOPT UNPACKING pc=0x000002d8875869a3 sp=0x000000e31d4fbc28 mode 2
Event: 1169.731 Thread 0x000002d8eb0e7e00 Uncommon trap: trap_request=0xffffffde fr.pc=0x000002d88981e2b4 relative=0x00000000000009d4
Event: 1169.731 Thread 0x000002d8eb0e7e00 Uncommon trap: reason=class_check action=maybe_recompile pc=0x000002d88981e2b4 method=org.jetbrains.kotlin.protobuf.FieldSet.isInitialized(Ljava/util/Map$Entry;)Z @ 92 c2
Event: 1169.732 Thread 0x000002d8eb0e7e00 DEOPT PACKING pc=0x000002d88981e2b4 sp=0x000000e31d4fbd00
Event: 1169.732 Thread 0x000002d8eb0e7e00 DEOPT UNPACKING pc=0x000002d8875869a3 sp=0x000000e31d4fbc28 mode 2
Event: 1170.720 Thread 0x000002d8eb0e5a90 Uncommon trap: trap_request=0xffffff45 fr.pc=0x000002d88981a360 relative=0x00000000000001c0
Event: 1170.720 Thread 0x000002d8eb0e5a90 Uncommon trap: reason=unstable_if action=reinterpret pc=0x000002d88981a360 method=org.jetbrains.kotlin.protobuf.CodedInputStream.readRawByte()B @ 8 c2
Event: 1170.720 Thread 0x000002d8eb0e5a90 DEOPT PACKING pc=0x000002d88981a360 sp=0x000000e31c3f7fd0
Event: 1170.720 Thread 0x000002d8eb0e5a90 DEOPT UNPACKING pc=0x000002d8875869a3 sp=0x000000e31c3f7e70 mode 2

Classes loaded (20 events):
Event: 1143.973 Loading class java/util/concurrent/ForkJoinPool$DefaultForkJoinWorkerThreadFactory$1
Event: 1143.974 Loading class java/util/concurrent/ForkJoinPool$DefaultForkJoinWorkerThreadFactory$1 done
Event: 1146.048 Loading class java/util/concurrent/CompletionException
Event: 1146.049 Loading class java/util/concurrent/CompletionException done
Event: 1146.378 Loading class java/util/jar/JarInputStream
Event: 1146.379 Loading class java/util/jar/JarInputStream done
Event: 1146.389 Loading class java/io/PushbackInputStream
Event: 1146.389 Loading class java/io/PushbackInputStream done
Event: 1147.950 Loading class java/util/IdentityHashMap$EntrySet
Event: 1147.951 Loading class java/util/IdentityHashMap$EntrySet done
Event: 1148.454 Loading class java/util/concurrent/Executors$PrivilegedThreadFactory
Event: 1148.455 Loading class java/util/concurrent/Executors$PrivilegedThreadFactory done
Event: 1148.466 Loading class java/util/concurrent/DelayQueue
Event: 1148.467 Loading class java/util/concurrent/DelayQueue done
Event: 1148.520 Loading class java/util/concurrent/Executors$PrivilegedThreadFactory$1
Event: 1148.520 Loading class java/util/concurrent/Executors$PrivilegedThreadFactory$1 done
Event: 1148.525 Loading class java/util/concurrent/Executors$PrivilegedThreadFactory$1$1
Event: 1148.528 Loading class java/util/concurrent/Executors$PrivilegedThreadFactory$1$1 done
Event: 1148.542 Loading class sun/management/NotificationEmitterSupport$ListenerInfo
Event: 1148.543 Loading class sun/management/NotificationEmitterSupport$ListenerInfo done

Classes unloaded (20 events):
Event: 1150.887 Thread 0x000002d8ff922c30 Unloading class 0x000002d8a550fbd8 'jdk/internal/jimage/ImageHeader'
Event: 1150.887 Thread 0x000002d8ff922c30 Unloading class 0x000002d8a550f9a8 'jdk/internal/jimage/BasicImageReader$2'
Event: 1150.887 Thread 0x000002d8ff922c30 Unloading class 0x000002d8a550f778 'jdk/internal/jimage/BasicImageReader$1'
Event: 1150.887 Thread 0x000002d8ff922c30 Unloading class 0x000002d8a550f510 'jdk/internal/jimage/ImageReader$Resource'
Event: 1150.887 Thread 0x000002d8ff922c30 Unloading class 0x000002d8a550f2a8 'jdk/internal/jimage/ImageReader$LinkNode'
Event: 1150.887 Thread 0x000002d8ff922c30 Unloading class 0x000002d8a550f040 'jdk/internal/jimage/ImageReader$Directory'
Event: 1150.887 Thread 0x000002d8ff922c30 Unloading class 0x000002d8a550edd8 'jdk/internal/jimage/ImageReader$Node'
Event: 1150.887 Thread 0x000002d8ff922c30 Unloading class 0x000002d8a550ebe0 'jdk/internal/jimage/ImageStrings'
Event: 1150.887 Thread 0x000002d8ff922c30 Unloading class 0x000002d8a550e920 'jdk/internal/jimage/ImageReader$SharedImageReader'
Event: 1150.887 Thread 0x000002d8ff922c30 Unloading class 0x000002d8a550e660 'jdk/internal/jimage/BasicImageReader'
Event: 1150.887 Thread 0x000002d8ff922c30 Unloading class 0x000002d8a550e440 'jdk/internal/jimage/ImageReader'
Event: 1150.887 Thread 0x000002d8ff922c30 Unloading class 0x000002d8a550e218 'jdk/internal/jrtfs/SystemImage$2'
Event: 1150.887 Thread 0x000002d8ff922c30 Unloading class 0x000002d8a550e000 'jdk/internal/jrtfs/SystemImage$$Lambda$3212+0x000002d8a550e000'
Event: 1150.887 Thread 0x000002d8ff922c30 Unloading class 0x000002d8a550dd20 'jdk/internal/jrtfs/ExplodedImage'
Event: 1150.888 Thread 0x000002d8ff922c30 Unloading class 0x000002d8a550dae8 'jdk/internal/jrtfs/SystemImage$1'
Event: 1150.888 Thread 0x000002d8ff922c30 Unloading class 0x000002d8a550d8d0 'jdk/internal/jrtfs/SystemImage'
Event: 1150.888 Thread 0x000002d8ff922c30 Unloading class 0x000002d8a550d670 'jdk/internal/jrtfs/JrtFileStore'
Event: 1150.888 Thread 0x000002d8ff922c30 Unloading class 0x000002d8a550d2f8 'jdk/internal/jrtfs/JrtPath'
Event: 1150.888 Thread 0x000002d8ff922c30 Unloading class 0x000002d8a550d000 'jdk/internal/jrtfs/JrtFileSystem'
Event: 1150.888 Thread 0x000002d8ff922c30 Unloading class 0x000002d8a550cc00 'jdk/internal/jrtfs/JrtFileSystemProvider'

Classes redefined (0 events):
No events

Internal exceptions (20 events):
Event: 1151.280 Thread 0x000002d8e99166c0 Exception <a 'java/net/ConnectException'{0x00000006e3894f18}: Connection refused: connect> (0x00000006e3894f18) 
thrown [s\src\hotspot\share\prims\jni.cpp, line 535]
Event: 1151.281 Thread 0x000002d8e99166c0 Exception <a 'java/net/SocketException'{0x00000006e3895250}: Socket is not connected: shutdown> (0x00000006e3895250) 
thrown [s\src\hotspot\share\prims\jni.cpp, line 535]
Event: 1151.292 Thread 0x000002d8e898a1e0 Exception <a 'java/net/ConnectException'{0x00000006e3e9f1e8}: Connection refused: connect> (0x00000006e3e9f1e8) 
thrown [s\src\hotspot\share\prims\jni.cpp, line 535]
Event: 1151.292 Thread 0x000002d8de3e6d20 Exception <a 'java/net/ConnectException'{0x00000006e3e7f4d0}: Connection refused: connect> (0x00000006e3e7f4d0) 
thrown [s\src\hotspot\share\prims\jni.cpp, line 535]
Event: 1151.292 Thread 0x000002d8e898a1e0 Exception <a 'java/net/SocketException'{0x00000006e3e9f520}: Socket is not connected: shutdown> (0x00000006e3e9f520) 
thrown [s\src\hotspot\share\prims\jni.cpp, line 535]
Event: 1151.292 Thread 0x000002d8de3e6d20 Exception <a 'java/net/SocketException'{0x00000006e3e7f808}: Socket is not connected: shutdown> (0x00000006e3e7f808) 
thrown [s\src\hotspot\share\prims\jni.cpp, line 535]
Event: 1151.292 Thread 0x000002d8e99166c0 Exception <a 'java/net/ConnectException'{0x00000006e3895a80}: Connection refused: connect> (0x00000006e3895a80) 
thrown [s\src\hotspot\share\prims\jni.cpp, line 535]
Event: 1151.292 Thread 0x000002d8e99166c0 Exception <a 'java/net/SocketException'{0x00000006e3895db8}: Socket is not connected: shutdown> (0x00000006e3895db8) 
thrown [s\src\hotspot\share\prims\jni.cpp, line 535]
Event: 1151.304 Thread 0x000002d8e898a1e0 Exception <a 'java/net/ConnectException'{0x00000006e3e9fd50}: Connection refused: connect> (0x00000006e3e9fd50) 
thrown [s\src\hotspot\share\prims\jni.cpp, line 535]
Event: 1151.304 Thread 0x000002d8e99166c0 Exception <a 'java/net/ConnectException'{0x00000006e38965e8}: Connection refused: connect> (0x00000006e38965e8) 
thrown [s\src\hotspot\share\prims\jni.cpp, line 535]
Event: 1151.304 Thread 0x000002d8e898a1e0 Exception <a 'java/net/SocketException'{0x00000006e3ea0088}: Socket is not connected: shutdown> (0x00000006e3ea0088) 
thrown [s\src\hotspot\share\prims\jni.cpp, line 535]
Event: 1151.304 Thread 0x000002d8e99166c0 Exception <a 'java/net/SocketException'{0x00000006e3896920}: Socket is not connected: shutdown> (0x00000006e3896920) 
thrown [s\src\hotspot\share\prims\jni.cpp, line 535]
Event: 1151.304 Thread 0x000002d8de3e6d20 Exception <a 'java/net/ConnectException'{0x00000006e3e80038}: Connection refused: connect> (0x00000006e3e80038) 
thrown [s\src\hotspot\share\prims\jni.cpp, line 535]
Event: 1151.304 Thread 0x000002d8de3e6d20 Exception <a 'java/net/SocketException'{0x00000006e3e80370}: Socket is not connected: shutdown> (0x00000006e3e80370) 
thrown [s\src\hotspot\share\prims\jni.cpp, line 535]
Event: 1151.606 Thread 0x000002d8eb0e9240 Exception <a 'java/lang/NoSuchMethodError'{0x00000006f2aece48}: 'long java.lang.invoke.DirectMethodHandle$Holder.invokeStatic(java.lang.Object, int)'> (0x00000006f2aece48) 
thrown [s\src\hotspot\share\interpreter\linkResolver.cpp, line 759]
Event: 1151.610 Thread 0x000002d8eb0e9240 Exception <a 'java/lang/NoSuchMethodError'{0x00000006f2af4918}: 'void java.lang.invoke.DelegatingMethodHandle$Holder.reinvoke_L(java.lang.Object, java.lang.Object, java.lang.Object, long)'> (0x00000006f2af4918) 
thrown [s\src\hotspot\share\interpreter\linkResolver.cpp, line 759]
Event: 1163.334 Thread 0x000002d8eb0e78f0 Implicit null exception at 0x000002d88991f851 to 0x000002d88992010c
Event: 1163.689 Thread 0x000002d8eb0e3c30 Exception <a 'java/lang/NoSuchMethodError'{0x00000006adfbb498}: 'java.lang.Object java.lang.invoke.DirectMethodHandle$Holder.newInvokeSpecial(java.lang.Object, java.lang.Object, java.lang.Object, int, java.lang.Object)'> (0x00000006adfbb498) 
thrown [s\src\hotspot\share\interpreter\linkResolver.cpp, line 759]
Event: 1163.967 Thread 0x000002d8eb0e3c30 Exception <a 'java/lang/NoSuchMethodError'{0x00000006adfbf418}: 'java.lang.Object java.lang.invoke.Invokers$Holder.linkToTargetMethod(java.lang.Object, java.lang.Object, int, java.lang.Object, java.lang.Object)'> (0x00000006adfbf418) 
thrown [s\src\hotspot\share\interpreter\linkResolver.cpp, line 759]
Event: 1167.058 Thread 0x000002d8eabef900 Exception <a 'java/lang/NoSuchMethodError'{0x00000006ad254d18}: 'java.lang.Object java.lang.invoke.DirectMethodHandle$Holder.invokeStatic(java.lang.Object, java.lang.Object, int, java.lang.Object, java.lang.Object)'> (0x00000006ad254d18) 
thrown [s\src\hotspot\share\interpreter\linkResolver.cpp, line 759]

VM Operations (20 events):
Event: 1163.204 Executing VM operation: HandshakeAllThreads done
Event: 1164.205 Executing VM operation: Cleanup
Event: 1164.208 Executing VM operation: Cleanup done
Event: 1165.209 Executing VM operation: Cleanup
Event: 1165.284 Executing VM operation: Cleanup done
Event: 1165.906 Executing VM operation: HandshakeAllThreads
Event: 1165.940 Executing VM operation: HandshakeAllThreads done
Event: 1166.832 Executing VM operation: HandshakeAllThreads
Event: 1166.863 Executing VM operation: HandshakeAllThreads done
Event: 1166.863 Executing VM operation: Cleanup
Event: 1166.885 Executing VM operation: Cleanup done
Event: 1167.885 Executing VM operation: Cleanup
Event: 1167.924 Executing VM operation: Cleanup done
Event: 1168.336 Executing VM operation: HandshakeAllThreads
Event: 1168.374 Executing VM operation: HandshakeAllThreads done
Event: 1169.375 Executing VM operation: Cleanup
Event: 1169.380 Executing VM operation: Cleanup done
Event: 1170.380 Executing VM operation: Cleanup
Event: 1170.407 Executing VM operation: Cleanup done
Event: 1170.762 Executing VM operation: G1CollectForAllocation

Memory protections (0 events):
No events

Nmethod flushes (20 events):
Event: 1151.628 Thread 0x000002d8a247ca30 flushing  nmethod 0x000002d88378ba10
Event: 1151.629 Thread 0x000002d8a247ca30 flushing  nmethod 0x000002d8838cb010
Event: 1151.629 Thread 0x000002d8a247ca30 flushing  nmethod 0x000002d8838df690
Event: 1151.632 Thread 0x000002d8a247ca30 flushing  nmethod 0x000002d883bf6110
Event: 1151.632 Thread 0x000002d8a247ca30 flushing  nmethod 0x000002d883c2de10
Event: 1151.632 Thread 0x000002d8a247ca30 flushing  nmethod 0x000002d883ccc090
Event: 1151.632 Thread 0x000002d8a247ca30 flushing  nmethod 0x000002d883ccc490
Event: 1151.633 Thread 0x000002d8a247ca30 flushing  nmethod 0x000002d883ce6490
Event: 1151.633 Thread 0x000002d8a247ca30 flushing  nmethod 0x000002d883cefb90
Event: 1151.633 Thread 0x000002d8a247ca30 flushing  nmethod 0x000002d883cf8d10
Event: 1151.633 Thread 0x000002d8a247ca30 flushing  nmethod 0x000002d883cf9190
Event: 1151.633 Thread 0x000002d8a247ca30 flushing  nmethod 0x000002d883d8cd10
Event: 1151.634 Thread 0x000002d8a247ca30 flushing  nmethod 0x000002d883e1ba10
Event: 1151.635 Thread 0x000002d8a247ca30 flushing  nmethod 0x000002d883f36390
Event: 1151.635 Thread 0x000002d8a247ca30 flushing  nmethod 0x000002d883f36d10
Event: 1151.635 Thread 0x000002d8a247ca30 flushing  nmethod 0x000002d883f43d90
Event: 1151.636 Thread 0x000002d8a247ca30 flushing  nmethod 0x000002d883f66310
Event: 1151.636 Thread 0x000002d8a247ca30 flushing  nmethod 0x000002d883fb0110
Event: 1151.636 Thread 0x000002d8a247ca30 flushing  nmethod 0x000002d88403e010
Event: 1151.637 Thread 0x000002d8a247ca30 flushing  nmethod 0x000002d884118210

Events (20 events):
Event: 1143.979 Thread 0x000002d8e898d480 Thread added: 0x000002d8eb0e1dd0
Event: 1143.980 Thread 0x000002d8eabef900 Thread added: 0x000002d8eb0e8d30
Event: 1148.477 Thread 0x000002d8eb0e3c30 Thread added: 0x000002d9090470a0
Event: 1148.521 Thread 0x000002d8eb0e3c30 Thread added: 0x000002d909046b90
Event: 1150.712 Thread 0x000002d8eb0e9240 Thread added: 0x000002d90904a850
Event: 1152.409 Thread 0x000002d8eb0e3c30 Thread added: 0x000002d90904b270
Event: 1153.567 Thread 0x000002d8ea43fc30 Thread exited: 0x000002d8ea43fc30
Event: 1155.080 Thread 0x000002d8ea4416c0 Thread exited: 0x000002d8ea4416c0
Event: 1160.649 Thread 0x000002d8a2463500 Thread added: 0x000002d8deb7cb90
Event: 1162.401 Thread 0x000002d8deb7cb90 Thread exited: 0x000002d8deb7cb90
Event: 1162.444 Thread 0x000002d8a2463500 Thread added: 0x000002d8deb7eb70
Event: 1162.747 Thread 0x000002d8deb7eb70 Thread exited: 0x000002d8deb7eb70
Event: 1168.853 Thread 0x000002d8a24652d0 Thread added: 0x000002d8deb7f0c0
Event: 1168.853 Thread 0x000002d8a24652d0 Thread added: 0x000002d8deb7c0f0
Event: 1169.380 Thread 0x000002d8deb7c0f0 Thread exited: 0x000002d8deb7c0f0
Event: 1169.380 Thread 0x000002d8deb7f0c0 Thread exited: 0x000002d8deb7f0c0
Event: 1169.381 Thread 0x000002d8a24652d0 Thread added: 0x000002d8deb7f0c0
Event: 1169.516 Thread 0x000002d8deb7f0c0 Thread exited: 0x000002d8deb7f0c0
Event: 1170.654 Thread 0x000002d8a2463500 Thread added: 0x000002d8deb7d0e0
Event: 1170.727 Thread 0x000002d8a24652d0 Thread added: 0x000002d8deb7f0c0


Dynamic libraries:
0x00007ff6d5830000 - 0x00007ff6d583e000 	C:\Program Files\Eclipse Adoptium\jdk-17.0.18.8-hotspot\bin\java.exe
0x00007ffd859a0000 - 0x00007ffd85c06000 	C:\WINDOWS\SYSTEM32\ntdll.dll
0x00007ffd83ec0000 - 0x00007ffd83f89000 	C:\WINDOWS\System32\KERNEL32.DLL
0x00007ffd83020000 - 0x00007ffd8341a000 	C:\WINDOWS\System32\KERNELBASE.dll
0x00007ffd82c30000 - 0x00007ffd82d7c000 	C:\WINDOWS\System32\ucrtbase.dll
0x00007ffd4eed0000 - 0x00007ffd4eee8000 	C:\Program Files\Eclipse Adoptium\jdk-17.0.18.8-hotspot\bin\jli.dll
0x00007ffd4d3e0000 - 0x00007ffd4d3fe000 	C:\Program Files\Eclipse Adoptium\jdk-17.0.18.8-hotspot\bin\VCRUNTIME140.dll
0x00007ffd84a20000 - 0x00007ffd84be7000 	C:\WINDOWS\System32\USER32.dll
0x00007ffd835a0000 - 0x00007ffd835c7000 	C:\WINDOWS\System32\win32u.dll
0x00007ffd6fd00000 - 0x00007ffd6ff92000 	C:\WINDOWS\WinSxS\amd64_microsoft.windows.common-controls_6595b64144ccf1df_6.0.26100.8521_none_3e08b75ce33403b3\COMCTL32.dll
0x00007ffd85530000 - 0x00007ffd8555b000 	C:\WINDOWS\System32\GDI32.dll
0x00007ffd84bf0000 - 0x00007ffd84c99000 	C:\WINDOWS\System32\msvcrt.dll
0x00007ffd82d80000 - 0x00007ffd82eab000 	C:\WINDOWS\System32\gdi32full.dll
0x00007ffd83660000 - 0x00007ffd83703000 	C:\WINDOWS\System32\msvcp_win.dll
0x00007ffd85470000 - 0x00007ffd854a2000 	C:\WINDOWS\System32\IMM32.DLL
0x00007ffd59dd0000 - 0x00007ffd59ddc000 	C:\Program Files\Eclipse Adoptium\jdk-17.0.18.8-hotspot\bin\vcruntime140_1.dll
0x00007ffd20900000 - 0x00007ffd2098d000 	C:\Program Files\Eclipse Adoptium\jdk-17.0.18.8-hotspot\bin\msvcp140.dll
0x00007ffc84490000 - 0x00007ffc850fb000 	C:\Program Files\Eclipse Adoptium\jdk-17.0.18.8-hotspot\bin\server\jvm.dll
0x00007ffd84880000 - 0x00007ffd84936000 	C:\WINDOWS\System32\ADVAPI32.dll
0x00007ffd857a0000 - 0x00007ffd8584a000 	C:\WINDOWS\System32\sechost.dll
0x00007ffd83710000 - 0x00007ffd83828000 	C:\WINDOWS\System32\RPCRT4.dll
0x00007ffd83e30000 - 0x00007ffd83eb0000 	C:\WINDOWS\System32\WS2_32.dll
0x00007ffd82a90000 - 0x00007ffd82aee000 	C:\WINDOWS\SYSTEM32\POWRPROF.dll
0x00007ffd7a8b0000 - 0x00007ffd7a8e6000 	C:\WINDOWS\SYSTEM32\WINMM.dll
0x00007ffd72780000 - 0x00007ffd7278b000 	C:\WINDOWS\SYSTEM32\VERSION.dll
0x00007ffd82a70000 - 0x00007ffd82a84000 	C:\WINDOWS\SYSTEM32\UMPDC.dll
0x00007ffd81980000 - 0x00007ffd8199b000 	C:\WINDOWS\SYSTEM32\kernel.appcore.dll
0x00007ffd55b40000 - 0x00007ffd55b4a000 	C:\Program Files\Eclipse Adoptium\jdk-17.0.18.8-hotspot\bin\jimage.dll
0x00007ffd709c0000 - 0x00007ffd70c02000 	C:\WINDOWS\SYSTEM32\DBGHELP.DLL
0x00007ffd84ca0000 - 0x00007ffd85023000 	C:\WINDOWS\System32\combase.dll
0x00007ffd84940000 - 0x00007ffd84a19000 	C:\WINDOWS\System32\OLEAUT32.dll
0x00007ffd6ffa0000 - 0x00007ffd6ffdb000 	C:\WINDOWS\SYSTEM32\dbgcore.DLL
0x00007ffd82eb0000 - 0x00007ffd82f58000 	C:\WINDOWS\System32\bcryptPrimitives.dll
0x00007ffd5f4a0000 - 0x00007ffd5f4ae000 	C:\Program Files\Eclipse Adoptium\jdk-17.0.18.8-hotspot\bin\instrument.dll
0x00007ffd28a30000 - 0x00007ffd28a55000 	C:\Program Files\Eclipse Adoptium\jdk-17.0.18.8-hotspot\bin\java.dll
0x00007ffd20390000 - 0x00007ffd20467000 	C:\Program Files\Eclipse Adoptium\jdk-17.0.18.8-hotspot\bin\jsvml.dll
0x00007ffd84080000 - 0x00007ffd84804000 	C:\WINDOWS\System32\SHELL32.dll
0x00007ffd807d0000 - 0x00007ffd81050000 	C:\WINDOWS\SYSTEM32\windows.storage.dll
0x00007ffd85850000 - 0x00007ffd85946000 	C:\WINDOWS\System32\SHCORE.dll
0x00007ffd84810000 - 0x00007ffd84877000 	C:\WINDOWS\System32\shlwapi.dll
0x00007ffd82b50000 - 0x00007ffd82b79000 	C:\WINDOWS\SYSTEM32\profapi.dll
0x00007ffd2a720000 - 0x00007ffd2a738000 	C:\Program Files\Eclipse Adoptium\jdk-17.0.18.8-hotspot\bin\zip.dll
0x00007ffd2ae10000 - 0x00007ffd2ae2a000 	C:\Program Files\Eclipse Adoptium\jdk-17.0.18.8-hotspot\bin\net.dll
0x00007ffd7c5b0000 - 0x00007ffd7c6d9000 	C:\WINDOWS\SYSTEM32\WINHTTP.dll
0x00007ffd81ed0000 - 0x00007ffd81f3c000 	C:\WINDOWS\system32\mswsock.dll
0x00007ffd2adc0000 - 0x00007ffd2add6000 	C:\Program Files\Eclipse Adoptium\jdk-17.0.18.8-hotspot\bin\nio.dll
0x00007ffd53490000 - 0x00007ffd534a0000 	C:\Program Files\Eclipse Adoptium\jdk-17.0.18.8-hotspot\bin\verify.dll
0x00007ffd22d60000 - 0x00007ffd22d87000 	C:\Users\fuadh\.gradle\native\1def1411415f61bf3af743bc5b6707747c0891f09f0c88961ee8f79bc544acac\windows-amd64\native-platform.dll
0x00007ffd1dfa0000 - 0x00007ffd1e018000 	C:\Users\fuadh\.gradle\native\0.2.7\x86_64-windows-gnu\gradle-fileevents.dll
0x00007ffd53450000 - 0x00007ffd5345a000 	C:\Program Files\Eclipse Adoptium\jdk-17.0.18.8-hotspot\bin\management.dll
0x00007ffd53410000 - 0x00007ffd5341c000 	C:\Program Files\Eclipse Adoptium\jdk-17.0.18.8-hotspot\bin\management_ext.dll
0x00007ffd85430000 - 0x00007ffd85438000 	C:\WINDOWS\System32\PSAPI.DLL
0x00007ffd81360000 - 0x00007ffd81393000 	C:\WINDOWS\SYSTEM32\IPHLPAPI.DLL
0x00007ffd83f90000 - 0x00007ffd83f9a000 	C:\WINDOWS\System32\NSI.dll
0x00007ffd7c240000 - 0x00007ffd7c25d000 	C:\WINDOWS\SYSTEM32\dhcpcsvc6.DLL
0x00007ffd7c210000 - 0x00007ffd7c235000 	C:\WINDOWS\SYSTEM32\dhcpcsvc.DLL
0x00007ffd813f0000 - 0x00007ffd8153a000 	C:\WINDOWS\SYSTEM32\DNSAPI.dll
0x00007ffd81cf0000 - 0x00007ffd81cfd000 	C:\WINDOWS\SYSTEM32\DSPARSE.dll
0x00007ffd51260000 - 0x00007ffd51269000 	C:\Program Files\Eclipse Adoptium\jdk-17.0.18.8-hotspot\bin\extnet.dll
0x00007ffd822d0000 - 0x00007ffd822eb000 	C:\WINDOWS\SYSTEM32\CRYPTSP.dll
0x00007ffd818e0000 - 0x00007ffd81919000 	C:\WINDOWS\system32\rsaenh.dll
0x00007ffd81f80000 - 0x00007ffd81fb3000 	C:\WINDOWS\SYSTEM32\USERENV.dll
0x00007ffd82b20000 - 0x00007ffd82b4a000 	C:\WINDOWS\SYSTEM32\bcrypt.dll
0x00007ffd82130000 - 0x00007ffd8213c000 	C:\WINDOWS\SYSTEM32\CRYPTBASE.dll
0x00007ffd514e0000 - 0x00007ffd514ee000 	C:\Program Files\Eclipse Adoptium\jdk-17.0.18.8-hotspot\bin\sunmscapi.dll
0x00007ffd83420000 - 0x00007ffd83598000 	C:\WINDOWS\System32\CRYPT32.dll
0x00007ffd82430000 - 0x00007ffd82460000 	C:\WINDOWS\SYSTEM32\ncrypt.dll
0x00007ffd823e0000 - 0x00007ffd8241f000 	C:\WINDOWS\SYSTEM32\NTASN1.dll
0x00007ffd6df80000 - 0x00007ffd6df88000 	C:\WINDOWS\system32\wshunix.dll
0x00007ffd81aa0000 - 0x00007ffd81ad6000 	C:\WINDOWS\SYSTEM32\ntmarta.dll
0x00007ffd501b0000 - 0x00007ffd501b7000 	C:\Program Files\Eclipse Adoptium\jdk-17.0.18.8-hotspot\bin\rmi.dll
0x00007ffcad5c0000 - 0x00007ffcad751000 	C:\Program Files\Eclipse Adoptium\jdk-17.0.18.8-hotspot\bin\awt.dll
0x00007ffd7fc00000 - 0x00007ffd7fca0000 	C:\WINDOWS\SYSTEM32\apphelp.dll
0x00007ffd7fe50000 - 0x00007ffd7fefa000 	C:\WINDOWS\system32\uxtheme.dll
0x00007ffd850f0000 - 0x00007ffd8524d000 	C:\WINDOWS\System32\MSCTF.dll
0x00007ffd85580000 - 0x00007ffd85718000 	C:\WINDOWS\System32\ole32.dll

dbghelp: loaded successfully - version: 4.0.5 - missing functions: none
symbol engine: initialized successfully - sym options: 0x614 - pdb path: .;C:\Program Files\Eclipse Adoptium\jdk-17.0.18.8-hotspot\bin;C:\WINDOWS\SYSTEM32;C:\WINDOWS\WinSxS\amd64_microsoft.windows.common-controls_6595b64144ccf1df_6.0.26100.8521_none_3e08b75ce33403b3;C:\Program Files\Eclipse Adoptium\jdk-17.0.18.8-hotspot\bin\server;C:\Users\fuadh\.gradle\native\1def1411415f61bf3af743bc5b6707747c0891f09f0c88961ee8f79bc544acac\windows-amd64;C:\Users\fuadh\.gradle\native\0.2.7\x86_64-windows-gnu

VM Arguments:
jvm_args: --add-opens=java.base/java.lang=ALL-UNNAMED --add-opens=java.base/java.lang.invoke=ALL-UNNAMED --add-opens=java.base/java.util=ALL-UNNAMED --add-opens=java.prefs/java.util.prefs=ALL-UNNAMED --add-exports=jdk.compiler/com.sun.tools.javac.api=ALL-UNNAMED --add-exports=jdk.compiler/com.sun.tools.javac.util=ALL-UNNAMED --add-opens=java.base/java.util=ALL-UNNAMED --add-opens=java.prefs/java.util.prefs=ALL-UNNAMED --add-opens=java.base/java.nio.charset=ALL-UNNAMED --add-opens=java.base/java.net=ALL-UNNAMED --add-opens=java.base/java.util.concurrent.atomic=ALL-UNNAMED --add-opens=java.xml/javax.xml.namespace=ALL-UNNAMED -XX:MaxMetaspaceSize=1024m -Xmx8192m -Dfile.encoding=windows-1252 -Duser.country=US -Duser.language=en -Duser.variant -javaagent:C:\Users\fuadh\.gradle\wrapper\dists\gradle-8.13-bin\5xuhj0ry160q40clulazy9h7d\gradle-8.13\lib\agents\gradle-instrumentation-agent-8.13.jar 
java_command: org.gradle.launcher.daemon.bootstrap.GradleDaemon 8.13
java_class_path (initial): C:\Users\fuadh\.gradle\wrapper\dists\gradle-8.13-bin\5xuhj0ry160q40clulazy9h7d\gradle-8.13\lib\gradle-daemon-main-8.13.jar
Launcher Type: SUN_STANDARD

[Global flags]
     intx CICompilerCount                          = 4                                         {product} {ergonomic}
   size_t CompressedClassSpaceSize                 = 872415232                                 {product} {ergonomic}
     uint ConcGCThreads                            = 3                                         {product} {ergonomic}
     uint G1ConcRefinementThreads                  = 10                                        {product} {ergonomic}
   size_t G1HeapRegionSize                         = 4194304                                   {product} {ergonomic}
    uintx GCDrainStackTargetSize                   = 64                                        {product} {ergonomic}
   size_t InitialHeapSize                          = 268435456                                 {product} {ergonomic}
   size_t MarkStackSize                            = 4194304                                   {product} {ergonomic}
   size_t MaxHeapSize                              = 8589934592                                {product} {command line}
   size_t MaxMetaspaceSize                         = 1073741824                                {product} {command line}
   size_t MaxNewSize                               = 5150605312                                {product} {ergonomic}
   size_t MinHeapDeltaBytes                        = 4194304                                   {product} {ergonomic}
   size_t MinHeapSize                              = 8388608                                   {product} {ergonomic}
    uintx NonNMethodCodeHeapSize                   = 5839372                                {pd product} {ergonomic}
    uintx NonProfiledCodeHeapSize                  = 122909434                              {pd product} {ergonomic}
    uintx ProfiledCodeHeapSize                     = 122909434                              {pd product} {ergonomic}
    uintx ReservedCodeCacheSize                    = 251658240                              {pd product} {ergonomic}
     bool SegmentedCodeCache                       = true                                      {product} {ergonomic}
   size_t SoftMaxHeapSize                          = 8589934592                             {manageable} {ergonomic}
     bool UseCompressedClassPointers               = true                           {product lp64_product} {ergonomic}
     bool UseCompressedOops                        = true                           {product lp64_product} {ergonomic}
     bool UseG1GC                                  = true                                      {product} {ergonomic}
     bool UseLargePagesIndividualAllocation        = false                                  {pd product} {ergonomic}

Logging:
Log output configuration:
 #0: stdout all=warning uptime,level,tags
 #1: stderr all=off uptime,level,tags

Environment Variables:
JAVA_HOME=C:\Program Files\Eclipse Adoptium\jdk-17.0.18.8-hotspot
PATH=c:\Users\fuadh\AppData\Roaming\Code\User\globalStorage\github.copilot-chat\debugCommand;c:\Users\fuadh\AppData\Roaming\Code\User\globalStorage\github.copilot-chat\copilotCli;C:\Program Files\Eclipse Adoptium\jdk-17.0.18.8-hotspot\bin;C:\WINDOWS\system32;C:\WINDOWS;C:\WINDOWS\System32\Wbem;C:\WINDOWS\System32\WindowsPowerShell\v1.0\;C:\WINDOWS\System32\OpenSSH\;C:\Program Files\Git\cmd;C:\Program Files\nodejs\;C:\Program Files (x86)\cloudflared\;C:\Users\fuadh\AppData\Local\Android\Sdk\platform-tools;C:\Users\fuadh\AppData\Local\Android\Sdk\emulator;C:\Program Files\Eclipse Adoptium\jdk-17.0.18.8-hotspot\bin;C:\Users\fuadh\AppData\Roaming\npm;C:\Program Files\Docker\Docker\resources\bin;C:\Program Files\php-8.5.6;C:\Program Files\Go\bin;C:\Users\fuadh\.local\bin;C:\Users\fuadh\AppData\Local\Programs\Eclipse Adoptium\jdk-25.0.2.10-hotspot\bin;C:\Users\fuadh\AppData\Local\Microsoft\WindowsApps;C:\Users\fuadh\AppData\Local\Programs\Microsoft VS Code\bin;C:\Users\fuadh\go\bin;C:\Users\fuadh\.console-ninja\.bin;c:\Users\fuadh\.vscode\extensions\vscjava.vscode-java-debug-0.59.0\bundled\scripts\noConfigScripts
USERNAME=fuadh
LANG=en_US.UTF-8
OS=Windows_NT
PROCESSOR_IDENTIFIER=Intel64 Family 6 Model 151 Stepping 5, GenuineIntel
TMP=C:\Users\fuadh\AppData\Local\Temp
TEMP=C:\Users\fuadh\AppData\Local\Temp



Periodic native trim disabled


---------------  S Y S T E M  ---------------

OS:
 Windows 11 , 64 bit Build 26100 (10.0.26100.8521)
OS uptime: 5 days 15:09 hours
Hyper-V role detected

CPU: total 12 (initial active 12) (6 cores per cpu, 2 threads per core) family 6 model 151 stepping 5 microcode 0x18, cx8, cmov, fxsr, ht, mmx, 3dnowpref, sse, sse2, sse3, ssse3, sse4.1, sse4.2, popcnt, lzcnt, tsc, tscinvbit, avx, avx2, aes, erms, clmul, bmi1, bmi2, adx, sha, fma, vzeroupper, clflush, clflushopt, clwb, hv
Processor Information for all 12 processors :
  Max Mhz: 2500, Current Mhz: 2500, Mhz Limit: 2500

Memory: 4k page, system-wide physical 16171M (1000M free)
TotalPageFile size 65323M (AvailPageFile size 1159M)
current process WorkingSet (physical memory assigned to process): 2049M, peak: 2319M
current process commit charge ("private bytes"): 4830M, peak: 6214M

vm_info: OpenJDK 64-Bit Server VM (17.0.18+8) for windows-amd64 JRE (17.0.18+8), built on Jan 20 2026 22:28:22 by "admin" with MS VC++ 17.12 (VS2022)

END.
