#
# There is insufficient memory for the Java Runtime Environment to continue.
# Native memory allocation (mmap) failed to map 1337982976 bytes. Error detail: G1 virtual space
# Possible reasons:
#   The system is out of physical RAM or swap space
#   This process is running with CompressedOops enabled, and the Java Heap may be blocking the growth of the native heap
# Possible solutions:
#   Reduce memory load on the system
#   Increase physical memory or swap space
#   Check if swap backing store is full
#   Decrease Java heap size (-Xmx/-Xms)
#   Decrease number of Java threads
#   Decrease Java thread stack sizes (-Xss)
#   Set larger code cache with -XX:ReservedCodeCacheSize=
#   JVM is running with Zero Based Compressed Oops mode in which the Java heap is
#     placed in the first 32GB address space. The Java Heap base address is the
#     maximum limit for the native heap growth. Please use -XX:HeapBaseMinAddress
#     to set the Java Heap base and to place the Java Heap above 32GB virtual address.
# This output file may be truncated or incomplete.
#
#  Out of Memory Error (os_windows.cpp:3618), pid=36024, tid=44060
#
# JRE version: OpenJDK Runtime Environment Temurin-17.0.18+8 (17.0.18+8) (build 17.0.18+8)
# Java VM: OpenJDK 64-Bit Server VM Temurin-17.0.18+8 (17.0.18+8, mixed mode, sharing, tiered, compressed oops, compressed class ptrs, g1 gc, windows-amd64)
# No core dump will be written. Minidumps are not enabled by default on client versions of Windows
#

---------------  S U M M A R Y ------------

Command Line: --add-opens=java.base/java.lang=ALL-UNNAMED --add-opens=java.base/java.lang.invoke=ALL-UNNAMED --add-opens=java.base/java.util=ALL-UNNAMED --add-opens=java.prefs/java.util.prefs=ALL-UNNAMED --add-exports=jdk.compiler/com.sun.tools.javac.api=ALL-UNNAMED --add-exports=jdk.compiler/com.sun.tools.javac.util=ALL-UNNAMED --add-opens=java.base/java.util=ALL-UNNAMED --add-opens=java.prefs/java.util.prefs=ALL-UNNAMED --add-opens=java.base/java.nio.charset=ALL-UNNAMED --add-opens=java.base/java.net=ALL-UNNAMED --add-opens=java.base/java.util.concurrent.atomic=ALL-UNNAMED --add-opens=java.xml/javax.xml.namespace=ALL-UNNAMED -XX:MaxMetaspaceSize=1024m -Xmx8192m -Dfile.encoding=windows-1252 -Duser.country=US -Duser.language=en -Duser.variant -javaagent:C:\Users\fuadh\.gradle\wrapper\dists\gradle-8.13-bin\5xuhj0ry160q40clulazy9h7d\gradle-8.13\lib\agents\gradle-instrumentation-agent-8.13.jar org.gradle.launcher.daemon.bootstrap.GradleDaemon 8.13

Host: 12th Gen Intel(R) Core(TM) i5-12400, 12 cores, 15G,  Windows 11 , 64 bit Build 26100 (10.0.26100.8521)
Time: Mon Jun 22 15:15:18 2026 Bangladesh Standard Time elapsed time: 381.945279 seconds (0d 0h 6m 21s)

---------------  T H R E A D  ---------------

Current thread (0x000001279277e6f0):  VMThread "VM Thread" [stack: 0x000000274ee00000,0x000000274ef00000] [id=44060]

Stack: [0x000000274ee00000,0x000000274ef00000]
Native frames: (J=compiled Java code, j=interpreted, Vv=VM code, C=native code)
V  [jvm.dll+0x6846f9]
V  [jvm.dll+0x839ea5]
V  [jvm.dll+0x83b91e]
V  [jvm.dll+0x83bfa3]
V  [jvm.dll+0x248eff]
V  [jvm.dll+0x6814b9]
V  [jvm.dll+0x6762ba]
V  [jvm.dll+0x309257]
V  [jvm.dll+0x310826]
V  [jvm.dll+0x360d9e]
V  [jvm.dll+0x360fdd]
V  [jvm.dll+0x2e02dc]
V  [jvm.dll+0x2de6b2]
V  [jvm.dll+0x2dde4c]
V  [jvm.dll+0x320aeb]
V  [jvm.dll+0x8407bd]
V  [jvm.dll+0x8414f3]
V  [jvm.dll+0x841a1f]
V  [jvm.dll+0x841e05]
V  [jvm.dll+0x841ece]
V  [jvm.dll+0x7eaaec]
V  [jvm.dll+0x6835c7]
C  [ucrtbase.dll+0x2cd30]
C  [KERNEL32.DLL+0x2e957]
C  [ntdll.dll+0x87c1c]

VM_Operation (0x00000027594f95e0): G1CollectForAllocation, mode: safepoint, requested by thread 0x00000127cece99b0


---------------  P R O C E S S  ---------------

Threads class SMR info:
_java_thread_list=0x0000012800bfdb30, length=237, elements={
0x00000127e59ffab0, 0x0000012792787800, 0x000001279278a2e0, 0x000001279279df40,
0x00000127927a0920, 0x00000127927a11f0, 0x00000127927a2ad0, 0x00000127927a9700,
0x00000127927c4ac0, 0x00000127927d1800, 0x00000127927703f0, 0x00000127929c8970,
0x00000127cd633ab0, 0x00000127cd871ed0, 0x00000127cdca1030, 0x00000127cd03d510,
0x00000127cd03da20, 0x00000127ce71e500, 0x00000127ce71c6a0, 0x00000127ce71ea10,
0x00000127ce71ef20, 0x00000127ce7226d0, 0x00000127ce71dff0, 0x00000127ce71b770,
0x00000127ce71f430, 0x00000127ce71fe50, 0x00000127ce71cbb0, 0x00000127ce71d0c0,
0x00000127ce7217a0, 0x00000127ce720d80, 0x00000127ce722be0, 0x00000127ce721cb0,
0x00000127ce7221c0, 0x00000127ce7230f0, 0x00000127cd040cc0, 0x00000127cd03f880,
0x00000127cd03df30, 0x00000127cd03e950, 0x00000127cd03f370, 0x00000127cd03fd90,
0x00000127cd0402a0, 0x00000127d0bbb1f0, 0x00000127d0bbace0, 0x00000127d0bbbc10,
0x00000127d0bba2c0, 0x00000127d0bbc120, 0x00000127d0bb8e80, 0x00000127d0bb98a0,
0x00000127d0bb8970, 0x00000127d0bb9390, 0x00000127d0bb9db0, 0x00000127d0bbd560,
0x00000127d0bbc630, 0x00000127d0bbcb40, 0x00000127d0bbda70, 0x00000127d0bbdf80,
0x00000127d0bbd050, 0x00000127d0bba7d0, 0x00000127d0bbe490, 0x00000127d0bbe9a0,
0x00000127d0bbeeb0, 0x00000127d0bbb700, 0x00000127d0bbf3c0, 0x00000127d0bbf8d0,
0x00000127d0bbfde0, 0x00000127d0bc02f0, 0x00000127d1047030, 0x00000127d1045bf0,
0x00000127d1046100, 0x00000127d10451d0, 0x00000127d10442a0, 0x00000127d1046b20,
0x00000127d1047540, 0x00000127d1044cc0, 0x00000127d1048980, 0x00000127d104acf0,
0x00000127d1048e90, 0x00000127d10493a0, 0x00000127d1049dc0, 0x00000127d104a7e0,
0x00000127d104b200, 0x00000127d104b710, 0x00000127d1047f60, 0x00000127d0dbddc0,
0x00000127d0dbb540, 0x00000127d0dbe2d0, 0x00000127d0dbba50, 0x00000127d0dbe7e0,
0x00000127d0dbbf60, 0x00000127d0dbb030, 0x00000127d0dbecf0, 0x00000127d0dbd8b0,
0x00000127d0dbfc20, 0x00000127d0dbce90, 0x00000127d0dbf200, 0x00000127d0dbf710,
0x00000127d0dbc980, 0x00000127d0dbc470, 0x00000127d0dc0130, 0x00000127d0dbd3a0,
0x00000127d0dc0640, 0x00000127d0dc1a80, 0x00000127d0dc0b50, 0x00000127d0dc1f90,
0x00000127d0dc1060, 0x00000127d0dc29b0, 0x00000127d0dc24a0, 0x00000127d0dc1570,
0x00000127d11160c0, 0x00000127d1118e50, 0x00000127d11165d0, 0x00000127d1117500,
0x00000127d1116ae0, 0x00000127d1117a10, 0x00000127d1116ff0, 0x00000127d1118430,
0x00000127d1117f20, 0x00000127d11156a0, 0x00000127d1115bb0, 0x00000127d1118940,
0x00000127d16bc1e0, 0x00000127d16bd620, 0x00000127d16bc6f0, 0x00000127d16bcc00,
0x00000127d16bd110, 0x00000127d16bb7c0, 0x00000127d16ba890, 0x00000127d16bbcd0,
0x00000127d16bdb30, 0x00000127d16ba380, 0x00000127d16be040, 0x00000127d16be550,
0x00000127d16bada0, 0x00000127d16bea60, 0x00000127d16bb2b0, 0x00000127d16bfea0,
0x00000127d16bf990, 0x00000127d16c1d00, 0x00000127d16bef70, 0x00000127d16c12e0,
0x00000127d16c17f0, 0x00000127d16c0dd0, 0x00000127d16c03b0, 0x00000127d16bf480,
0x00000127d16c08c0, 0x00000127ce71d5d0, 0x00000127d1043d90, 0x00000127ceceb810,
0x00000127cece94a0, 0x00000127ceceadf0, 0x00000127cecea8e0, 0x00000127ceceb300,
0x00000127cece8060, 0x00000127cece9ec0, 0x00000127cece8570, 0x00000127cece99b0,
0x00000127cece8a80, 0x00000127cece8f90, 0x00000127cfe22ca0, 0x00000127cfe22280,
0x00000127cfe25010, 0x00000127cfe245f0, 0x00000127cfe25520, 0x00000127cfe25a30,
0x00000127cfe23bd0, 0x00000127cfe240e0, 0x00000127cfe24b00, 0x00000127cfe22790,
0x00000127cfe25f40, 0x00000127cfe231b0, 0x00000127cfe26e70, 0x00000127cfe236c0,
0x00000127cfe27380, 0x00000127cfe282b0, 0x00000127cfe27da0, 0x00000127cfe28cd0,
0x00000127cfe29c00, 0x00000127cfe291e0, 0x00000127cfe296f0, 0x00000127cfe27890,
0x00000127cecea3d0, 0x00000127cf884340, 0x00000127cf884850, 0x00000127cf8870d0,
0x00000127cf883e30, 0x00000127cf888000, 0x00000127cf885270, 0x00000127cf888f30,
0x00000127cf88a880, 0x00000127cf888a20, 0x00000127cf889e60, 0x00000127d13d5620,
0x00000127d13d4c00, 0x00000127d13d6040, 0x00000127d13d2890, 0x00000127d13d92e0,
0x00000127d13d7ea0, 0x00000127d13d97f0, 0x00000127d13d9d00, 0x00000127d13d7990,
0x00000127d13d6f70, 0x00000127d13d88c0, 0x00000127d13dca90, 0x00000127cf88a370,
0x00000127cf888510, 0x00000127ce71dae0, 0x00000127cfe287c0, 0x00000127cd03ee60,
0x00000127d1048470, 0x00000127dac902a0, 0x00000127dac92610, 0x00000127dac93030,
0x00000127dac911d0, 0x00000127dac97200, 0x00000127dac94e90, 0x00000127dac95dc0,
0x00000127dac962d0, 0x00000127dac953a0, 0x00000127dac94470, 0x00000127dac96cf0,
0x00000127dac93a50, 0x00000127dac967e0, 0x00000127dac97710, 0x00000127dac93f60,
0x00000127dac9b3d0, 0x00000127dac97c20, 0x00000127dac9b8e0, 0x00000127dac9bdf0,
0x00000127dac9c300, 0x00000127dac99f90, 0x00000127dac9f090, 0x00000127d13da210,
0x00000127d1046610, 0x00000127cf1497b0, 0x00000127cf148370, 0x00000127d2549d70,
0x00000127d8b70db0
}

Java Threads: ( => current thread )
  0x00000127e59ffab0 JavaThread "main" [_thread_blocked, id=20120, stack(0x000000274e800000,0x000000274e900000)]
  0x0000012792787800 JavaThread "Reference Handler" daemon [_thread_blocked, id=52772, stack(0x000000274ef00000,0x000000274f000000)]
  0x000001279278a2e0 JavaThread "Finalizer" daemon [_thread_blocked, id=49948, stack(0x000000274f000000,0x000000274f100000)]
  0x000001279279df40 JavaThread "Signal Dispatcher" daemon [_thread_blocked, id=7852, stack(0x000000274f100000,0x000000274f200000)]
  0x00000127927a0920 JavaThread "Attach Listener" daemon [_thread_blocked, id=1932, stack(0x000000274f200000,0x000000274f300000)]
  0x00000127927a11f0 JavaThread "Service Thread" daemon [_thread_blocked, id=45600, stack(0x000000274f300000,0x000000274f400000)]
  0x00000127927a2ad0 JavaThread "Monitor Deflation Thread" daemon [_thread_blocked, id=25932, stack(0x000000274f400000,0x000000274f500000)]
  0x00000127927a9700 JavaThread "C2 CompilerThread0" daemon [_thread_blocked, id=20968, stack(0x000000274f500000,0x000000274f600000)]
  0x00000127927c4ac0 JavaThread "C1 CompilerThread0" daemon [_thread_blocked, id=55196, stack(0x000000274f600000,0x000000274f700000)]
  0x00000127927d1800 JavaThread "Sweeper thread" daemon [_thread_blocked, id=34396, stack(0x000000274f700000,0x000000274f800000)]
  0x00000127927703f0 JavaThread "Common-Cleaner" daemon [_thread_blocked, id=18060, stack(0x000000274f800000,0x000000274f900000)]
  0x00000127929c8970 JavaThread "Notification Thread" daemon [_thread_blocked, id=19832, stack(0x000000274fa00000,0x000000274fb00000)]
  0x00000127cd633ab0 JavaThread "Daemon health stats" [_thread_blocked, id=53380, stack(0x0000002750200000,0x0000002750300000)]
  0x00000127cd871ed0 JavaThread "Incoming local TCP Connector on port 50846" [_thread_in_native, id=29396, stack(0x0000002750300000,0x0000002750400000)]
  0x00000127cdca1030 JavaThread "Daemon periodic checks" [_thread_blocked, id=32112, stack(0x0000002750400000,0x0000002750500000)]
  0x00000127cd03d510 JavaThread "Cache worker for journal cache (C:\Users\fuadh\.gradle\caches\journal-1)" [_thread_blocked, id=35724, stack(0x000000274f900000,0x000000274fa00000)]
  0x00000127cd03da20 JavaThread "File lock request listener" [_thread_in_native, id=30748, stack(0x0000002750900000,0x0000002750a00000)]
  0x00000127ce71e500 JavaThread "Cache worker for file hash cache (C:\Users\fuadh\.gradle\caches\8.13\fileHashes)" [_thread_blocked, id=11872, stack(0x0000002750c00000,0x0000002750d00000)]
  0x00000127ce71c6a0 JavaThread "File watcher server" daemon [_thread_blocked, id=22216, stack(0x0000002750e00000,0x0000002750f00000)]
  0x00000127ce71ea10 JavaThread "File watcher consumer" daemon [_thread_blocked, id=46600, stack(0x0000002751600000,0x0000002751700000)]
  0x00000127ce71ef20 JavaThread "jar transforms" [_thread_blocked, id=13536, stack(0x0000002751900000,0x0000002751a00000)]
  0x00000127ce7226d0 JavaThread "Cache worker for file content cache (C:\Users\fuadh\.gradle\caches\8.13\fileContent)" [_thread_blocked, id=29688, stack(0x0000002751b00000,0x0000002751c00000)]
  0x00000127ce71dff0 JavaThread "Daemon Thread 2" [_thread_blocked, id=49144, stack(0x000000274e500000,0x000000274e600000)]
  0x00000127ce71b770 JavaThread "Handler for socket connection from /127.0.0.1:50846 to /127.0.0.1:53289" [_thread_in_native, id=56828, stack(0x000000274e600000,0x000000274e700000)]
  0x00000127ce71f430 JavaThread "Cancel handler" [_thread_blocked, id=18768, stack(0x000000274e700000,0x000000274e800000)]
  0x00000127ce71fe50 JavaThread "Daemon worker Thread 2" [_thread_blocked, id=11764, stack(0x0000002750500000,0x0000002750600000)]
  0x00000127ce71cbb0 JavaThread "Asynchronous log dispatcher for DefaultDaemonConnection: socket connection from /127.0.0.1:50846 to /127.0.0.1:53289" [_thread_blocked, id=3448, stack(0x0000002750600000,0x0000002750700000)]
  0x00000127ce71d0c0 JavaThread "Stdin handler" [_thread_blocked, id=12116, stack(0x0000002750700000,0x0000002750800000)]
  0x00000127ce7217a0 JavaThread "Daemon client event forwarder" [_thread_blocked, id=49904, stack(0x0000002750800000,0x0000002750900000)]
  0x00000127ce720d80 JavaThread "Cache worker for file hash cache (C:\Users\fuadh\projects\friends_hangout_app\android\.gradle\8.13\fileHashes)" [_thread_blocked, id=9568, stack(0x0000002750a00000,0x0000002750b00000)]
  0x00000127ce722be0 JavaThread "Cache worker for Build Output Cleanup Cache (C:\Users\fuadh\projects\friends_hangout_app\android\.gradle\buildOutputCleanup)" [_thread_blocked, id=6416, stack(0x0000002750b00000,0x0000002750c00000)]
  0x00000127ce721cb0 JavaThread "Cache worker for checksums cache (C:\Users\fuadh\projects\friends_hangout_app\android\.gradle\8.13\checksums)" [_thread_blocked, id=38472, stack(0x0000002750d00000,0x0000002750e00000)]
  0x00000127ce7221c0 JavaThread "Cache worker for cache directory md-supplier (C:\Users\fuadh\.gradle\caches\8.13\md-supplier)" [_thread_blocked, id=35052, stack(0x0000002750f00000,0x0000002751000000)]
  0x00000127ce7230f0 JavaThread "Cache worker for cache directory md-rule (C:\Users\fuadh\.gradle\caches\8.13\md-rule)" [_thread_blocked, id=20824, stack(0x0000002751000000,0x0000002751100000)]
  0x00000127cd040cc0 JavaThread "Cache worker for Build Output Cleanup Cache (C:\Users\fuadh\projects\friends_hangout_app\node_modules\@react-native\gradle-plugin\.gradle\buildOutputCleanup)" [_thread_blocked, id=40184, stack(0x0000002751700000,0x0000002751800000)]
  0x00000127cd03f880 JavaThread "Unconstrained build operations" [_thread_blocked, id=54900, stack(0x0000002751800000,0x0000002751900000)]
  0x00000127cd03df30 JavaThread "Unconstrained build operations Thread 2" [_thread_blocked, id=29144, stack(0x0000002751a00000,0x0000002751b00000)]
  0x00000127cd03e950 JavaThread "Unconstrained build operations Thread 3" [_thread_blocked, id=54320, stack(0x0000002751c00000,0x0000002751d00000)]
  0x00000127cd03f370 JavaThread "Unconstrained build operations Thread 4" [_thread_blocked, id=25704, stack(0x0000002751d00000,0x0000002751e00000)]
  0x00000127cd03fd90 JavaThread "Unconstrained build operations Thread 5" [_thread_blocked, id=7348, stack(0x0000002751f00000,0x0000002752000000)]
  0x00000127cd0402a0 JavaThread "Unconstrained build operations Thread 6" [_thread_blocked, id=37556, stack(0x0000002752000000,0x0000002752100000)]
  0x00000127d0bbb1f0 JavaThread "Unconstrained build operations Thread 7" [_thread_blocked, id=41628, stack(0x0000002752100000,0x0000002752200000)]
  0x00000127d0bbace0 JavaThread "Unconstrained build operations Thread 8" [_thread_blocked, id=2156, stack(0x0000002752200000,0x0000002752300000)]
  0x00000127d0bbbc10 JavaThread "Unconstrained build operations Thread 9" [_thread_blocked, id=9592, stack(0x0000002752300000,0x0000002752400000)]
  0x00000127d0bba2c0 JavaThread "Unconstrained build operations Thread 10" [_thread_blocked, id=55036, stack(0x0000002752400000,0x0000002752500000)]
  0x00000127d0bbc120 JavaThread "Unconstrained build operations Thread 11" [_thread_blocked, id=51528, stack(0x0000002752500000,0x0000002752600000)]
  0x00000127d0bb8e80 JavaThread "Unconstrained build operations Thread 12" [_thread_blocked, id=27060, stack(0x0000002752600000,0x0000002752700000)]
  0x00000127d0bb98a0 JavaThread "Unconstrained build operations Thread 13" [_thread_blocked, id=18072, stack(0x0000002752700000,0x0000002752800000)]
  0x00000127d0bb8970 JavaThread "Unconstrained build operations Thread 14" [_thread_blocked, id=52128, stack(0x0000002752800000,0x0000002752900000)]
  0x00000127d0bb9390 JavaThread "Unconstrained build operations Thread 15" [_thread_blocked, id=52044, stack(0x0000002752900000,0x0000002752a00000)]
  0x00000127d0bb9db0 JavaThread "Unconstrained build operations Thread 16" [_thread_blocked, id=15312, stack(0x0000002752a00000,0x0000002752b00000)]
  0x00000127d0bbd560 JavaThread "Unconstrained build operations Thread 17" [_thread_blocked, id=26840, stack(0x0000002752b00000,0x0000002752c00000)]
  0x00000127d0bbc630 JavaThread "Unconstrained build operations Thread 18" [_thread_blocked, id=56908, stack(0x0000002752c00000,0x0000002752d00000)]
  0x00000127d0bbcb40 JavaThread "Unconstrained build operations Thread 19" [_thread_blocked, id=17356, stack(0x0000002752d00000,0x0000002752e00000)]
  0x00000127d0bbda70 JavaThread "Unconstrained build operations Thread 20" [_thread_blocked, id=34656, stack(0x0000002752e00000,0x0000002752f00000)]
  0x00000127d0bbdf80 JavaThread "Unconstrained build operations Thread 21" [_thread_blocked, id=32276, stack(0x0000002752f00000,0x0000002753000000)]
  0x00000127d0bbd050 JavaThread "Unconstrained build operations Thread 22" [_thread_blocked, id=6812, stack(0x0000002753000000,0x0000002753100000)]
  0x00000127d0bba7d0 JavaThread "Unconstrained build operations Thread 23" [_thread_blocked, id=38768, stack(0x0000002753100000,0x0000002753200000)]
  0x00000127d0bbe490 JavaThread "Unconstrained build operations Thread 24" [_thread_blocked, id=31624, stack(0x0000002753200000,0x0000002753300000)]
  0x00000127d0bbe9a0 JavaThread "Unconstrained build operations Thread 25" [_thread_blocked, id=32380, stack(0x0000002753300000,0x0000002753400000)]
  0x00000127d0bbeeb0 JavaThread "Unconstrained build operations Thread 26" [_thread_blocked, id=16880, stack(0x0000002753400000,0x0000002753500000)]
  0x00000127d0bbb700 JavaThread "Unconstrained build operations Thread 27" [_thread_blocked, id=29228, stack(0x0000002753500000,0x0000002753600000)]
  0x00000127d0bbf3c0 JavaThread "Unconstrained build operations Thread 28" [_thread_blocked, id=13688, stack(0x0000002753600000,0x0000002753700000)]
  0x00000127d0bbf8d0 JavaThread "Unconstrained build operations Thread 29" [_thread_blocked, id=47948, stack(0x0000002753700000,0x0000002753800000)]
  0x00000127d0bbfde0 JavaThread "Unconstrained build operations Thread 30" [_thread_blocked, id=55264, stack(0x0000002753800000,0x0000002753900000)]
  0x00000127d0bc02f0 JavaThread "Unconstrained build operations Thread 31" [_thread_blocked, id=47268, stack(0x0000002753900000,0x0000002753a00000)]
  0x00000127d1047030 JavaThread "Unconstrained build operations Thread 32" [_thread_blocked, id=25648, stack(0x0000002753a00000,0x0000002753b00000)]
  0x00000127d1045bf0 JavaThread "Unconstrained build operations Thread 33" [_thread_blocked, id=24992, stack(0x0000002753b00000,0x0000002753c00000)]
  0x00000127d1046100 JavaThread "Unconstrained build operations Thread 34" [_thread_blocked, id=18216, stack(0x0000002753c00000,0x0000002753d00000)]
  0x00000127d10451d0 JavaThread "Unconstrained build operations Thread 35" [_thread_blocked, id=23756, stack(0x0000002753d00000,0x0000002753e00000)]
  0x00000127d10442a0 JavaThread "Unconstrained build operations Thread 36" [_thread_blocked, id=31360, stack(0x0000002753e00000,0x0000002753f00000)]
  0x00000127d1046b20 JavaThread "Unconstrained build operations Thread 37" [_thread_blocked, id=23904, stack(0x0000002753f00000,0x0000002754000000)]
  0x00000127d1047540 JavaThread "build event listener" [_thread_blocked, id=43332, stack(0x0000002751e00000,0x0000002751f00000)]
  0x00000127d1044cc0 JavaThread "Memory manager" [_thread_blocked, id=44556, stack(0x0000002754000000,0x0000002754100000)]
  0x00000127d1048980 JavaThread "ForkJoinPool.commonPool-worker-1" daemon [_thread_blocked, id=39356, stack(0x0000002754400000,0x0000002754500000)]
  0x00000127d104acf0 JavaThread "ForkJoinPool.commonPool-worker-2" daemon [_thread_blocked, id=40824, stack(0x0000002754500000,0x0000002754600000)]
  0x00000127d1048e90 JavaThread "ForkJoinPool.commonPool-worker-3" daemon [_thread_blocked, id=32724, stack(0x0000002754600000,0x0000002754700000)]
  0x00000127d10493a0 JavaThread "ForkJoinPool.commonPool-worker-4" daemon [_thread_blocked, id=42056, stack(0x0000002754700000,0x0000002754800000)]
  0x00000127d1049dc0 JavaThread "ForkJoinPool.commonPool-worker-5" daemon [_thread_blocked, id=22184, stack(0x0000002754800000,0x0000002754900000)]
  0x00000127d104a7e0 JavaThread "ForkJoinPool.commonPool-worker-7" daemon [_thread_blocked, id=27436, stack(0x0000002754a00000,0x0000002754b00000)]
  0x00000127d104b200 JavaThread "ForkJoinPool.commonPool-worker-8" daemon [_thread_blocked, id=43032, stack(0x0000002754b00000,0x0000002754c00000)]
  0x00000127d104b710 JavaThread "ForkJoinPool.commonPool-worker-9" daemon [_thread_blocked, id=35528, stack(0x0000002754c00000,0x0000002754d00000)]
  0x00000127d1047f60 JavaThread "included builds" [_thread_blocked, id=3160, stack(0x0000002754d00000,0x0000002754e00000)]
  0x00000127d0dbddc0 JavaThread "Execution worker" [_thread_blocked, id=34628, stack(0x0000002754e00000,0x0000002754f00000)]
  0x00000127d0dbb540 JavaThread "Execution worker Thread 2" [_thread_blocked, id=44424, stack(0x0000002754f00000,0x0000002755000000)]
  0x00000127d0dbe2d0 JavaThread "Execution worker Thread 3" [_thread_blocked, id=35508, stack(0x0000002755000000,0x0000002755100000)]
  0x00000127d0dbba50 JavaThread "Execution worker Thread 4" [_thread_blocked, id=54232, stack(0x0000002755100000,0x0000002755200000)]
  0x00000127d0dbe7e0 JavaThread "Execution worker Thread 5" [_thread_blocked, id=12144, stack(0x0000002755200000,0x0000002755300000)]
  0x00000127d0dbbf60 JavaThread "Execution worker Thread 6" [_thread_blocked, id=22480, stack(0x0000002755300000,0x0000002755400000)]
  0x00000127d0dbb030 JavaThread "Execution worker Thread 7" [_thread_blocked, id=20244, stack(0x0000002755400000,0x0000002755500000)]
  0x00000127d0dbecf0 JavaThread "Execution worker Thread 8" [_thread_blocked, id=6724, stack(0x0000002755500000,0x0000002755600000)]
  0x00000127d0dbd8b0 JavaThread "Execution worker Thread 9" [_thread_blocked, id=16076, stack(0x0000002755600000,0x0000002755700000)]
  0x00000127d0dbfc20 JavaThread "Execution worker Thread 10" [_thread_blocked, id=6712, stack(0x0000002755700000,0x0000002755800000)]
  0x00000127d0dbce90 JavaThread "Execution worker Thread 11" [_thread_blocked, id=42904, stack(0x0000002755800000,0x0000002755900000)]
  0x00000127d0dbf200 JavaThread "Cache worker for execution history cache (C:\Users\fuadh\projects\friends_hangout_app\node_modules\@react-native\gradle-plugin\.gradle\8.13\executionHistory)" [_thread_blocked, id=3904, stack(0x0000002755900000,0x0000002755a00000)]
  0x00000127d0dbf710 JavaThread "Unconstrained build operations Thread 38" [_thread_blocked, id=37368, stack(0x0000002755a00000,0x0000002755b00000)]
  0x00000127d0dbc980 JavaThread "Unconstrained build operations Thread 39" [_thread_blocked, id=16756, stack(0x0000002755b00000,0x0000002755c00000)]
  0x00000127d0dbc470 JavaThread "Unconstrained build operations Thread 40" [_thread_blocked, id=38392, stack(0x0000002755c00000,0x0000002755d00000)]
  0x00000127d0dc0130 JavaThread "Unconstrained build operations Thread 41" [_thread_blocked, id=49244, stack(0x0000002755d00000,0x0000002755e00000)]
  0x00000127d0dbd3a0 JavaThread "Unconstrained build operations Thread 42" [_thread_blocked, id=36888, stack(0x0000002755e00000,0x0000002755f00000)]
  0x00000127d0dc0640 JavaThread "Unconstrained build operations Thread 43" [_thread_blocked, id=36236, stack(0x0000002755f00000,0x0000002756000000)]
  0x00000127d0dc1a80 JavaThread "Unconstrained build operations Thread 44" [_thread_blocked, id=51180, stack(0x0000002756000000,0x0000002756100000)]
  0x00000127d0dc0b50 JavaThread "Unconstrained build operations Thread 45" [_thread_blocked, id=10500, stack(0x0000002756100000,0x0000002756200000)]
  0x00000127d0dc1f90 JavaThread "Unconstrained build operations Thread 46" [_thread_blocked, id=47236, stack(0x0000002756200000,0x0000002756300000)]
  0x00000127d0dc1060 JavaThread "Unconstrained build operations Thread 47" [_thread_blocked, id=22164, stack(0x0000002754100000,0x0000002754200000)]
  0x00000127d0dc29b0 JavaThread "Unconstrained build operations Thread 48" [_thread_blocked, id=50724, stack(0x0000002754200000,0x0000002754300000)]
  0x00000127d0dc24a0 JavaThread "Unconstrained build operations Thread 49" [_thread_blocked, id=36304, stack(0x0000002756300000,0x0000002756400000)]
  0x00000127d0dc1570 JavaThread "Unconstrained build operations Thread 50" [_thread_blocked, id=44620, stack(0x0000002756400000,0x0000002756500000)]
  0x00000127d11160c0 JavaThread "Unconstrained build operations Thread 51" [_thread_blocked, id=54316, stack(0x0000002756500000,0x0000002756600000)]
  0x00000127d1118e50 JavaThread "Unconstrained build operations Thread 52" [_thread_blocked, id=12936, stack(0x0000002756600000,0x0000002756700000)]
  0x00000127d11165d0 JavaThread "Unconstrained build operations Thread 53" [_thread_blocked, id=7736, stack(0x0000002756700000,0x0000002756800000)]
  0x00000127d1117500 JavaThread "Unconstrained build operations Thread 54" [_thread_blocked, id=57052, stack(0x0000002756800000,0x0000002756900000)]
  0x00000127d1116ae0 JavaThread "Unconstrained build operations Thread 55" [_thread_blocked, id=52892, stack(0x0000002756900000,0x0000002756a00000)]
  0x00000127d1117a10 JavaThread "Unconstrained build operations Thread 56" [_thread_blocked, id=38428, stack(0x0000002756a00000,0x0000002756b00000)]
  0x00000127d1116ff0 JavaThread "Unconstrained build operations Thread 57" [_thread_blocked, id=6436, stack(0x0000002756b00000,0x0000002756c00000)]
  0x00000127d1118430 JavaThread "Unconstrained build operations Thread 58" [_thread_blocked, id=4636, stack(0x0000002756c00000,0x0000002756d00000)]
  0x00000127d1117f20 JavaThread "Unconstrained build operations Thread 59" [_thread_blocked, id=21980, stack(0x0000002756d00000,0x0000002756e00000)]
  0x00000127d11156a0 JavaThread "Unconstrained build operations Thread 60" [_thread_blocked, id=46820, stack(0x0000002756e00000,0x0000002756f00000)]
  0x00000127d1115bb0 JavaThread "Unconstrained build operations Thread 61" [_thread_blocked, id=33984, stack(0x0000002756f00000,0x0000002757000000)]
  0x00000127d1118940 JavaThread "Unconstrained build operations Thread 62" [_thread_blocked, id=6572, stack(0x0000002757000000,0x0000002757100000)]
  0x00000127d16bc1e0 JavaThread "Unconstrained build operations Thread 63" [_thread_blocked, id=47320, stack(0x0000002757100000,0x0000002757200000)]
  0x00000127d16bd620 JavaThread "Unconstrained build operations Thread 64" [_thread_blocked, id=2084, stack(0x0000002757200000,0x0000002757300000)]
  0x00000127d16bc6f0 JavaThread "Unconstrained build operations Thread 65" [_thread_blocked, id=34904, stack(0x0000002757300000,0x0000002757400000)]
  0x00000127d16bcc00 JavaThread "Unconstrained build operations Thread 66" [_thread_blocked, id=25972, stack(0x0000002757400000,0x0000002757500000)]
  0x00000127d16bd110 JavaThread "Unconstrained build operations Thread 67" [_thread_blocked, id=50588, stack(0x0000002757600000,0x0000002757700000)]
  0x00000127d16bb7c0 JavaThread "Unconstrained build operations Thread 68" [_thread_blocked, id=39504, stack(0x0000002757700000,0x0000002757800000)]
  0x00000127d16ba890 JavaThread "Unconstrained build operations Thread 69" [_thread_blocked, id=11984, stack(0x0000002757800000,0x0000002757900000)]
  0x00000127d16bbcd0 JavaThread "Unconstrained build operations Thread 70" [_thread_blocked, id=10520, stack(0x0000002757900000,0x0000002757a00000)]
  0x00000127d16bdb30 JavaThread "Unconstrained build operations Thread 71" [_thread_blocked, id=5016, stack(0x0000002757a00000,0x0000002757b00000)]
  0x00000127d16ba380 JavaThread "Unconstrained build operations Thread 72" [_thread_blocked, id=44132, stack(0x0000002757b00000,0x0000002757c00000)]
  0x00000127d16be040 JavaThread "Unconstrained build operations Thread 73" [_thread_blocked, id=14248, stack(0x0000002757c00000,0x0000002757d00000)]
  0x00000127d16be550 JavaThread "Unconstrained build operations Thread 74" [_thread_blocked, id=56888, stack(0x0000002757d00000,0x0000002757e00000)]
  0x00000127d16bada0 JavaThread "Unconstrained build operations Thread 75" [_thread_blocked, id=15504, stack(0x0000002757e00000,0x0000002757f00000)]
  0x00000127d16bea60 JavaThread "Unconstrained build operations Thread 76" [_thread_blocked, id=39056, stack(0x0000002757f00000,0x0000002758000000)]
  0x00000127d16bb2b0 JavaThread "Unconstrained build operations Thread 77" [_thread_blocked, id=10720, stack(0x0000002758000000,0x0000002758100000)]
  0x00000127d16bfea0 JavaThread "Unconstrained build operations Thread 78" [_thread_blocked, id=14960, stack(0x0000002758100000,0x0000002758200000)]
  0x00000127d16bf990 JavaThread "Unconstrained build operations Thread 79" [_thread_blocked, id=47060, stack(0x0000002757500000,0x0000002757600000)]
  0x00000127d16c1d00 JavaThread "Unconstrained build operations Thread 80" [_thread_blocked, id=50052, stack(0x0000002758200000,0x0000002758300000)]
  0x00000127d16bef70 JavaThread "Unconstrained build operations Thread 81" [_thread_blocked, id=56756, stack(0x0000002758300000,0x0000002758400000)]
  0x00000127d16c12e0 JavaThread "Unconstrained build operations Thread 82" [_thread_blocked, id=28264, stack(0x0000002758400000,0x0000002758500000)]
  0x00000127d16c17f0 JavaThread "Unconstrained build operations Thread 83" [_thread_blocked, id=40284, stack(0x0000002758500000,0x0000002758600000)]
  0x00000127d16c0dd0 JavaThread "Unconstrained build operations Thread 84" [_thread_blocked, id=4708, stack(0x0000002758600000,0x0000002758700000)]
  0x00000127d16c03b0 JavaThread "Unconstrained build operations Thread 85" [_thread_blocked, id=46040, stack(0x0000002758700000,0x0000002758800000)]
  0x00000127d16bf480 JavaThread "Unconstrained build operations Thread 86" [_thread_blocked, id=23328, stack(0x0000002758800000,0x0000002758900000)]
  0x00000127d16c08c0 JavaThread "Unconstrained build operations Thread 87" [_thread_blocked, id=18064, stack(0x0000002758900000,0x0000002758a00000)]
  0x00000127ce71d5d0 JavaThread "Unconstrained build operations Thread 88" [_thread_blocked, id=13504, stack(0x0000002758a00000,0x0000002758b00000)]
  0x00000127d1043d90 JavaThread "Unconstrained build operations Thread 89" [_thread_blocked, id=23108, stack(0x0000002758b00000,0x0000002758c00000)]
  0x00000127ceceb810 JavaThread "Unconstrained build operations Thread 90" [_thread_blocked, id=32620, stack(0x0000002758c00000,0x0000002758d00000)]
  0x00000127cece94a0 JavaThread "Unconstrained build operations Thread 91" [_thread_blocked, id=44660, stack(0x0000002758d00000,0x0000002758e00000)]
  0x00000127ceceadf0 JavaThread "Unconstrained build operations Thread 92" [_thread_blocked, id=7160, stack(0x0000002758e00000,0x0000002758f00000)]
  0x00000127cecea8e0 JavaThread "Unconstrained build operations Thread 93" [_thread_blocked, id=12072, stack(0x0000002758f00000,0x0000002759000000)]
  0x00000127ceceb300 JavaThread "Unconstrained build operations Thread 94" [_thread_blocked, id=16112, stack(0x0000002759000000,0x0000002759100000)]
  0x00000127cece8060 JavaThread "Unconstrained build operations Thread 95" [_thread_blocked, id=47308, stack(0x0000002759100000,0x0000002759200000)]
  0x00000127cece9ec0 JavaThread "Unconstrained build operations Thread 96" [_thread_blocked, id=12136, stack(0x0000002759200000,0x0000002759300000)]
  0x00000127cece8570 JavaThread "Unconstrained build operations Thread 97" [_thread_blocked, id=8096, stack(0x0000002759300000,0x0000002759400000)]
  0x00000127cece99b0 JavaThread "Unconstrained build operations Thread 98" [_thread_blocked, id=40312, stack(0x0000002759400000,0x0000002759500000)]
  0x00000127cece8a80 JavaThread "Unconstrained build operations Thread 99" [_thread_blocked, id=29836, stack(0x0000002759500000,0x0000002759600000)]
  0x00000127cece8f90 JavaThread "Unconstrained build operations Thread 100" [_thread_blocked, id=37728, stack(0x0000002759600000,0x0000002759700000)]
  0x00000127cfe22ca0 JavaThread "Unconstrained build operations Thread 101" [_thread_blocked, id=35684, stack(0x0000002759700000,0x0000002759800000)]
  0x00000127cfe22280 JavaThread "Unconstrained build operations Thread 102" [_thread_blocked, id=5752, stack(0x0000002759800000,0x0000002759900000)]
  0x00000127cfe25010 JavaThread "Unconstrained build operations Thread 103" [_thread_blocked, id=45272, stack(0x0000002759900000,0x0000002759a00000)]
  0x00000127cfe245f0 JavaThread "Unconstrained build operations Thread 104" [_thread_blocked, id=50268, stack(0x0000002759a00000,0x0000002759b00000)]
  0x00000127cfe25520 JavaThread "Unconstrained build operations Thread 105" [_thread_blocked, id=32248, stack(0x0000002759b00000,0x0000002759c00000)]
  0x00000127cfe25a30 JavaThread "Unconstrained build operations Thread 106" [_thread_blocked, id=14628, stack(0x0000002759c00000,0x0000002759d00000)]
  0x00000127cfe23bd0 JavaThread "Unconstrained build operations Thread 107" [_thread_blocked, id=46896, stack(0x0000002759d00000,0x0000002759e00000)]
  0x00000127cfe240e0 JavaThread "Unconstrained build operations Thread 108" [_thread_blocked, id=45852, stack(0x0000002759e00000,0x0000002759f00000)]
  0x00000127cfe24b00 JavaThread "Unconstrained build operations Thread 109" [_thread_blocked, id=15204, stack(0x0000002759f00000,0x000000275a000000)]
  0x00000127cfe22790 JavaThread "Unconstrained build operations Thread 110" [_thread_blocked, id=31100, stack(0x000000275a000000,0x000000275a100000)]
  0x00000127cfe25f40 JavaThread "jar transforms Thread 2" [_thread_blocked, id=24316, stack(0x000000275a100000,0x000000275a200000)]
  0x00000127cfe231b0 JavaThread "jar transforms Thread 3" [_thread_blocked, id=29152, stack(0x000000275a300000,0x000000275a400000)]
  0x00000127cfe26e70 JavaThread "Unconstrained build operations Thread 111" [_thread_blocked, id=38432, stack(0x000000275a400000,0x000000275a500000)]
  0x00000127cfe236c0 JavaThread "Unconstrained build operations Thread 112" [_thread_blocked, id=54740, stack(0x000000275a500000,0x000000275a600000)]
  0x00000127cfe27380 JavaThread "Unconstrained build operations Thread 113" [_thread_blocked, id=22408, stack(0x000000275a600000,0x000000275a700000)]
  0x00000127cfe282b0 JavaThread "Unconstrained build operations Thread 114" [_thread_blocked, id=17360, stack(0x000000275a700000,0x000000275a800000)]
  0x00000127cfe27da0 JavaThread "Unconstrained build operations Thread 115" [_thread_blocked, id=11412, stack(0x000000275a800000,0x000000275a900000)]
  0x00000127cfe28cd0 JavaThread "Unconstrained build operations Thread 116" [_thread_blocked, id=22496, stack(0x000000275a900000,0x000000275aa00000)]
  0x00000127cfe29c00 JavaThread "Unconstrained build operations Thread 117" [_thread_blocked, id=23132, stack(0x000000275aa00000,0x000000275ab00000)]
  0x00000127cfe291e0 JavaThread "Unconstrained build operations Thread 118" [_thread_blocked, id=39424, stack(0x000000275ab00000,0x000000275ac00000)]
  0x00000127cfe296f0 JavaThread "Unconstrained build operations Thread 119" [_thread_blocked, id=31484, stack(0x000000275ac00000,0x000000275ad00000)]
  0x00000127cfe27890 JavaThread "Unconstrained build operations Thread 120" [_thread_blocked, id=52036, stack(0x000000275ad00000,0x000000275ae00000)]
  0x00000127cecea3d0 JavaThread "jar transforms Thread 4" [_thread_blocked, id=34008, stack(0x000000275ae00000,0x000000275af00000)]
  0x00000127cf884340 JavaThread "jar transforms Thread 5" [_thread_blocked, id=29600, stack(0x000000275a200000,0x000000275a300000)]
  0x00000127cf884850 JavaThread "jar transforms Thread 6" [_thread_blocked, id=4992, stack(0x000000275af00000,0x000000275b000000)]
  0x00000127cf8870d0 JavaThread "build event listener" [_thread_blocked, id=14368, stack(0x000000275b100000,0x000000275b200000)]
  0x00000127cf883e30 JavaThread "Problems report writer" [_thread_blocked, id=33304, stack(0x000000275b200000,0x000000275b300000)]
  0x00000127cf888000 JavaThread "jar transforms Thread 7" [_thread_blocked, id=17516, stack(0x000000275b400000,0x000000275b500000)]
  0x00000127cf885270 JavaThread "jar transforms Thread 8" [_thread_blocked, id=55884, stack(0x000000275b500000,0x000000275b600000)]
  0x00000127cf888f30 JavaThread "jar transforms Thread 9" [_thread_blocked, id=6764, stack(0x000000275b600000,0x000000275b700000)]
  0x00000127cf88a880 JavaThread "jar transforms Thread 10" [_thread_blocked, id=22116, stack(0x000000275b700000,0x000000275b800000)]
  0x00000127cf888a20 JavaThread "jar transforms Thread 11" [_thread_blocked, id=10376, stack(0x000000275b300000,0x000000275b400000)]
  0x00000127cf889e60 JavaThread "jar transforms Thread 12" [_thread_blocked, id=26584, stack(0x000000275b800000,0x000000275b900000)]
  0x00000127d13d5620 JavaThread "Cache worker for execution history cache (C:\Users\fuadh\projects\friends_hangout_app\android\.gradle\8.13\executionHistory)" [_thread_blocked, id=32696, stack(0x000000275c000000,0x000000275c100000)]
  0x00000127d13d4c00 JavaThread "WorkerExecutor Queue" [_thread_blocked, id=52576, stack(0x000000275be00000,0x000000275bf00000)]
  0x00000127d13d6040 JavaThread "WorkerExecutor Queue Thread 2" [_thread_blocked, id=47984, stack(0x000000275c100000,0x000000275c200000)]
  0x00000127d13d2890 JavaThread "WorkerExecutor Queue Thread 3" [_thread_blocked, id=38832, stack(0x000000275c200000,0x000000275c300000)]
  0x00000127d13d92e0 JavaThread "WorkerExecutor Queue Thread 4" [_thread_blocked, id=33008, stack(0x000000275c300000,0x000000275c400000)]
  0x00000127d13d7ea0 JavaThread "WorkerExecutor Queue Thread 5" [_thread_blocked, id=30124, stack(0x000000275c400000,0x000000275c500000)]
  0x00000127d13d97f0 JavaThread "WorkerExecutor Queue Thread 6" [_thread_blocked, id=1380, stack(0x000000275c500000,0x000000275c600000)]
  0x00000127d13d9d00 JavaThread "WorkerExecutor Queue Thread 8" [_thread_blocked, id=24976, stack(0x000000275c700000,0x000000275c800000)]
  0x00000127d13d7990 JavaThread "WorkerExecutor Queue Thread 9" [_thread_blocked, id=25616, stack(0x000000275c800000,0x000000275c900000)]
  0x00000127d13d6f70 JavaThread "WorkerExecutor Queue Thread 10" [_thread_blocked, id=25700, stack(0x000000275c900000,0x000000275ca00000)]
  0x00000127d13d88c0 JavaThread "WorkerExecutor Queue Thread 12" [_thread_blocked, id=25172, stack(0x000000275cb00000,0x000000275cc00000)]
  0x00000127d13dca90 JavaThread "WorkerExecutor Queue Thread 13" [_thread_blocked, id=11988, stack(0x000000275ba00000,0x000000275bb00000)]
  0x00000127cf88a370 JavaThread "pool-3-thread-1" [_thread_blocked, id=37492, stack(0x000000275bd00000,0x000000275be00000)]
  0x00000127cf888510 JavaThread "stderr" [_thread_in_native, id=19916, stack(0x000000275cd00000,0x000000275ce00000)]
  0x00000127ce71dae0 JavaThread "stderr" [_thread_in_native, id=55736, stack(0x000000275cf00000,0x000000275d000000)]
  0x00000127cfe287c0 JavaThread "stdout" [_thread_in_native, id=54120, stack(0x000000275d000000,0x000000275d100000)]
  0x00000127cd03ee60 JavaThread "stdout" [_thread_in_native, id=24568, stack(0x000000275d100000,0x000000275d200000)]
  0x00000127d1048470 JavaThread "stderr" [_thread_in_native, id=50240, stack(0x000000275d200000,0x000000275d300000)]
  0x00000127dac902a0 JavaThread "stdout" [_thread_in_native, id=20940, stack(0x000000275d300000,0x000000275d400000)]
  0x00000127dac92610 JavaThread "stderr" [_thread_in_native, id=48956, stack(0x000000275d400000,0x000000275d500000)]
  0x00000127dac93030 JavaThread "stdout" [_thread_in_native, id=12104, stack(0x000000275d500000,0x000000275d600000)]
  0x00000127dac911d0 JavaThread "Cache worker for Java compile cache (C:\Users\fuadh\.gradle\caches\8.13\javaCompile)" [_thread_blocked, id=15348, stack(0x000000275b900000,0x000000275ba00000)]
  0x00000127dac97200 JavaThread "Build operations" [_thread_blocked, id=12676, stack(0x000000275d900000,0x000000275da00000)]
  0x00000127dac94e90 JavaThread "Build operations Thread 2" [_thread_blocked, id=33052, stack(0x000000275da00000,0x000000275db00000)]
  0x00000127dac95dc0 JavaThread "Build operations Thread 3" [_thread_blocked, id=384, stack(0x000000275db00000,0x000000275dc00000)]
  0x00000127dac962d0 JavaThread "Build operations Thread 4" [_thread_blocked, id=27680, stack(0x000000275dc00000,0x000000275dd00000)]
  0x00000127dac953a0 JavaThread "Build operations Thread 5" [_thread_blocked, id=6024, stack(0x000000275dd00000,0x000000275de00000)]
  0x00000127dac94470 JavaThread "Build operations Thread 6" [_thread_blocked, id=28996, stack(0x000000275de00000,0x000000275df00000)]
  0x00000127dac96cf0 JavaThread "Build operations Thread 7" [_thread_blocked, id=9288, stack(0x000000275df00000,0x000000275e000000)]
  0x00000127dac93a50 JavaThread "Build operations Thread 8" [_thread_blocked, id=39752, stack(0x000000275e000000,0x000000275e100000)]
  0x00000127dac967e0 JavaThread "Build operations Thread 9" [_thread_blocked, id=36984, stack(0x000000275e100000,0x000000275e200000)]
  0x00000127dac97710 JavaThread "Build operations Thread 10" [_thread_blocked, id=9512, stack(0x000000275e200000,0x000000275e300000)]
  0x00000127dac93f60 JavaThread "Build operations Thread 11" [_thread_blocked, id=51800, stack(0x000000275e300000,0x000000275e400000)]
  0x00000127dac9b3d0 JavaThread "RMI Scheduler(0)" daemon [_thread_blocked, id=22460, stack(0x000000275e600000,0x000000275e700000)]
  0x00000127dac97c20 JavaThread "RMI GC Daemon" daemon [_thread_blocked, id=53904, stack(0x000000275e800000,0x000000275e900000)]
  0x00000127dac9b8e0 JavaThread "RMI TCP Accept-0" daemon [_thread_in_native, id=56228, stack(0x000000275e900000,0x000000275ea00000)]
  0x00000127dac9bdf0 JavaThread "RMI Reaper" [_thread_blocked, id=37432, stack(0x000000275ea00000,0x000000275eb00000)]
  0x00000127dac9c300 JavaThread "RMI TCP Connection(idle)" daemon [_thread_blocked, id=31120, stack(0x000000275eb00000,0x000000275ec00000)]
  0x00000127dac99f90 JavaThread "Build operations Thread 12" [_thread_blocked, id=38516, stack(0x000000275ec00000,0x000000275ed00000)]
  0x00000127dac9f090 JavaThread "RMI TCP Connection(idle)" daemon [_thread_blocked, id=6360, stack(0x000000275e700000,0x000000275e800000)]
  0x00000127d13da210 JavaThread "RMI TCP Connection(idle)" daemon [_thread_blocked, id=52056, stack(0x000000275ed00000,0x000000275ee00000)]
  0x00000127d1046610 JavaThread "RMI RenewClean-[127.0.0.1:17282,org.jetbrains.kotlin.daemon.common.LoopbackNetworkInterface$ClientLoopbackSocketFactory@464421d2]" daemon [_thread_blocked, id=30888, stack(0x0000002754300000,0x0000002754400000)]
  0x00000127cf1497b0 JavaThread "RMI TCP Connection(10)-127.0.0.1" daemon [_thread_blocked, id=55832, stack(0x000000275ee00000,0x000000275ef00000)]
  0x00000127cf148370 JavaThread "WorkerExecutor Queue Thread 14" [_thread_blocked, id=8140, stack(0x000000275ce00000,0x000000275cf00000)]
  0x00000127d2549d70 JavaThread "C2 CompilerThread1" daemon [_thread_blocked, id=22664, stack(0x0000002754900000,0x0000002754a00000)]
  0x00000127d8b70db0 JavaThread "C2 CompilerThread2" daemon [_thread_blocked, id=46972, stack(0x000000275b000000,0x000000275b100000)]

Other Threads:
=>0x000001279277e6f0 VMThread "VM Thread" [stack: 0x000000274ee00000,0x000000274ef00000] [id=44060]
  0x00000127e5a00840 WatcherThread [stack: 0x000000274fb00000,0x000000274fc00000] [id=49308]
  0x00000127ffab59b0 GCTaskThread "GC Thread#0" [stack: 0x000000274e900000,0x000000274ea00000] [id=10264]
  0x0000012792a7f4d0 GCTaskThread "GC Thread#1" [stack: 0x000000274fd00000,0x000000274fe00000] [id=23644]
  0x0000012792aff330 GCTaskThread "GC Thread#2" [stack: 0x000000274fe00000,0x000000274ff00000] [id=21960]
  0x0000012792aff5f0 GCTaskThread "GC Thread#3" [stack: 0x000000274ff00000,0x0000002750000000] [id=40132]
  0x00000127cc234ae0 GCTaskThread "GC Thread#4" [stack: 0x0000002750000000,0x0000002750100000] [id=18540]
  0x00000127cc234da0 GCTaskThread "GC Thread#5" [stack: 0x0000002750100000,0x0000002750200000] [id=44980]
  0x00000127cc1c6120 GCTaskThread "GC Thread#6" [stack: 0x000000274fc00000,0x000000274fd00000] [id=33896]
  0x00000127ce529d40 GCTaskThread "GC Thread#7" [stack: 0x0000002751100000,0x0000002751200000] [id=52328]
  0x00000127ce529a80 GCTaskThread "GC Thread#8" [stack: 0x0000002751200000,0x0000002751300000] [id=54584]
  0x00000127ce52adc0 GCTaskThread "GC Thread#9" [stack: 0x0000002751300000,0x0000002751400000] [id=38248]
  0x00000127ffb04b80 ConcurrentGCThread "G1 Main Marker" [stack: 0x000000274ea00000,0x000000274eb00000] [id=45824]
  0x00000127ffb06b00 ConcurrentGCThread "G1 Conc#0" [stack: 0x000000274eb00000,0x000000274ec00000] [id=20860]
  0x00000127ce52a2c0 ConcurrentGCThread "G1 Conc#1" [stack: 0x0000002751400000,0x0000002751500000] [id=4116]
  0x00000127ce52a000 ConcurrentGCThread "G1 Conc#2" [stack: 0x0000002751500000,0x0000002751600000] [id=25956]
  0x00000127ffb77110 ConcurrentGCThread "G1 Refine#0" [stack: 0x000000274ec00000,0x000000274ed00000] [id=53408]
  0x00000127d9e44f50 ConcurrentGCThread "G1 Refine#1" [stack: 0x000000275bf00000,0x000000275c000000] [id=35768]
  0x00000127d98ec7e0 ConcurrentGCThread "G1 Refine#2" [stack: 0x000000275bc00000,0x000000275bd00000] [id=9648]
  0x00000127ffb778f0 ConcurrentGCThread "G1 Service" [stack: 0x000000274ed00000,0x000000274ee00000] [id=13808]

Threads with active compile tasks:
C2 CompilerThread0  386029 46974       4       com.android.tools.r8.internal.rT::b (2119 bytes)
C2 CompilerThread1  386029 46014       4       com.android.tools.r8.ir.optimize.z::a (1785 bytes)
C2 CompilerThread2  386030 46188       4       com.android.tools.r8.internal.uy0::a (616 bytes)

VM state: at safepoint (normal execution)

VM Mutex/Monitor currently owned by a thread:  ([mutex/lock_event])
[0x00000127e37dbe20] Threads_lock - owner thread: 0x000001279277e6f0
[0x00000127e59fcdb0] Heap_lock - owner thread: 0x00000127cece99b0

Heap address: 0x0000000600000000, size: 8192 MB, Compressed Oops mode: Zero based, Oop shift amount: 3

CDS archive(s) mapped at: [0x0000012793000000-0x0000012793bb0000-0x0000012793bb0000), size 12255232, SharedBaseAddress: 0x0000012793000000, ArchiveRelocationMode: 1.
Compressed class space mapped at: 0x0000012794000000-0x00000127c8000000, reserved size: 872415232
Narrow klass base: 0x0000012793000000, Narrow klass shift: 0, Narrow klass range: 0x100000000

GC Precious Log:
 CPUs: 12 total, 12 available
 Memory: 16171M
 Large Page Support: Disabled
 NUMA Support: Disabled
 Compressed Oops: Enabled (Zero based)
 Heap Region Size: 4M
 Heap Min Capacity: 8M
 Heap Initial Capacity: 256M
 Heap Max Capacity: 8G
 Pre-touch: Disabled
 Parallel Workers: 10
 Concurrent Workers: 3
 Concurrent Refinement Workers: 10
 Periodic GC: Disabled

Heap:
 garbage-first heap   total 3145728K, used 579409K [0x0000000600000000, 0x0000000800000000)
  region size 4096K, 3 young (12288K), 3 survivors (12288K)
 Metaspace       used 194220K, committed 197056K, reserved 1048576K
  class space    used 26057K, committed 27328K, reserved 851968K

Heap Regions: E=young(eden), S=young(survivor), O=old, HS=humongous(starts), HC=humongous(continues), CS=collection set, F=free, OA=open archive, CA=closed archive, TAMS=top-at-mark-start (previous, next)
|   0|0x0000000600000000, 0x0000000600400000, 0x0000000600400000|100%|HS|  |TAMS 0x0000000600400000, 0x0000000600000000| Complete 
|   1|0x0000000600400000, 0x0000000600800000, 0x0000000600800000|100%| O|  |TAMS 0x0000000600800000, 0x0000000600400000| Untracked 
|   2|0x0000000600800000, 0x0000000600bbea00, 0x0000000600c00000| 93%| O|  |TAMS 0x0000000600bbea00, 0x0000000600800000| Untracked 
|   3|0x0000000600c00000, 0x0000000601000000, 0x0000000601000000|100%| O|  |TAMS 0x0000000601000000, 0x0000000600c00000| Untracked 
|   4|0x0000000601000000, 0x0000000601400000, 0x0000000601400000|100%| O|  |TAMS 0x0000000601400000, 0x0000000601000000| Untracked 
|   5|0x0000000601400000, 0x0000000601800000, 0x0000000601800000|100%| O|  |TAMS 0x0000000601800000, 0x0000000601400000| Untracked 
|   6|0x0000000601800000, 0x0000000601c00000, 0x0000000601c00000|100%| O|  |TAMS 0x0000000601c00000, 0x0000000601800000| Untracked 
|   7|0x0000000601c00000, 0x0000000602000000, 0x0000000602000000|100%| O|  |TAMS 0x0000000602000000, 0x0000000601c00000| Untracked 
|   8|0x0000000602000000, 0x0000000602400000, 0x0000000602400000|100%| O|  |TAMS 0x0000000602400000, 0x0000000602000000| Untracked 
|   9|0x0000000602400000, 0x0000000602800000, 0x0000000602800000|100%| O|  |TAMS 0x0000000602800000, 0x0000000602400000| Untracked 
|  10|0x0000000602800000, 0x0000000602c00000, 0x0000000602c00000|100%|HS|  |TAMS 0x0000000602c00000, 0x0000000602800000| Complete 
|  11|0x0000000602c00000, 0x0000000603000000, 0x0000000603000000|100%|HS|  |TAMS 0x0000000603000000, 0x0000000602c00000| Complete 
|  12|0x0000000603000000, 0x0000000603400000, 0x0000000603400000|100%| O|  |TAMS 0x0000000603400000, 0x0000000603000000| Untracked 
|  13|0x0000000603400000, 0x0000000603800000, 0x0000000603800000|100%| O|  |TAMS 0x0000000603800000, 0x0000000603400000| Untracked 
|  14|0x0000000603800000, 0x0000000603c00000, 0x0000000603c00000|100%| O|  |TAMS 0x0000000603c00000, 0x0000000603800000| Untracked 
|  15|0x0000000603c00000, 0x0000000604000000, 0x0000000604000000|100%| O|  |TAMS 0x0000000604000000, 0x0000000603c00000| Untracked 
|  16|0x0000000604000000, 0x0000000604400000, 0x0000000604400000|100%| O|  |TAMS 0x0000000604400000, 0x0000000604000000| Untracked 
|  17|0x0000000604400000, 0x0000000604800000, 0x0000000604800000|100%| O|  |TAMS 0x0000000604400000, 0x0000000604400000| Untracked 
|  18|0x0000000604800000, 0x0000000604c00000, 0x0000000604c00000|100%|HS|  |TAMS 0x0000000604c00000, 0x0000000604800000| Complete 
|  19|0x0000000604c00000, 0x0000000605000000, 0x0000000605000000|100%| O|  |TAMS 0x0000000605000000, 0x0000000604c00000| Untracked 
|  20|0x0000000605000000, 0x0000000605400000, 0x0000000605400000|100%| O|  |TAMS 0x0000000605400000, 0x0000000605000000| Untracked 
|  21|0x0000000605400000, 0x0000000605800000, 0x0000000605800000|100%|HS|  |TAMS 0x0000000605800000, 0x0000000605400000| Complete 
|  22|0x0000000605800000, 0x0000000605c00000, 0x0000000605c00000|100%| O|  |TAMS 0x0000000605c00000, 0x0000000605800000| Untracked 
|  23|0x0000000605c00000, 0x0000000606000000, 0x0000000606000000|100%| O|  |TAMS 0x0000000606000000, 0x0000000605c00000| Untracked 
|  24|0x0000000606000000, 0x0000000606400000, 0x0000000606400000|100%| O|  |TAMS 0x0000000606400000, 0x0000000606000000| Untracked 
|  25|0x0000000606400000, 0x0000000606800000, 0x0000000606800000|100%| O|  |TAMS 0x0000000606400000, 0x0000000606400000| Untracked 
|  26|0x0000000606800000, 0x0000000606c00000, 0x0000000606c00000|100%| O|  |TAMS 0x0000000606c00000, 0x0000000606800000| Untracked 
|  27|0x0000000606c00000, 0x0000000607000000, 0x0000000607000000|100%| O|  |TAMS 0x0000000607000000, 0x0000000606c00000| Untracked 
|  28|0x0000000607000000, 0x0000000607400000, 0x0000000607400000|100%| O|  |TAMS 0x0000000607400000, 0x0000000607000000| Untracked 
|  29|0x0000000607400000, 0x0000000607800000, 0x0000000607800000|100%| O|  |TAMS 0x0000000607800000, 0x0000000607400000| Untracked 
|  30|0x0000000607800000, 0x0000000607c00000, 0x0000000607c00000|100%| O|  |TAMS 0x0000000607c00000, 0x0000000607800000| Untracked 
|  31|0x0000000607c00000, 0x0000000608000000, 0x0000000608000000|100%| O|  |TAMS 0x0000000608000000, 0x0000000607c00000| Untracked 
|  32|0x0000000608000000, 0x0000000608400000, 0x0000000608400000|100%| O|  |TAMS 0x0000000608400000, 0x0000000608000000| Untracked 
|  33|0x0000000608400000, 0x0000000608800000, 0x0000000608800000|100%| O|  |TAMS 0x0000000608800000, 0x0000000608400000| Untracked 
|  34|0x0000000608800000, 0x0000000608c00000, 0x0000000608c00000|100%| O|  |TAMS 0x0000000608c00000, 0x0000000608800000| Untracked 
|  35|0x0000000608c00000, 0x0000000609000000, 0x0000000609000000|100%| O|  |TAMS 0x0000000609000000, 0x0000000608c00000| Untracked 
|  36|0x0000000609000000, 0x0000000609400000, 0x0000000609400000|100%| O|  |TAMS 0x0000000609400000, 0x0000000609000000| Untracked 
|  37|0x0000000609400000, 0x0000000609800000, 0x0000000609800000|100%| O|  |TAMS 0x0000000609800000, 0x0000000609400000| Untracked 
|  38|0x0000000609800000, 0x0000000609c00000, 0x0000000609c00000|100%| O|  |TAMS 0x0000000609c00000, 0x0000000609800000| Untracked 
|  39|0x0000000609c00000, 0x000000060a000000, 0x000000060a000000|100%| O|  |TAMS 0x000000060a000000, 0x0000000609c00000| Untracked 
|  40|0x000000060a000000, 0x000000060a400000, 0x000000060a400000|100%| O|  |TAMS 0x000000060a400000, 0x000000060a000000| Untracked 
|  41|0x000000060a400000, 0x000000060a800000, 0x000000060a800000|100%| O|  |TAMS 0x000000060a800000, 0x000000060a400000| Untracked 
|  42|0x000000060a800000, 0x000000060ac00000, 0x000000060ac00000|100%| O|  |TAMS 0x000000060ac00000, 0x000000060a800000| Untracked 
|  43|0x000000060ac00000, 0x000000060b000000, 0x000000060b000000|100%| O|  |TAMS 0x000000060ac00000, 0x000000060ac00000| Untracked 
|  44|0x000000060b000000, 0x000000060b400000, 0x000000060b400000|100%| O|  |TAMS 0x000000060b400000, 0x000000060b000000| Untracked 
|  45|0x000000060b400000, 0x000000060b800000, 0x000000060b800000|100%| O|  |TAMS 0x000000060b800000, 0x000000060b400000| Untracked 
|  46|0x000000060b800000, 0x000000060bc00000, 0x000000060bc00000|100%| O|  |TAMS 0x000000060bc00000, 0x000000060b800000| Untracked 
|  47|0x000000060bc00000, 0x000000060c000000, 0x000000060c000000|100%| O|  |TAMS 0x000000060c000000, 0x000000060bc00000| Untracked 
|  48|0x000000060c000000, 0x000000060c400000, 0x000000060c400000|100%| O|  |TAMS 0x000000060c400000, 0x000000060c000000| Untracked 
|  49|0x000000060c400000, 0x000000060c800000, 0x000000060c800000|100%| O|  |TAMS 0x000000060c800000, 0x000000060c400000| Untracked 
|  50|0x000000060c800000, 0x000000060cc00000, 0x000000060cc00000|100%| O|  |TAMS 0x000000060cc00000, 0x000000060c800000| Untracked 
|  51|0x000000060cc00000, 0x000000060d000000, 0x000000060d000000|100%| O|  |TAMS 0x000000060d000000, 0x000000060cc00000| Untracked 
|  52|0x000000060d000000, 0x000000060d400000, 0x000000060d400000|100%| O|  |TAMS 0x000000060d400000, 0x000000060d000000| Untracked 
|  53|0x000000060d400000, 0x000000060d800000, 0x000000060d800000|100%| O|  |TAMS 0x000000060d800000, 0x000000060d400000| Untracked 
|  54|0x000000060d800000, 0x000000060dc00000, 0x000000060dc00000|100%| O|  |TAMS 0x000000060dc00000, 0x000000060d800000| Untracked 
|  55|0x000000060dc00000, 0x000000060e000000, 0x000000060e000000|100%| O|  |TAMS 0x000000060e000000, 0x000000060dc00000| Untracked 
|  56|0x000000060e000000, 0x000000060e400000, 0x000000060e400000|100%| O|  |TAMS 0x000000060e400000, 0x000000060e000000| Untracked 
|  57|0x000000060e400000, 0x000000060e800000, 0x000000060e800000|100%| O|  |TAMS 0x000000060e800000, 0x000000060e400000| Untracked 
|  58|0x000000060e800000, 0x000000060ec00000, 0x000000060ec00000|100%| O|  |TAMS 0x000000060ec00000, 0x000000060e800000| Untracked 
|  59|0x000000060ec00000, 0x000000060f000000, 0x000000060f000000|100%| O|  |TAMS 0x000000060f000000, 0x000000060ec00000| Untracked 
|  60|0x000000060f000000, 0x000000060f400000, 0x000000060f400000|100%| O|  |TAMS 0x000000060f400000, 0x000000060f000000| Untracked 
|  61|0x000000060f400000, 0x000000060f800000, 0x000000060f800000|100%| O|  |TAMS 0x000000060f800000, 0x000000060f400000| Untracked 
|  62|0x000000060f800000, 0x000000060fc00000, 0x000000060fc00000|100%| O|  |TAMS 0x000000060fc00000, 0x000000060f800000| Untracked 
|  63|0x000000060fc00000, 0x0000000610000000, 0x0000000610000000|100%| O|  |TAMS 0x0000000610000000, 0x000000060fc00000| Untracked 
|  64|0x0000000610000000, 0x0000000610400000, 0x0000000610400000|100%| O|  |TAMS 0x0000000610400000, 0x0000000610000000| Untracked 
|  65|0x0000000610400000, 0x0000000610800000, 0x0000000610800000|100%| O|  |TAMS 0x0000000610800000, 0x0000000610400000| Untracked 
|  66|0x0000000610800000, 0x0000000610c00000, 0x0000000610c00000|100%| O|  |TAMS 0x0000000610c00000, 0x0000000610800000| Untracked 
|  67|0x0000000610c00000, 0x0000000611000000, 0x0000000611000000|100%| O|  |TAMS 0x0000000611000000, 0x0000000610c00000| Untracked 
|  68|0x0000000611000000, 0x0000000611400000, 0x0000000611400000|100%| O|  |TAMS 0x0000000611400000, 0x0000000611000000| Untracked 
|  69|0x0000000611400000, 0x0000000611800000, 0x0000000611800000|100%| O|  |TAMS 0x00000006116be400, 0x0000000611400000| Untracked 
|  70|0x0000000611800000, 0x0000000611c00000, 0x0000000611c00000|100%| O|  |TAMS 0x0000000611800000, 0x0000000611800000| Untracked 
|  71|0x0000000611c00000, 0x0000000612000000, 0x0000000612000000|100%| O|  |TAMS 0x0000000611c00000, 0x0000000611c00000| Untracked 
|  72|0x0000000612000000, 0x0000000612400000, 0x0000000612400000|100%| O|  |TAMS 0x0000000612000000, 0x0000000612000000| Untracked 
|  73|0x0000000612400000, 0x0000000612800000, 0x0000000612800000|100%| O|  |TAMS 0x0000000612400000, 0x0000000612400000| Untracked 
|  74|0x0000000612800000, 0x0000000612c00000, 0x0000000612c00000|100%| O|  |TAMS 0x0000000612800000, 0x0000000612800000| Untracked 
|  75|0x0000000612c00000, 0x0000000613000000, 0x0000000613000000|100%| O|  |TAMS 0x0000000612c00000, 0x0000000612c00000| Untracked 
|  76|0x0000000613000000, 0x0000000613400000, 0x0000000613400000|100%| O|  |TAMS 0x0000000613000000, 0x0000000613000000| Untracked 
|  77|0x0000000613400000, 0x0000000613800000, 0x0000000613800000|100%| O|  |TAMS 0x0000000613400000, 0x0000000613400000| Untracked 
|  78|0x0000000613800000, 0x0000000613c00000, 0x0000000613c00000|100%| O|  |TAMS 0x0000000613800000, 0x0000000613800000| Untracked 
|  79|0x0000000613c00000, 0x0000000614000000, 0x0000000614000000|100%| O|  |TAMS 0x0000000613c00000, 0x0000000613c00000| Untracked 
|  80|0x0000000614000000, 0x0000000614400000, 0x0000000614400000|100%| O|  |TAMS 0x0000000614000000, 0x0000000614000000| Untracked 
|  81|0x0000000614400000, 0x0000000614800000, 0x0000000614800000|100%| O|  |TAMS 0x0000000614400000, 0x0000000614400000| Untracked 
|  82|0x0000000614800000, 0x0000000614c00000, 0x0000000614c00000|100%| O|  |TAMS 0x0000000614800000, 0x0000000614800000| Untracked 
|  83|0x0000000614c00000, 0x0000000615000000, 0x0000000615000000|100%| O|  |TAMS 0x0000000614c00000, 0x0000000614c00000| Untracked 
|  84|0x0000000615000000, 0x0000000615400000, 0x0000000615400000|100%| O|  |TAMS 0x0000000615000000, 0x0000000615000000| Untracked 
|  85|0x0000000615400000, 0x0000000615800000, 0x0000000615800000|100%| O|  |TAMS 0x0000000615400000, 0x0000000615400000| Untracked 
|  86|0x0000000615800000, 0x0000000615c00000, 0x0000000615c00000|100%| O|  |TAMS 0x0000000615800000, 0x0000000615800000| Untracked 
|  87|0x0000000615c00000, 0x0000000616000000, 0x0000000616000000|100%| O|  |TAMS 0x0000000615c00000, 0x0000000615c00000| Untracked 
|  88|0x0000000616000000, 0x0000000616400000, 0x0000000616400000|100%| O|  |TAMS 0x0000000616000000, 0x0000000616000000| Untracked 
|  89|0x0000000616400000, 0x0000000616800000, 0x0000000616800000|100%| O|  |TAMS 0x0000000616400000, 0x0000000616400000| Untracked 
|  90|0x0000000616800000, 0x0000000616c00000, 0x0000000616c00000|100%| O|  |TAMS 0x0000000616800000, 0x0000000616800000| Untracked 
|  91|0x0000000616c00000, 0x0000000617000000, 0x0000000617000000|100%| O|  |TAMS 0x0000000616c00000, 0x0000000616c00000| Untracked 
|  92|0x0000000617000000, 0x0000000617400000, 0x0000000617400000|100%| O|  |TAMS 0x0000000617000000, 0x0000000617000000| Untracked 
|  93|0x0000000617400000, 0x0000000617800000, 0x0000000617800000|100%| O|  |TAMS 0x0000000617400000, 0x0000000617400000| Untracked 
|  94|0x0000000617800000, 0x0000000617c00000, 0x0000000617c00000|100%| O|  |TAMS 0x0000000617800000, 0x0000000617800000| Untracked 
|  95|0x0000000617c00000, 0x0000000618000000, 0x0000000618000000|100%| O|  |TAMS 0x0000000617c00000, 0x0000000617c00000| Untracked 
|  96|0x0000000618000000, 0x0000000618400000, 0x0000000618400000|100%| O|  |TAMS 0x0000000618000000, 0x0000000618000000| Untracked 
|  97|0x0000000618400000, 0x0000000618800000, 0x0000000618800000|100%| O|  |TAMS 0x0000000618400000, 0x0000000618400000| Untracked 
|  98|0x0000000618800000, 0x0000000618c00000, 0x0000000618c00000|100%| O|  |TAMS 0x0000000618800000, 0x0000000618800000| Untracked 
|  99|0x0000000618c00000, 0x0000000619000000, 0x0000000619000000|100%| O|  |TAMS 0x0000000618c00000, 0x0000000618c00000| Untracked 
| 100|0x0000000619000000, 0x0000000619400000, 0x0000000619400000|100%| O|  |TAMS 0x0000000619000000, 0x0000000619000000| Untracked 
| 101|0x0000000619400000, 0x0000000619800000, 0x0000000619800000|100%| O|  |TAMS 0x0000000619400000, 0x0000000619400000| Untracked 
| 102|0x0000000619800000, 0x0000000619c00000, 0x0000000619c00000|100%| O|  |TAMS 0x0000000619800000, 0x0000000619800000| Untracked 
| 103|0x0000000619c00000, 0x000000061a000000, 0x000000061a000000|100%| O|  |TAMS 0x0000000619c00000, 0x0000000619c00000| Untracked 
| 104|0x000000061a000000, 0x000000061a400000, 0x000000061a400000|100%| O|  |TAMS 0x000000061a000000, 0x000000061a000000| Untracked 
| 105|0x000000061a400000, 0x000000061a800000, 0x000000061a800000|100%| O|  |TAMS 0x000000061a400000, 0x000000061a400000| Untracked 
| 106|0x000000061a800000, 0x000000061ac00000, 0x000000061ac00000|100%| O|  |TAMS 0x000000061a800000, 0x000000061a800000| Untracked 
| 107|0x000000061ac00000, 0x000000061b000000, 0x000000061b000000|100%| O|  |TAMS 0x000000061ac00000, 0x000000061ac00000| Untracked 
| 108|0x000000061b000000, 0x000000061b400000, 0x000000061b400000|100%| O|  |TAMS 0x000000061b000000, 0x000000061b000000| Untracked 
| 109|0x000000061b400000, 0x000000061b800000, 0x000000061b800000|100%| O|  |TAMS 0x000000061b400000, 0x000000061b400000| Untracked 
| 110|0x000000061b800000, 0x000000061bc00000, 0x000000061bc00000|100%| O|  |TAMS 0x000000061b800000, 0x000000061b800000| Untracked 
| 111|0x000000061bc00000, 0x000000061c000000, 0x000000061c000000|100%| O|  |TAMS 0x000000061bc00000, 0x000000061bc00000| Untracked 
| 112|0x000000061c000000, 0x000000061c400000, 0x000000061c400000|100%| O|  |TAMS 0x000000061c000000, 0x000000061c000000| Untracked 
| 113|0x000000061c400000, 0x000000061c800000, 0x000000061c800000|100%| O|  |TAMS 0x000000061c400000, 0x000000061c400000| Untracked 
| 114|0x000000061c800000, 0x000000061cc00000, 0x000000061cc00000|100%| O|  |TAMS 0x000000061c800000, 0x000000061c800000| Untracked 
| 115|0x000000061cc00000, 0x000000061d000000, 0x000000061d000000|100%| O|  |TAMS 0x000000061cc00000, 0x000000061cc00000| Untracked 
| 116|0x000000061d000000, 0x000000061d400000, 0x000000061d400000|100%| O|  |TAMS 0x000000061d000000, 0x000000061d000000| Untracked 
| 117|0x000000061d400000, 0x000000061d800000, 0x000000061d800000|100%| O|  |TAMS 0x000000061d400000, 0x000000061d400000| Untracked 
| 118|0x000000061d800000, 0x000000061dc00000, 0x000000061dc00000|100%| O|  |TAMS 0x000000061d800000, 0x000000061d800000| Untracked 
| 119|0x000000061dc00000, 0x000000061e000000, 0x000000061e000000|100%| O|  |TAMS 0x000000061dc00000, 0x000000061dc00000| Untracked 
| 120|0x000000061e000000, 0x000000061e400000, 0x000000061e400000|100%| O|  |TAMS 0x000000061e000000, 0x000000061e000000| Untracked 
| 121|0x000000061e400000, 0x000000061e800000, 0x000000061e800000|100%| O|  |TAMS 0x000000061e400000, 0x000000061e400000| Untracked 
| 122|0x000000061e800000, 0x000000061ec00000, 0x000000061ec00000|100%| O|  |TAMS 0x000000061e800000, 0x000000061e800000| Untracked 
| 123|0x000000061ec00000, 0x000000061f000000, 0x000000061f000000|100%| O|  |TAMS 0x000000061ec00000, 0x000000061ec00000| Untracked 
| 124|0x000000061f000000, 0x000000061f400000, 0x000000061f400000|100%| O|  |TAMS 0x000000061f000000, 0x000000061f000000| Untracked 
| 125|0x000000061f400000, 0x000000061f800000, 0x000000061f800000|100%| O|  |TAMS 0x000000061f400000, 0x000000061f400000| Untracked 
| 126|0x000000061f800000, 0x000000061fc00000, 0x000000061fc00000|100%| O|  |TAMS 0x000000061f800000, 0x000000061f800000| Untracked 
| 127|0x000000061fc00000, 0x0000000620000000, 0x0000000620000000|100%| O|  |TAMS 0x000000061fc00000, 0x000000061fc00000| Untracked 
| 128|0x0000000620000000, 0x0000000620400000, 0x0000000620400000|100%| O|  |TAMS 0x0000000620000000, 0x0000000620000000| Untracked 
| 129|0x0000000620400000, 0x0000000620800000, 0x0000000620800000|100%| O|  |TAMS 0x0000000620400000, 0x0000000620400000| Untracked 
| 130|0x0000000620800000, 0x0000000620c00000, 0x0000000620c00000|100%| O|  |TAMS 0x0000000620800000, 0x0000000620800000| Untracked 
| 131|0x0000000620c00000, 0x0000000621000000, 0x0000000621000000|100%| O|  |TAMS 0x0000000620c00000, 0x0000000620c00000| Untracked 
| 132|0x0000000621000000, 0x0000000621400000, 0x0000000621400000|100%| O|  |TAMS 0x0000000621000000, 0x0000000621000000| Untracked 
| 133|0x0000000621400000, 0x0000000621800000, 0x0000000621800000|100%| O|  |TAMS 0x0000000621400000, 0x0000000621400000| Untracked 
| 134|0x0000000621800000, 0x0000000621c00000, 0x0000000621c00000|100%| O|  |TAMS 0x0000000621800000, 0x0000000621800000| Untracked 
| 135|0x0000000621c00000, 0x0000000622000000, 0x0000000622000000|100%| O|  |TAMS 0x0000000621c00000, 0x0000000621c00000| Untracked 
| 136|0x0000000622000000, 0x0000000622400000, 0x0000000622400000|100%| O|  |TAMS 0x0000000622000000, 0x0000000622000000| Untracked 
| 137|0x0000000622400000, 0x0000000622800000, 0x0000000622800000|100%| O|  |TAMS 0x0000000622400000, 0x0000000622400000| Untracked 
| 138|0x0000000622800000, 0x0000000622c00000, 0x0000000622c00000|100%| O|  |TAMS 0x0000000622800000, 0x0000000622800000| Untracked 
| 139|0x0000000622c00000, 0x0000000622cf2400, 0x0000000623000000| 23%| O|  |TAMS 0x0000000622c00000, 0x0000000622c00000| Untracked 
| 140|0x0000000623000000, 0x0000000623000000, 0x0000000623400000|  0%| F|  |TAMS 0x0000000623000000, 0x0000000623000000| Untracked 
| 141|0x0000000623400000, 0x0000000623400000, 0x0000000623800000|  0%| F|  |TAMS 0x0000000623400000, 0x0000000623400000| Untracked 
| 142|0x0000000623800000, 0x0000000623800000, 0x0000000623c00000|  0%| F|  |TAMS 0x0000000623800000, 0x0000000623800000| Untracked 
| 143|0x0000000623c00000, 0x0000000623c00000, 0x0000000624000000|  0%| F|  |TAMS 0x0000000623c00000, 0x0000000623c00000| Untracked 
| 144|0x0000000624000000, 0x0000000624000000, 0x0000000624400000|  0%| F|  |TAMS 0x0000000624000000, 0x0000000624000000| Untracked 
| 145|0x0000000624400000, 0x0000000624400000, 0x0000000624800000|  0%| F|  |TAMS 0x0000000624400000, 0x0000000624400000| Untracked 
| 146|0x0000000624800000, 0x0000000624800000, 0x0000000624c00000|  0%| F|  |TAMS 0x0000000624800000, 0x0000000624800000| Untracked 
| 147|0x0000000624c00000, 0x0000000624c00000, 0x0000000625000000|  0%| F|  |TAMS 0x0000000624c00000, 0x0000000624c00000| Untracked 
| 148|0x0000000625000000, 0x0000000625000000, 0x0000000625400000|  0%| F|  |TAMS 0x0000000625000000, 0x0000000625000000| Untracked 
| 149|0x0000000625400000, 0x0000000625400000, 0x0000000625800000|  0%| F|  |TAMS 0x0000000625400000, 0x0000000625400000| Untracked 
| 150|0x0000000625800000, 0x0000000625800000, 0x0000000625c00000|  0%| F|  |TAMS 0x0000000625800000, 0x0000000625800000| Untracked 
| 151|0x0000000625c00000, 0x0000000625c00000, 0x0000000626000000|  0%| F|  |TAMS 0x0000000625c00000, 0x0000000625c00000| Untracked 
| 152|0x0000000626000000, 0x0000000626000000, 0x0000000626400000|  0%| F|  |TAMS 0x0000000626000000, 0x0000000626000000| Untracked 
| 153|0x0000000626400000, 0x0000000626400000, 0x0000000626800000|  0%| F|  |TAMS 0x0000000626400000, 0x0000000626400000| Untracked 
| 154|0x0000000626800000, 0x0000000626800000, 0x0000000626c00000|  0%| F|  |TAMS 0x0000000626800000, 0x0000000626800000| Untracked 
| 155|0x0000000626c00000, 0x0000000626c00000, 0x0000000627000000|  0%| F|  |TAMS 0x0000000626c00000, 0x0000000626c00000| Untracked 
| 156|0x0000000627000000, 0x0000000627000000, 0x0000000627400000|  0%| F|  |TAMS 0x0000000627000000, 0x0000000627000000| Untracked 
| 157|0x0000000627400000, 0x0000000627400000, 0x0000000627800000|  0%| F|  |TAMS 0x0000000627400000, 0x0000000627400000| Untracked 
| 158|0x0000000627800000, 0x0000000627800000, 0x0000000627c00000|  0%| F|  |TAMS 0x0000000627800000, 0x0000000627800000| Untracked 
| 159|0x0000000627c00000, 0x0000000627c00000, 0x0000000628000000|  0%| F|  |TAMS 0x0000000627c00000, 0x0000000627c00000| Untracked 
| 160|0x0000000628000000, 0x0000000628000000, 0x0000000628400000|  0%| F|  |TAMS 0x0000000628000000, 0x0000000628000000| Untracked 
| 161|0x0000000628400000, 0x0000000628400000, 0x0000000628800000|  0%| F|  |TAMS 0x0000000628400000, 0x0000000628400000| Untracked 
| 162|0x0000000628800000, 0x0000000628800000, 0x0000000628c00000|  0%| F|  |TAMS 0x0000000628800000, 0x0000000628800000| Untracked 
| 163|0x0000000628c00000, 0x0000000628c00000, 0x0000000629000000|  0%| F|  |TAMS 0x0000000628c00000, 0x0000000628c00000| Untracked 
| 164|0x0000000629000000, 0x0000000629000000, 0x0000000629400000|  0%| F|  |TAMS 0x0000000629000000, 0x0000000629000000| Untracked 
| 165|0x0000000629400000, 0x0000000629400000, 0x0000000629800000|  0%| F|  |TAMS 0x0000000629400000, 0x0000000629400000| Untracked 
| 166|0x0000000629800000, 0x0000000629800000, 0x0000000629c00000|  0%| F|  |TAMS 0x0000000629800000, 0x0000000629800000| Untracked 
| 167|0x0000000629c00000, 0x0000000629c00000, 0x000000062a000000|  0%| F|  |TAMS 0x0000000629c00000, 0x0000000629c00000| Untracked 
| 168|0x000000062a000000, 0x000000062a000000, 0x000000062a400000|  0%| F|  |TAMS 0x000000062a000000, 0x000000062a000000| Untracked 
| 169|0x000000062a400000, 0x000000062a400000, 0x000000062a800000|  0%| F|  |TAMS 0x000000062a400000, 0x000000062a400000| Untracked 
| 170|0x000000062a800000, 0x000000062a800000, 0x000000062ac00000|  0%| F|  |TAMS 0x000000062a800000, 0x000000062a800000| Untracked 
| 171|0x000000062ac00000, 0x000000062ac00000, 0x000000062b000000|  0%| F|  |TAMS 0x000000062ac00000, 0x000000062ac00000| Untracked 
| 172|0x000000062b000000, 0x000000062b000000, 0x000000062b400000|  0%| F|  |TAMS 0x000000062b000000, 0x000000062b000000| Untracked 
| 173|0x000000062b400000, 0x000000062b400000, 0x000000062b800000|  0%| F|  |TAMS 0x000000062b400000, 0x000000062b400000| Untracked 
| 174|0x000000062b800000, 0x000000062b800000, 0x000000062bc00000|  0%| F|  |TAMS 0x000000062b800000, 0x000000062b800000| Untracked 
| 175|0x000000062bc00000, 0x000000062bc00000, 0x000000062c000000|  0%| F|  |TAMS 0x000000062bc00000, 0x000000062bc00000| Untracked 
| 176|0x000000062c000000, 0x000000062c000000, 0x000000062c400000|  0%| F|  |TAMS 0x000000062c000000, 0x000000062c000000| Untracked 
| 177|0x000000062c400000, 0x000000062c400000, 0x000000062c800000|  0%| F|  |TAMS 0x000000062c400000, 0x000000062c400000| Untracked 
| 178|0x000000062c800000, 0x000000062c800000, 0x000000062cc00000|  0%| F|  |TAMS 0x000000062c800000, 0x000000062c800000| Untracked 
| 179|0x000000062cc00000, 0x000000062cc00000, 0x000000062d000000|  0%| F|  |TAMS 0x000000062cc00000, 0x000000062cc00000| Untracked 
| 180|0x000000062d000000, 0x000000062d000000, 0x000000062d400000|  0%| F|  |TAMS 0x000000062d000000, 0x000000062d000000| Untracked 
| 181|0x000000062d400000, 0x000000062d400000, 0x000000062d800000|  0%| F|  |TAMS 0x000000062d400000, 0x000000062d400000| Untracked 
| 182|0x000000062d800000, 0x000000062d800000, 0x000000062dc00000|  0%| F|  |TAMS 0x000000062d800000, 0x000000062d800000| Untracked 
| 183|0x000000062dc00000, 0x000000062dc00000, 0x000000062e000000|  0%| F|  |TAMS 0x000000062dc00000, 0x000000062dc00000| Untracked 
| 184|0x000000062e000000, 0x000000062e000000, 0x000000062e400000|  0%| F|  |TAMS 0x000000062e000000, 0x000000062e000000| Untracked 
| 185|0x000000062e400000, 0x000000062e400000, 0x000000062e800000|  0%| F|  |TAMS 0x000000062e400000, 0x000000062e400000| Untracked 
| 186|0x000000062e800000, 0x000000062e800000, 0x000000062ec00000|  0%| F|  |TAMS 0x000000062e800000, 0x000000062e800000| Untracked 
| 187|0x000000062ec00000, 0x000000062ec00000, 0x000000062f000000|  0%| F|  |TAMS 0x000000062ec00000, 0x000000062ec00000| Untracked 
| 188|0x000000062f000000, 0x000000062f000000, 0x000000062f400000|  0%| F|  |TAMS 0x000000062f000000, 0x000000062f000000| Untracked 
| 189|0x000000062f400000, 0x000000062f400000, 0x000000062f800000|  0%| F|  |TAMS 0x000000062f400000, 0x000000062f400000| Untracked 
| 190|0x000000062f800000, 0x000000062f800000, 0x000000062fc00000|  0%| F|  |TAMS 0x000000062f800000, 0x000000062f800000| Untracked 
| 191|0x000000062fc00000, 0x000000062fc00000, 0x0000000630000000|  0%| F|  |TAMS 0x000000062fc00000, 0x000000062fc00000| Untracked 
| 192|0x0000000630000000, 0x0000000630000000, 0x0000000630400000|  0%| F|  |TAMS 0x0000000630000000, 0x0000000630000000| Untracked 
| 193|0x0000000630400000, 0x0000000630400000, 0x0000000630800000|  0%| F|  |TAMS 0x0000000630400000, 0x0000000630400000| Untracked 
| 194|0x0000000630800000, 0x0000000630800000, 0x0000000630c00000|  0%| F|  |TAMS 0x0000000630800000, 0x0000000630800000| Untracked 
| 195|0x0000000630c00000, 0x0000000630c00000, 0x0000000631000000|  0%| F|  |TAMS 0x0000000630c00000, 0x0000000630c00000| Untracked 
| 196|0x0000000631000000, 0x0000000631000000, 0x0000000631400000|  0%| F|  |TAMS 0x0000000631000000, 0x0000000631000000| Untracked 
| 197|0x0000000631400000, 0x0000000631400000, 0x0000000631800000|  0%| F|  |TAMS 0x0000000631400000, 0x0000000631400000| Untracked 
| 198|0x0000000631800000, 0x0000000631800000, 0x0000000631c00000|  0%| F|  |TAMS 0x0000000631800000, 0x0000000631800000| Untracked 
| 199|0x0000000631c00000, 0x0000000631c00000, 0x0000000632000000|  0%| F|  |TAMS 0x0000000631c00000, 0x0000000631c00000| Untracked 
| 200|0x0000000632000000, 0x0000000632000000, 0x0000000632400000|  0%| F|  |TAMS 0x0000000632000000, 0x0000000632000000| Untracked 
| 201|0x0000000632400000, 0x0000000632400000, 0x0000000632800000|  0%| F|  |TAMS 0x0000000632400000, 0x0000000632400000| Untracked 
| 202|0x0000000632800000, 0x0000000632800000, 0x0000000632c00000|  0%| F|  |TAMS 0x0000000632800000, 0x0000000632800000| Untracked 
| 203|0x0000000632c00000, 0x0000000632c00000, 0x0000000633000000|  0%| F|  |TAMS 0x0000000632c00000, 0x0000000632c00000| Untracked 
| 204|0x0000000633000000, 0x0000000633000000, 0x0000000633400000|  0%| F|  |TAMS 0x0000000633000000, 0x0000000633000000| Untracked 
| 205|0x0000000633400000, 0x0000000633400000, 0x0000000633800000|  0%| F|  |TAMS 0x0000000633400000, 0x0000000633400000| Untracked 
| 206|0x0000000633800000, 0x0000000633800000, 0x0000000633c00000|  0%| F|  |TAMS 0x0000000633800000, 0x0000000633800000| Untracked 
| 207|0x0000000633c00000, 0x0000000633c00000, 0x0000000634000000|  0%| F|  |TAMS 0x0000000633c00000, 0x0000000633c00000| Untracked 
| 208|0x0000000634000000, 0x0000000634000000, 0x0000000634400000|  0%| F|  |TAMS 0x0000000634000000, 0x0000000634000000| Untracked 
| 209|0x0000000634400000, 0x0000000634400000, 0x0000000634800000|  0%| F|  |TAMS 0x0000000634400000, 0x0000000634400000| Untracked 
| 210|0x0000000634800000, 0x0000000634800000, 0x0000000634c00000|  0%| F|  |TAMS 0x0000000634800000, 0x0000000634800000| Untracked 
| 211|0x0000000634c00000, 0x0000000634c00000, 0x0000000635000000|  0%| F|  |TAMS 0x0000000634c00000, 0x0000000634c00000| Untracked 
| 212|0x0000000635000000, 0x0000000635000000, 0x0000000635400000|  0%| F|  |TAMS 0x0000000635000000, 0x0000000635000000| Untracked 
| 213|0x0000000635400000, 0x0000000635400000, 0x0000000635800000|  0%| F|  |TAMS 0x0000000635400000, 0x0000000635400000| Untracked 
| 214|0x0000000635800000, 0x0000000635800000, 0x0000000635c00000|  0%| F|  |TAMS 0x0000000635800000, 0x0000000635800000| Untracked 
| 215|0x0000000635c00000, 0x0000000635c00000, 0x0000000636000000|  0%| F|  |TAMS 0x0000000635c00000, 0x0000000635c00000| Untracked 
| 216|0x0000000636000000, 0x0000000636000000, 0x0000000636400000|  0%| F|  |TAMS 0x0000000636000000, 0x0000000636000000| Untracked 
| 217|0x0000000636400000, 0x0000000636400000, 0x0000000636800000|  0%| F|  |TAMS 0x0000000636400000, 0x0000000636400000| Untracked 
| 218|0x0000000636800000, 0x0000000636800000, 0x0000000636c00000|  0%| F|  |TAMS 0x0000000636800000, 0x0000000636800000| Untracked 
| 219|0x0000000636c00000, 0x0000000636c00000, 0x0000000637000000|  0%| F|  |TAMS 0x0000000636c00000, 0x0000000636c00000| Untracked 
| 220|0x0000000637000000, 0x0000000637000000, 0x0000000637400000|  0%| F|  |TAMS 0x0000000637000000, 0x0000000637000000| Untracked 
| 221|0x0000000637400000, 0x0000000637400000, 0x0000000637800000|  0%| F|  |TAMS 0x0000000637400000, 0x0000000637400000| Untracked 
| 222|0x0000000637800000, 0x0000000637800000, 0x0000000637c00000|  0%| F|  |TAMS 0x0000000637800000, 0x0000000637800000| Untracked 
| 223|0x0000000637c00000, 0x0000000637c00000, 0x0000000638000000|  0%| F|  |TAMS 0x0000000637c00000, 0x0000000637c00000| Untracked 
| 224|0x0000000638000000, 0x0000000638000000, 0x0000000638400000|  0%| F|  |TAMS 0x0000000638000000, 0x0000000638000000| Untracked 
| 225|0x0000000638400000, 0x0000000638400000, 0x0000000638800000|  0%| F|  |TAMS 0x0000000638400000, 0x0000000638400000| Untracked 
| 226|0x0000000638800000, 0x0000000638800000, 0x0000000638c00000|  0%| F|  |TAMS 0x0000000638800000, 0x0000000638800000| Untracked 
| 227|0x0000000638c00000, 0x0000000638c00000, 0x0000000639000000|  0%| F|  |TAMS 0x0000000638c00000, 0x0000000638c00000| Untracked 
| 228|0x0000000639000000, 0x0000000639000000, 0x0000000639400000|  0%| F|  |TAMS 0x0000000639000000, 0x0000000639000000| Untracked 
| 229|0x0000000639400000, 0x0000000639400000, 0x0000000639800000|  0%| F|  |TAMS 0x0000000639400000, 0x0000000639400000| Untracked 
| 230|0x0000000639800000, 0x0000000639800000, 0x0000000639c00000|  0%| F|  |TAMS 0x0000000639800000, 0x0000000639800000| Untracked 
| 231|0x0000000639c00000, 0x0000000639c00000, 0x000000063a000000|  0%| F|  |TAMS 0x0000000639c00000, 0x0000000639c00000| Untracked 
| 232|0x000000063a000000, 0x000000063a000000, 0x000000063a400000|  0%| F|  |TAMS 0x000000063a000000, 0x000000063a000000| Untracked 
| 233|0x000000063a400000, 0x000000063a400000, 0x000000063a800000|  0%| F|  |TAMS 0x000000063a400000, 0x000000063a400000| Untracked 
| 234|0x000000063a800000, 0x000000063a800000, 0x000000063ac00000|  0%| F|  |TAMS 0x000000063a800000, 0x000000063a800000| Untracked 
| 235|0x000000063ac00000, 0x000000063ac00000, 0x000000063b000000|  0%| F|  |TAMS 0x000000063ac00000, 0x000000063ac00000| Untracked 
| 236|0x000000063b000000, 0x000000063b000000, 0x000000063b400000|  0%| F|  |TAMS 0x000000063b000000, 0x000000063b000000| Untracked 
| 237|0x000000063b400000, 0x000000063b400000, 0x000000063b800000|  0%| F|  |TAMS 0x000000063b400000, 0x000000063b400000| Untracked 
| 238|0x000000063b800000, 0x000000063b800000, 0x000000063bc00000|  0%| F|  |TAMS 0x000000063b800000, 0x000000063b800000| Untracked 
| 239|0x000000063bc00000, 0x000000063bc00000, 0x000000063c000000|  0%| F|  |TAMS 0x000000063bc00000, 0x000000063bc00000| Untracked 
| 240|0x000000063c000000, 0x000000063c000000, 0x000000063c400000|  0%| F|  |TAMS 0x000000063c000000, 0x000000063c000000| Untracked 
| 241|0x000000063c400000, 0x000000063c400000, 0x000000063c800000|  0%| F|  |TAMS 0x000000063c400000, 0x000000063c400000| Untracked 
| 242|0x000000063c800000, 0x000000063c800000, 0x000000063cc00000|  0%| F|  |TAMS 0x000000063c800000, 0x000000063c800000| Untracked 
| 243|0x000000063cc00000, 0x000000063cc00000, 0x000000063d000000|  0%| F|  |TAMS 0x000000063cc00000, 0x000000063cc00000| Untracked 
| 244|0x000000063d000000, 0x000000063d000000, 0x000000063d400000|  0%| F|  |TAMS 0x000000063d000000, 0x000000063d000000| Untracked 
| 245|0x000000063d400000, 0x000000063d400000, 0x000000063d800000|  0%| F|  |TAMS 0x000000063d400000, 0x000000063d400000| Untracked 
| 246|0x000000063d800000, 0x000000063d800000, 0x000000063dc00000|  0%| F|  |TAMS 0x000000063d800000, 0x000000063d800000| Untracked 
| 247|0x000000063dc00000, 0x000000063dc00000, 0x000000063e000000|  0%| F|  |TAMS 0x000000063dc00000, 0x000000063dc00000| Untracked 
| 248|0x000000063e000000, 0x000000063e000000, 0x000000063e400000|  0%| F|  |TAMS 0x000000063e000000, 0x000000063e000000| Untracked 
| 249|0x000000063e400000, 0x000000063e400000, 0x000000063e800000|  0%| F|  |TAMS 0x000000063e400000, 0x000000063e400000| Untracked 
| 250|0x000000063e800000, 0x000000063e800000, 0x000000063ec00000|  0%| F|  |TAMS 0x000000063e800000, 0x000000063e800000| Untracked 
| 251|0x000000063ec00000, 0x000000063ec00000, 0x000000063f000000|  0%| F|  |TAMS 0x000000063ec00000, 0x000000063ec00000| Untracked 
| 252|0x000000063f000000, 0x000000063f000000, 0x000000063f400000|  0%| F|  |TAMS 0x000000063f000000, 0x000000063f000000| Untracked 
| 253|0x000000063f400000, 0x000000063f400000, 0x000000063f800000|  0%| F|  |TAMS 0x000000063f400000, 0x000000063f400000| Untracked 
| 254|0x000000063f800000, 0x000000063f800000, 0x000000063fc00000|  0%| F|  |TAMS 0x000000063f800000, 0x000000063f800000| Untracked 
| 255|0x000000063fc00000, 0x000000063fc00000, 0x0000000640000000|  0%| F|  |TAMS 0x000000063fc00000, 0x000000063fc00000| Untracked 
| 256|0x0000000640000000, 0x0000000640000000, 0x0000000640400000|  0%| F|  |TAMS 0x0000000640000000, 0x0000000640000000| Untracked 
| 257|0x0000000640400000, 0x0000000640400000, 0x0000000640800000|  0%| F|  |TAMS 0x0000000640400000, 0x0000000640400000| Untracked 
| 258|0x0000000640800000, 0x0000000640800000, 0x0000000640c00000|  0%| F|  |TAMS 0x0000000640800000, 0x0000000640800000| Untracked 
| 259|0x0000000640c00000, 0x0000000640c00000, 0x0000000641000000|  0%| F|  |TAMS 0x0000000640c00000, 0x0000000640c00000| Untracked 
| 260|0x0000000641000000, 0x0000000641000000, 0x0000000641400000|  0%| F|  |TAMS 0x0000000641000000, 0x0000000641000000| Untracked 
| 261|0x0000000641400000, 0x0000000641400000, 0x0000000641800000|  0%| F|  |TAMS 0x0000000641400000, 0x0000000641400000| Untracked 
| 262|0x0000000641800000, 0x0000000641800000, 0x0000000641c00000|  0%| F|  |TAMS 0x0000000641800000, 0x0000000641800000| Untracked 
| 263|0x0000000641c00000, 0x0000000641c00000, 0x0000000642000000|  0%| F|  |TAMS 0x0000000641c00000, 0x0000000641c00000| Untracked 
| 264|0x0000000642000000, 0x0000000642000000, 0x0000000642400000|  0%| F|  |TAMS 0x0000000642000000, 0x0000000642000000| Untracked 
| 265|0x0000000642400000, 0x0000000642400000, 0x0000000642800000|  0%| F|  |TAMS 0x0000000642400000, 0x0000000642400000| Untracked 
| 266|0x0000000642800000, 0x0000000642800000, 0x0000000642c00000|  0%| F|  |TAMS 0x0000000642800000, 0x0000000642800000| Untracked 
| 267|0x0000000642c00000, 0x0000000642c00000, 0x0000000643000000|  0%| F|  |TAMS 0x0000000642c00000, 0x0000000642c00000| Untracked 
| 268|0x0000000643000000, 0x0000000643000000, 0x0000000643400000|  0%| F|  |TAMS 0x0000000643000000, 0x0000000643000000| Untracked 
| 269|0x0000000643400000, 0x0000000643400000, 0x0000000643800000|  0%| F|  |TAMS 0x0000000643400000, 0x0000000643400000| Untracked 
| 270|0x0000000643800000, 0x0000000643800000, 0x0000000643c00000|  0%| F|  |TAMS 0x0000000643800000, 0x0000000643800000| Untracked 
| 271|0x0000000643c00000, 0x0000000643c00000, 0x0000000644000000|  0%| F|  |TAMS 0x0000000643c00000, 0x0000000643c00000| Untracked 
| 272|0x0000000644000000, 0x0000000644000000, 0x0000000644400000|  0%| F|  |TAMS 0x0000000644000000, 0x0000000644000000| Untracked 
| 273|0x0000000644400000, 0x0000000644400000, 0x0000000644800000|  0%| F|  |TAMS 0x0000000644400000, 0x0000000644400000| Untracked 
| 274|0x0000000644800000, 0x0000000644800000, 0x0000000644c00000|  0%| F|  |TAMS 0x0000000644800000, 0x0000000644800000| Untracked 
| 275|0x0000000644c00000, 0x0000000644c00000, 0x0000000645000000|  0%| F|  |TAMS 0x0000000644c00000, 0x0000000644c00000| Untracked 
| 276|0x0000000645000000, 0x0000000645000000, 0x0000000645400000|  0%| F|  |TAMS 0x0000000645000000, 0x0000000645000000| Untracked 
| 277|0x0000000645400000, 0x0000000645400000, 0x0000000645800000|  0%| F|  |TAMS 0x0000000645400000, 0x0000000645400000| Untracked 
| 278|0x0000000645800000, 0x0000000645800000, 0x0000000645c00000|  0%| F|  |TAMS 0x0000000645800000, 0x0000000645800000| Untracked 
| 279|0x0000000645c00000, 0x0000000645c00000, 0x0000000646000000|  0%| F|  |TAMS 0x0000000645c00000, 0x0000000645c00000| Untracked 
| 280|0x0000000646000000, 0x0000000646000000, 0x0000000646400000|  0%| F|  |TAMS 0x0000000646000000, 0x0000000646000000| Untracked 
| 281|0x0000000646400000, 0x0000000646400000, 0x0000000646800000|  0%| F|  |TAMS 0x0000000646400000, 0x0000000646400000| Untracked 
| 282|0x0000000646800000, 0x0000000646800000, 0x0000000646c00000|  0%| F|  |TAMS 0x0000000646800000, 0x0000000646800000| Untracked 
| 283|0x0000000646c00000, 0x0000000646c00000, 0x0000000647000000|  0%| F|  |TAMS 0x0000000646c00000, 0x0000000646c00000| Untracked 
| 284|0x0000000647000000, 0x0000000647000000, 0x0000000647400000|  0%| F|  |TAMS 0x0000000647000000, 0x0000000647000000| Untracked 
| 285|0x0000000647400000, 0x0000000647400000, 0x0000000647800000|  0%| F|  |TAMS 0x0000000647400000, 0x0000000647400000| Untracked 
| 286|0x0000000647800000, 0x0000000647800000, 0x0000000647c00000|  0%| F|  |TAMS 0x0000000647800000, 0x0000000647800000| Untracked 
| 287|0x0000000647c00000, 0x0000000647c00000, 0x0000000648000000|  0%| F|  |TAMS 0x0000000647c00000, 0x0000000647c00000| Untracked 
| 288|0x0000000648000000, 0x0000000648000000, 0x0000000648400000|  0%| F|  |TAMS 0x0000000648000000, 0x0000000648000000| Untracked 
| 289|0x0000000648400000, 0x0000000648400000, 0x0000000648800000|  0%| F|  |TAMS 0x0000000648400000, 0x0000000648400000| Untracked 
| 290|0x0000000648800000, 0x0000000648800000, 0x0000000648c00000|  0%| F|  |TAMS 0x0000000648800000, 0x0000000648800000| Untracked 
| 291|0x0000000648c00000, 0x0000000648c00000, 0x0000000649000000|  0%| F|  |TAMS 0x0000000648c00000, 0x0000000648c00000| Untracked 
| 292|0x0000000649000000, 0x0000000649000000, 0x0000000649400000|  0%| F|  |TAMS 0x0000000649000000, 0x0000000649000000| Untracked 
| 293|0x0000000649400000, 0x0000000649400000, 0x0000000649800000|  0%| F|  |TAMS 0x0000000649400000, 0x0000000649400000| Untracked 
| 294|0x0000000649800000, 0x0000000649800000, 0x0000000649c00000|  0%| F|  |TAMS 0x0000000649800000, 0x0000000649800000| Untracked 
| 295|0x0000000649c00000, 0x0000000649c00000, 0x000000064a000000|  0%| F|  |TAMS 0x0000000649c00000, 0x0000000649c00000| Untracked 
| 296|0x000000064a000000, 0x000000064a000000, 0x000000064a400000|  0%| F|  |TAMS 0x000000064a000000, 0x000000064a000000| Untracked 
| 297|0x000000064a400000, 0x000000064a400000, 0x000000064a800000|  0%| F|  |TAMS 0x000000064a400000, 0x000000064a400000| Untracked 
| 298|0x000000064a800000, 0x000000064a800000, 0x000000064ac00000|  0%| F|  |TAMS 0x000000064a800000, 0x000000064a800000| Untracked 
| 299|0x000000064ac00000, 0x000000064ac00000, 0x000000064b000000|  0%| F|  |TAMS 0x000000064ac00000, 0x000000064ac00000| Untracked 
| 300|0x000000064b000000, 0x000000064b000000, 0x000000064b400000|  0%| F|  |TAMS 0x000000064b000000, 0x000000064b000000| Untracked 
| 301|0x000000064b400000, 0x000000064b400000, 0x000000064b800000|  0%| F|  |TAMS 0x000000064b400000, 0x000000064b400000| Untracked 
| 302|0x000000064b800000, 0x000000064b800000, 0x000000064bc00000|  0%| F|  |TAMS 0x000000064b800000, 0x000000064b800000| Untracked 
| 303|0x000000064bc00000, 0x000000064bc00000, 0x000000064c000000|  0%| F|  |TAMS 0x000000064bc00000, 0x000000064bc00000| Untracked 
| 304|0x000000064c000000, 0x000000064c000000, 0x000000064c400000|  0%| F|  |TAMS 0x000000064c000000, 0x000000064c000000| Untracked 
| 305|0x000000064c400000, 0x000000064c400000, 0x000000064c800000|  0%| F|  |TAMS 0x000000064c400000, 0x000000064c400000| Untracked 
| 306|0x000000064c800000, 0x000000064c800000, 0x000000064cc00000|  0%| F|  |TAMS 0x000000064c800000, 0x000000064c800000| Untracked 
| 307|0x000000064cc00000, 0x000000064cc00000, 0x000000064d000000|  0%| F|  |TAMS 0x000000064cc00000, 0x000000064cc00000| Untracked 
| 308|0x000000064d000000, 0x000000064d000000, 0x000000064d400000|  0%| F|  |TAMS 0x000000064d000000, 0x000000064d000000| Untracked 
| 309|0x000000064d400000, 0x000000064d400000, 0x000000064d800000|  0%| F|  |TAMS 0x000000064d400000, 0x000000064d400000| Untracked 
| 310|0x000000064d800000, 0x000000064d800000, 0x000000064dc00000|  0%| F|  |TAMS 0x000000064d800000, 0x000000064d800000| Untracked 
| 311|0x000000064dc00000, 0x000000064dc00000, 0x000000064e000000|  0%| F|  |TAMS 0x000000064dc00000, 0x000000064dc00000| Untracked 
| 312|0x000000064e000000, 0x000000064e000000, 0x000000064e400000|  0%| F|  |TAMS 0x000000064e000000, 0x000000064e000000| Untracked 
| 313|0x000000064e400000, 0x000000064e400000, 0x000000064e800000|  0%| F|  |TAMS 0x000000064e400000, 0x000000064e400000| Untracked 
| 314|0x000000064e800000, 0x000000064e800000, 0x000000064ec00000|  0%| F|  |TAMS 0x000000064e800000, 0x000000064e800000| Untracked 
| 315|0x000000064ec00000, 0x000000064ec00000, 0x000000064f000000|  0%| F|  |TAMS 0x000000064ec00000, 0x000000064ec00000| Untracked 
| 316|0x000000064f000000, 0x000000064f000000, 0x000000064f400000|  0%| F|  |TAMS 0x000000064f000000, 0x000000064f000000| Untracked 
| 317|0x000000064f400000, 0x000000064f400000, 0x000000064f800000|  0%| F|  |TAMS 0x000000064f400000, 0x000000064f400000| Untracked 
| 318|0x000000064f800000, 0x000000064f800000, 0x000000064fc00000|  0%| F|  |TAMS 0x000000064f800000, 0x000000064f800000| Untracked 
| 319|0x000000064fc00000, 0x000000064fc00000, 0x0000000650000000|  0%| F|  |TAMS 0x000000064fc00000, 0x000000064fc00000| Untracked 
| 320|0x0000000650000000, 0x0000000650000000, 0x0000000650400000|  0%| F|  |TAMS 0x0000000650000000, 0x0000000650000000| Untracked 
| 321|0x0000000650400000, 0x0000000650400000, 0x0000000650800000|  0%| F|  |TAMS 0x0000000650400000, 0x0000000650400000| Untracked 
| 322|0x0000000650800000, 0x0000000650800000, 0x0000000650c00000|  0%| F|  |TAMS 0x0000000650800000, 0x0000000650800000| Untracked 
| 323|0x0000000650c00000, 0x0000000650c00000, 0x0000000651000000|  0%| F|  |TAMS 0x0000000650c00000, 0x0000000650c00000| Untracked 
| 324|0x0000000651000000, 0x0000000651000000, 0x0000000651400000|  0%| F|  |TAMS 0x0000000651000000, 0x0000000651000000| Untracked 
| 325|0x0000000651400000, 0x0000000651400000, 0x0000000651800000|  0%| F|  |TAMS 0x0000000651400000, 0x0000000651400000| Untracked 
| 326|0x0000000651800000, 0x0000000651800000, 0x0000000651c00000|  0%| F|  |TAMS 0x0000000651800000, 0x0000000651800000| Untracked 
| 327|0x0000000651c00000, 0x0000000651c00000, 0x0000000652000000|  0%| F|  |TAMS 0x0000000651c00000, 0x0000000651c00000| Untracked 
| 328|0x0000000652000000, 0x0000000652000000, 0x0000000652400000|  0%| F|  |TAMS 0x0000000652000000, 0x0000000652000000| Untracked 
| 329|0x0000000652400000, 0x0000000652400000, 0x0000000652800000|  0%| F|  |TAMS 0x0000000652400000, 0x0000000652400000| Untracked 
| 330|0x0000000652800000, 0x0000000652800000, 0x0000000652c00000|  0%| F|  |TAMS 0x0000000652800000, 0x0000000652800000| Untracked 
| 331|0x0000000652c00000, 0x0000000652c00000, 0x0000000653000000|  0%| F|  |TAMS 0x0000000652c00000, 0x0000000652c00000| Untracked 
| 332|0x0000000653000000, 0x0000000653000000, 0x0000000653400000|  0%| F|  |TAMS 0x0000000653000000, 0x0000000653000000| Untracked 
| 333|0x0000000653400000, 0x0000000653400000, 0x0000000653800000|  0%| F|  |TAMS 0x0000000653400000, 0x0000000653400000| Untracked 
| 334|0x0000000653800000, 0x0000000653800000, 0x0000000653c00000|  0%| F|  |TAMS 0x0000000653800000, 0x0000000653800000| Untracked 
| 335|0x0000000653c00000, 0x0000000653c00000, 0x0000000654000000|  0%| F|  |TAMS 0x0000000653c00000, 0x0000000653c00000| Untracked 
| 336|0x0000000654000000, 0x0000000654000000, 0x0000000654400000|  0%| F|  |TAMS 0x0000000654000000, 0x0000000654000000| Untracked 
| 337|0x0000000654400000, 0x0000000654400000, 0x0000000654800000|  0%| F|  |TAMS 0x0000000654400000, 0x0000000654400000| Untracked 
| 338|0x0000000654800000, 0x0000000654800000, 0x0000000654c00000|  0%| F|  |TAMS 0x0000000654800000, 0x0000000654800000| Untracked 
| 339|0x0000000654c00000, 0x0000000654c00000, 0x0000000655000000|  0%| F|  |TAMS 0x0000000654c00000, 0x0000000654c00000| Untracked 
| 340|0x0000000655000000, 0x0000000655000000, 0x0000000655400000|  0%| F|  |TAMS 0x0000000655000000, 0x0000000655000000| Untracked 
| 341|0x0000000655400000, 0x0000000655400000, 0x0000000655800000|  0%| F|  |TAMS 0x0000000655400000, 0x0000000655400000| Untracked 
| 342|0x0000000655800000, 0x0000000655800000, 0x0000000655c00000|  0%| F|  |TAMS 0x0000000655800000, 0x0000000655800000| Untracked 
| 343|0x0000000655c00000, 0x0000000655c00000, 0x0000000656000000|  0%| F|  |TAMS 0x0000000655c00000, 0x0000000655c00000| Untracked 
| 344|0x0000000656000000, 0x0000000656000000, 0x0000000656400000|  0%| F|  |TAMS 0x0000000656000000, 0x0000000656000000| Untracked 
| 345|0x0000000656400000, 0x0000000656400000, 0x0000000656800000|  0%| F|  |TAMS 0x0000000656400000, 0x0000000656400000| Untracked 
| 346|0x0000000656800000, 0x0000000656800000, 0x0000000656c00000|  0%| F|  |TAMS 0x0000000656800000, 0x0000000656800000| Untracked 
| 347|0x0000000656c00000, 0x0000000656c00000, 0x0000000657000000|  0%| F|  |TAMS 0x0000000656c00000, 0x0000000656c00000| Untracked 
| 348|0x0000000657000000, 0x0000000657000000, 0x0000000657400000|  0%| F|  |TAMS 0x0000000657000000, 0x0000000657000000| Untracked 
| 349|0x0000000657400000, 0x0000000657400000, 0x0000000657800000|  0%| F|  |TAMS 0x0000000657400000, 0x0000000657400000| Untracked 
| 350|0x0000000657800000, 0x0000000657800000, 0x0000000657c00000|  0%| F|  |TAMS 0x0000000657800000, 0x0000000657800000| Untracked 
| 351|0x0000000657c00000, 0x0000000657c00000, 0x0000000658000000|  0%| F|  |TAMS 0x0000000657c00000, 0x0000000657c00000| Untracked 
| 352|0x0000000658000000, 0x0000000658000000, 0x0000000658400000|  0%| F|  |TAMS 0x0000000658000000, 0x0000000658000000| Untracked 
| 353|0x0000000658400000, 0x0000000658400000, 0x0000000658800000|  0%| F|  |TAMS 0x0000000658400000, 0x0000000658400000| Untracked 
| 354|0x0000000658800000, 0x0000000658800000, 0x0000000658c00000|  0%| F|  |TAMS 0x0000000658800000, 0x0000000658800000| Untracked 
| 355|0x0000000658c00000, 0x0000000658c00000, 0x0000000659000000|  0%| F|  |TAMS 0x0000000658c00000, 0x0000000658c00000| Untracked 
| 356|0x0000000659000000, 0x0000000659000000, 0x0000000659400000|  0%| F|  |TAMS 0x0000000659000000, 0x0000000659000000| Untracked 
| 357|0x0000000659400000, 0x0000000659400000, 0x0000000659800000|  0%| F|  |TAMS 0x0000000659400000, 0x0000000659400000| Untracked 
| 358|0x0000000659800000, 0x0000000659800000, 0x0000000659c00000|  0%| F|  |TAMS 0x0000000659800000, 0x0000000659800000| Untracked 
| 359|0x0000000659c00000, 0x0000000659c00000, 0x000000065a000000|  0%| F|  |TAMS 0x0000000659c00000, 0x0000000659c00000| Untracked 
| 360|0x000000065a000000, 0x000000065a000000, 0x000000065a400000|  0%| F|  |TAMS 0x000000065a000000, 0x000000065a000000| Untracked 
| 361|0x000000065a400000, 0x000000065a400000, 0x000000065a800000|  0%| F|  |TAMS 0x000000065a400000, 0x000000065a400000| Untracked 
| 362|0x000000065a800000, 0x000000065a800000, 0x000000065ac00000|  0%| F|  |TAMS 0x000000065a800000, 0x000000065a800000| Untracked 
| 363|0x000000065ac00000, 0x000000065ac00000, 0x000000065b000000|  0%| F|  |TAMS 0x000000065ac00000, 0x000000065ac00000| Untracked 
| 364|0x000000065b000000, 0x000000065b000000, 0x000000065b400000|  0%| F|  |TAMS 0x000000065b000000, 0x000000065b000000| Untracked 
| 365|0x000000065b400000, 0x000000065b400000, 0x000000065b800000|  0%| F|  |TAMS 0x000000065b400000, 0x000000065b400000| Untracked 
| 366|0x000000065b800000, 0x000000065b800000, 0x000000065bc00000|  0%| F|  |TAMS 0x000000065b800000, 0x000000065b800000| Untracked 
| 367|0x000000065bc00000, 0x000000065bc00000, 0x000000065c000000|  0%| F|  |TAMS 0x000000065bc00000, 0x000000065bc00000| Untracked 
| 368|0x000000065c000000, 0x000000065c000000, 0x000000065c400000|  0%| F|  |TAMS 0x000000065c000000, 0x000000065c000000| Untracked 
| 369|0x000000065c400000, 0x000000065c400000, 0x000000065c800000|  0%| F|  |TAMS 0x000000065c400000, 0x000000065c400000| Untracked 
| 370|0x000000065c800000, 0x000000065c800000, 0x000000065cc00000|  0%| F|  |TAMS 0x000000065c800000, 0x000000065c800000| Untracked 
| 371|0x000000065cc00000, 0x000000065cc00000, 0x000000065d000000|  0%| F|  |TAMS 0x000000065cc00000, 0x000000065cc00000| Untracked 
| 372|0x000000065d000000, 0x000000065d000000, 0x000000065d400000|  0%| F|  |TAMS 0x000000065d000000, 0x000000065d000000| Untracked 
| 373|0x000000065d400000, 0x000000065d400000, 0x000000065d800000|  0%| F|  |TAMS 0x000000065d400000, 0x000000065d400000| Untracked 
| 374|0x000000065d800000, 0x000000065d800000, 0x000000065dc00000|  0%| F|  |TAMS 0x000000065d800000, 0x000000065d800000| Untracked 
| 375|0x000000065dc00000, 0x000000065dc00000, 0x000000065e000000|  0%| F|  |TAMS 0x000000065dc00000, 0x000000065dc00000| Untracked 
| 376|0x000000065e000000, 0x000000065e000000, 0x000000065e400000|  0%| F|  |TAMS 0x000000065e000000, 0x000000065e000000| Untracked 
| 377|0x000000065e400000, 0x000000065e400000, 0x000000065e800000|  0%| F|  |TAMS 0x000000065e400000, 0x000000065e400000| Untracked 
| 378|0x000000065e800000, 0x000000065e800000, 0x000000065ec00000|  0%| F|  |TAMS 0x000000065e800000, 0x000000065e800000| Untracked 
| 379|0x000000065ec00000, 0x000000065ec00000, 0x000000065f000000|  0%| F|  |TAMS 0x000000065ec00000, 0x000000065ec00000| Untracked 
| 380|0x000000065f000000, 0x000000065f000000, 0x000000065f400000|  0%| F|  |TAMS 0x000000065f000000, 0x000000065f000000| Untracked 
| 381|0x000000065f400000, 0x000000065f400000, 0x000000065f800000|  0%| F|  |TAMS 0x000000065f400000, 0x000000065f400000| Untracked 
| 382|0x000000065f800000, 0x000000065f800000, 0x000000065fc00000|  0%| F|  |TAMS 0x000000065f800000, 0x000000065f800000| Untracked 
| 383|0x000000065fc00000, 0x000000065fc00000, 0x0000000660000000|  0%| F|  |TAMS 0x000000065fc00000, 0x000000065fc00000| Untracked 
| 384|0x0000000660000000, 0x0000000660000000, 0x0000000660400000|  0%| F|  |TAMS 0x0000000660000000, 0x0000000660000000| Untracked 
| 385|0x0000000660400000, 0x0000000660400000, 0x0000000660800000|  0%| F|  |TAMS 0x0000000660400000, 0x0000000660400000| Untracked 
| 386|0x0000000660800000, 0x0000000660800000, 0x0000000660c00000|  0%| F|  |TAMS 0x0000000660800000, 0x0000000660800000| Untracked 
| 387|0x0000000660c00000, 0x0000000660c00000, 0x0000000661000000|  0%| F|  |TAMS 0x0000000660c00000, 0x0000000660c00000| Untracked 
| 388|0x0000000661000000, 0x0000000661000000, 0x0000000661400000|  0%| F|  |TAMS 0x0000000661000000, 0x0000000661000000| Untracked 
| 389|0x0000000661400000, 0x0000000661400000, 0x0000000661800000|  0%| F|  |TAMS 0x0000000661400000, 0x0000000661400000| Untracked 
| 390|0x0000000661800000, 0x0000000661800000, 0x0000000661c00000|  0%| F|  |TAMS 0x0000000661800000, 0x0000000661800000| Untracked 
| 391|0x0000000661c00000, 0x0000000661c00000, 0x0000000662000000|  0%| F|  |TAMS 0x0000000661c00000, 0x0000000661c00000| Untracked 
| 392|0x0000000662000000, 0x0000000662000000, 0x0000000662400000|  0%| F|  |TAMS 0x0000000662000000, 0x0000000662000000| Untracked 
| 393|0x0000000662400000, 0x0000000662400000, 0x0000000662800000|  0%| F|  |TAMS 0x0000000662400000, 0x0000000662400000| Untracked 
| 394|0x0000000662800000, 0x0000000662800000, 0x0000000662c00000|  0%| F|  |TAMS 0x0000000662800000, 0x0000000662800000| Untracked 
| 395|0x0000000662c00000, 0x0000000662c00000, 0x0000000663000000|  0%| F|  |TAMS 0x0000000662c00000, 0x0000000662c00000| Untracked 
| 396|0x0000000663000000, 0x0000000663000000, 0x0000000663400000|  0%| F|  |TAMS 0x0000000663000000, 0x0000000663000000| Untracked 
| 397|0x0000000663400000, 0x0000000663400000, 0x0000000663800000|  0%| F|  |TAMS 0x0000000663400000, 0x0000000663400000| Untracked 
| 398|0x0000000663800000, 0x0000000663800000, 0x0000000663c00000|  0%| F|  |TAMS 0x0000000663800000, 0x0000000663800000| Untracked 
| 399|0x0000000663c00000, 0x0000000663c00000, 0x0000000664000000|  0%| F|  |TAMS 0x0000000663c00000, 0x0000000663c00000| Untracked 
| 400|0x0000000664000000, 0x0000000664000000, 0x0000000664400000|  0%| F|  |TAMS 0x0000000664000000, 0x0000000664000000| Untracked 
| 401|0x0000000664400000, 0x0000000664400000, 0x0000000664800000|  0%| F|  |TAMS 0x0000000664400000, 0x0000000664400000| Untracked 
| 402|0x0000000664800000, 0x0000000664800000, 0x0000000664c00000|  0%| F|  |TAMS 0x0000000664800000, 0x0000000664800000| Untracked 
| 403|0x0000000664c00000, 0x0000000664c00000, 0x0000000665000000|  0%| F|  |TAMS 0x0000000664c00000, 0x0000000664c00000| Untracked 
| 404|0x0000000665000000, 0x0000000665000000, 0x0000000665400000|  0%| F|  |TAMS 0x0000000665000000, 0x0000000665000000| Untracked 
| 405|0x0000000665400000, 0x0000000665400000, 0x0000000665800000|  0%| F|  |TAMS 0x0000000665400000, 0x0000000665400000| Untracked 
| 406|0x0000000665800000, 0x0000000665800000, 0x0000000665c00000|  0%| F|  |TAMS 0x0000000665800000, 0x0000000665800000| Untracked 
| 407|0x0000000665c00000, 0x0000000665c00000, 0x0000000666000000|  0%| F|  |TAMS 0x0000000665c00000, 0x0000000665c00000| Untracked 
| 408|0x0000000666000000, 0x0000000666000000, 0x0000000666400000|  0%| F|  |TAMS 0x0000000666000000, 0x0000000666000000| Untracked 
| 409|0x0000000666400000, 0x0000000666400000, 0x0000000666800000|  0%| F|  |TAMS 0x0000000666400000, 0x0000000666400000| Untracked 
| 410|0x0000000666800000, 0x0000000666800000, 0x0000000666c00000|  0%| F|  |TAMS 0x0000000666800000, 0x0000000666800000| Untracked 
| 411|0x0000000666c00000, 0x0000000666c00000, 0x0000000667000000|  0%| F|  |TAMS 0x0000000666c00000, 0x0000000666c00000| Untracked 
| 412|0x0000000667000000, 0x0000000667000000, 0x0000000667400000|  0%| F|  |TAMS 0x0000000667000000, 0x0000000667000000| Untracked 
| 413|0x0000000667400000, 0x0000000667400000, 0x0000000667800000|  0%| F|  |TAMS 0x0000000667400000, 0x0000000667400000| Untracked 
| 414|0x0000000667800000, 0x0000000667800000, 0x0000000667c00000|  0%| F|  |TAMS 0x0000000667800000, 0x0000000667800000| Untracked 
| 415|0x0000000667c00000, 0x0000000667c00000, 0x0000000668000000|  0%| F|  |TAMS 0x0000000667c00000, 0x0000000667c00000| Untracked 
| 416|0x0000000668000000, 0x0000000668000000, 0x0000000668400000|  0%| F|  |TAMS 0x0000000668000000, 0x0000000668000000| Untracked 
| 417|0x0000000668400000, 0x0000000668400000, 0x0000000668800000|  0%| F|  |TAMS 0x0000000668400000, 0x0000000668400000| Untracked 
| 418|0x0000000668800000, 0x0000000668800000, 0x0000000668c00000|  0%| F|  |TAMS 0x0000000668800000, 0x0000000668800000| Untracked 
| 419|0x0000000668c00000, 0x0000000668c00000, 0x0000000669000000|  0%| F|  |TAMS 0x0000000668c00000, 0x0000000668c00000| Untracked 
| 420|0x0000000669000000, 0x0000000669000000, 0x0000000669400000|  0%| F|  |TAMS 0x0000000669000000, 0x0000000669000000| Untracked 
| 421|0x0000000669400000, 0x0000000669400000, 0x0000000669800000|  0%| F|  |TAMS 0x0000000669400000, 0x0000000669400000| Untracked 
| 422|0x0000000669800000, 0x0000000669800000, 0x0000000669c00000|  0%| F|  |TAMS 0x0000000669800000, 0x0000000669800000| Untracked 
| 423|0x0000000669c00000, 0x0000000669c00000, 0x000000066a000000|  0%| F|  |TAMS 0x0000000669c00000, 0x0000000669c00000| Untracked 
| 424|0x000000066a000000, 0x000000066a000000, 0x000000066a400000|  0%| F|  |TAMS 0x000000066a000000, 0x000000066a000000| Untracked 
| 425|0x000000066a400000, 0x000000066a400000, 0x000000066a800000|  0%| F|  |TAMS 0x000000066a400000, 0x000000066a400000| Untracked 
| 426|0x000000066a800000, 0x000000066a800000, 0x000000066ac00000|  0%| F|  |TAMS 0x000000066a800000, 0x000000066a800000| Untracked 
| 427|0x000000066ac00000, 0x000000066ac00000, 0x000000066b000000|  0%| F|  |TAMS 0x000000066ac00000, 0x000000066ac00000| Untracked 
| 428|0x000000066b000000, 0x000000066b000000, 0x000000066b400000|  0%| F|  |TAMS 0x000000066b000000, 0x000000066b000000| Untracked 
| 429|0x000000066b400000, 0x000000066b400000, 0x000000066b800000|  0%| F|  |TAMS 0x000000066b400000, 0x000000066b400000| Untracked 
| 430|0x000000066b800000, 0x000000066b800000, 0x000000066bc00000|  0%| F|  |TAMS 0x000000066b800000, 0x000000066b800000| Untracked 
| 431|0x000000066bc00000, 0x000000066bc00000, 0x000000066c000000|  0%| F|  |TAMS 0x000000066bc00000, 0x000000066bc00000| Untracked 
| 432|0x000000066c000000, 0x000000066c000000, 0x000000066c400000|  0%| F|  |TAMS 0x000000066c000000, 0x000000066c000000| Untracked 
| 433|0x000000066c400000, 0x000000066c400000, 0x000000066c800000|  0%| F|  |TAMS 0x000000066c400000, 0x000000066c400000| Untracked 
| 434|0x000000066c800000, 0x000000066c800000, 0x000000066cc00000|  0%| F|  |TAMS 0x000000066c800000, 0x000000066c800000| Untracked 
| 435|0x000000066cc00000, 0x000000066cc00000, 0x000000066d000000|  0%| F|  |TAMS 0x000000066cc00000, 0x000000066cc00000| Untracked 
| 436|0x000000066d000000, 0x000000066d000000, 0x000000066d400000|  0%| F|  |TAMS 0x000000066d000000, 0x000000066d000000| Untracked 
| 437|0x000000066d400000, 0x000000066d400000, 0x000000066d800000|  0%| F|  |TAMS 0x000000066d400000, 0x000000066d400000| Untracked 
| 438|0x000000066d800000, 0x000000066d800000, 0x000000066dc00000|  0%| F|  |TAMS 0x000000066d800000, 0x000000066d800000| Untracked 
| 439|0x000000066dc00000, 0x000000066dc00000, 0x000000066e000000|  0%| F|  |TAMS 0x000000066dc00000, 0x000000066dc00000| Untracked 
| 440|0x000000066e000000, 0x000000066e000000, 0x000000066e400000|  0%| F|  |TAMS 0x000000066e000000, 0x000000066e000000| Untracked 
| 441|0x000000066e400000, 0x000000066e400000, 0x000000066e800000|  0%| F|  |TAMS 0x000000066e400000, 0x000000066e400000| Untracked 
| 442|0x000000066e800000, 0x000000066e800000, 0x000000066ec00000|  0%| F|  |TAMS 0x000000066e800000, 0x000000066e800000| Untracked 
| 443|0x000000066ec00000, 0x000000066ec00000, 0x000000066f000000|  0%| F|  |TAMS 0x000000066ec00000, 0x000000066ec00000| Untracked 
| 444|0x000000066f000000, 0x000000066f000000, 0x000000066f400000|  0%| F|  |TAMS 0x000000066f000000, 0x000000066f000000| Untracked 
| 445|0x000000066f400000, 0x000000066f400000, 0x000000066f800000|  0%| F|  |TAMS 0x000000066f400000, 0x000000066f400000| Untracked 
| 446|0x000000066f800000, 0x000000066f800000, 0x000000066fc00000|  0%| F|  |TAMS 0x000000066f800000, 0x000000066f800000| Untracked 
| 447|0x000000066fc00000, 0x000000066fc00000, 0x0000000670000000|  0%| F|  |TAMS 0x000000066fc00000, 0x000000066fc00000| Untracked 
| 448|0x0000000670000000, 0x0000000670000000, 0x0000000670400000|  0%| F|  |TAMS 0x0000000670000000, 0x0000000670000000| Untracked 
| 449|0x0000000670400000, 0x0000000670400000, 0x0000000670800000|  0%| F|  |TAMS 0x0000000670400000, 0x0000000670400000| Untracked 
| 450|0x0000000670800000, 0x0000000670800000, 0x0000000670c00000|  0%| F|  |TAMS 0x0000000670800000, 0x0000000670800000| Untracked 
| 451|0x0000000670c00000, 0x0000000670c00000, 0x0000000671000000|  0%| F|  |TAMS 0x0000000670c00000, 0x0000000670c00000| Untracked 
| 452|0x0000000671000000, 0x0000000671000000, 0x0000000671400000|  0%| F|  |TAMS 0x0000000671000000, 0x0000000671000000| Untracked 
| 453|0x0000000671400000, 0x0000000671400000, 0x0000000671800000|  0%| F|  |TAMS 0x0000000671400000, 0x0000000671400000| Untracked 
| 454|0x0000000671800000, 0x0000000671800000, 0x0000000671c00000|  0%| F|  |TAMS 0x0000000671800000, 0x0000000671800000| Untracked 
| 455|0x0000000671c00000, 0x0000000671c00000, 0x0000000672000000|  0%| F|  |TAMS 0x0000000671c00000, 0x0000000671c00000| Untracked 
| 456|0x0000000672000000, 0x0000000672000000, 0x0000000672400000|  0%| F|  |TAMS 0x0000000672000000, 0x0000000672000000| Untracked 
| 457|0x0000000672400000, 0x0000000672400000, 0x0000000672800000|  0%| F|  |TAMS 0x0000000672400000, 0x0000000672400000| Untracked 
| 458|0x0000000672800000, 0x0000000672800000, 0x0000000672c00000|  0%| F|  |TAMS 0x0000000672800000, 0x0000000672800000| Untracked 
| 459|0x0000000672c00000, 0x0000000672c00000, 0x0000000673000000|  0%| F|  |TAMS 0x0000000672c00000, 0x0000000672c00000| Untracked 
| 460|0x0000000673000000, 0x0000000673000000, 0x0000000673400000|  0%| F|  |TAMS 0x0000000673000000, 0x0000000673000000| Untracked 
| 461|0x0000000673400000, 0x0000000673400000, 0x0000000673800000|  0%| F|  |TAMS 0x0000000673400000, 0x0000000673400000| Untracked 
| 462|0x0000000673800000, 0x0000000673800000, 0x0000000673c00000|  0%| F|  |TAMS 0x0000000673800000, 0x0000000673800000| Untracked 
| 463|0x0000000673c00000, 0x0000000673c00000, 0x0000000674000000|  0%| F|  |TAMS 0x0000000673c00000, 0x0000000673c00000| Untracked 
| 464|0x0000000674000000, 0x0000000674000000, 0x0000000674400000|  0%| F|  |TAMS 0x0000000674000000, 0x0000000674000000| Untracked 
| 465|0x0000000674400000, 0x0000000674400000, 0x0000000674800000|  0%| F|  |TAMS 0x0000000674400000, 0x0000000674400000| Untracked 
| 466|0x0000000674800000, 0x0000000674800000, 0x0000000674c00000|  0%| F|  |TAMS 0x0000000674800000, 0x0000000674800000| Untracked 
| 467|0x0000000674c00000, 0x0000000674c00000, 0x0000000675000000|  0%| F|  |TAMS 0x0000000674c00000, 0x0000000674c00000| Untracked 
| 468|0x0000000675000000, 0x0000000675000000, 0x0000000675400000|  0%| F|  |TAMS 0x0000000675000000, 0x0000000675000000| Untracked 
| 469|0x0000000675400000, 0x0000000675400000, 0x0000000675800000|  0%| F|  |TAMS 0x0000000675400000, 0x0000000675400000| Untracked 
| 470|0x0000000675800000, 0x0000000675800000, 0x0000000675c00000|  0%| F|  |TAMS 0x0000000675800000, 0x0000000675800000| Untracked 
| 471|0x0000000675c00000, 0x0000000675c00000, 0x0000000676000000|  0%| F|  |TAMS 0x0000000675c00000, 0x0000000675c00000| Untracked 
| 472|0x0000000676000000, 0x0000000676000000, 0x0000000676400000|  0%| F|  |TAMS 0x0000000676000000, 0x0000000676000000| Untracked 
| 473|0x0000000676400000, 0x0000000676400000, 0x0000000676800000|  0%| F|  |TAMS 0x0000000676400000, 0x0000000676400000| Untracked 
| 474|0x0000000676800000, 0x0000000676800000, 0x0000000676c00000|  0%| F|  |TAMS 0x0000000676800000, 0x0000000676800000| Untracked 
| 475|0x0000000676c00000, 0x0000000676c00000, 0x0000000677000000|  0%| F|  |TAMS 0x0000000676c00000, 0x0000000676c00000| Untracked 
| 476|0x0000000677000000, 0x0000000677000000, 0x0000000677400000|  0%| F|  |TAMS 0x0000000677000000, 0x0000000677000000| Untracked 
| 477|0x0000000677400000, 0x0000000677400000, 0x0000000677800000|  0%| F|  |TAMS 0x0000000677400000, 0x0000000677400000| Untracked 
| 478|0x0000000677800000, 0x0000000677800000, 0x0000000677c00000|  0%| F|  |TAMS 0x0000000677800000, 0x0000000677800000| Untracked 
| 479|0x0000000677c00000, 0x0000000677c00000, 0x0000000678000000|  0%| F|  |TAMS 0x0000000677c00000, 0x0000000677c00000| Untracked 
| 480|0x0000000678000000, 0x0000000678000000, 0x0000000678400000|  0%| F|  |TAMS 0x0000000678000000, 0x0000000678000000| Untracked 
| 481|0x0000000678400000, 0x0000000678400000, 0x0000000678800000|  0%| F|  |TAMS 0x0000000678400000, 0x0000000678400000| Untracked 
| 482|0x0000000678800000, 0x0000000678800000, 0x0000000678c00000|  0%| F|  |TAMS 0x0000000678800000, 0x0000000678800000| Untracked 
| 483|0x0000000678c00000, 0x0000000678c00000, 0x0000000679000000|  0%| F|  |TAMS 0x0000000678c00000, 0x0000000678c00000| Untracked 
| 484|0x0000000679000000, 0x0000000679000000, 0x0000000679400000|  0%| F|  |TAMS 0x0000000679000000, 0x0000000679000000| Untracked 
| 485|0x0000000679400000, 0x0000000679400000, 0x0000000679800000|  0%| F|  |TAMS 0x0000000679400000, 0x0000000679400000| Untracked 
| 486|0x0000000679800000, 0x0000000679800000, 0x0000000679c00000|  0%| F|  |TAMS 0x0000000679800000, 0x0000000679800000| Untracked 
| 487|0x0000000679c00000, 0x0000000679c00000, 0x000000067a000000|  0%| F|  |TAMS 0x0000000679c00000, 0x0000000679c00000| Untracked 
| 488|0x000000067a000000, 0x000000067a000000, 0x000000067a400000|  0%| F|  |TAMS 0x000000067a000000, 0x000000067a000000| Untracked 
| 489|0x000000067a400000, 0x000000067a400000, 0x000000067a800000|  0%| F|  |TAMS 0x000000067a400000, 0x000000067a400000| Untracked 
| 490|0x000000067a800000, 0x000000067a800000, 0x000000067ac00000|  0%| F|  |TAMS 0x000000067a800000, 0x000000067a800000| Untracked 
| 491|0x000000067ac00000, 0x000000067ac00000, 0x000000067b000000|  0%| F|  |TAMS 0x000000067ac00000, 0x000000067ac00000| Untracked 
| 492|0x000000067b000000, 0x000000067b000000, 0x000000067b400000|  0%| F|  |TAMS 0x000000067b000000, 0x000000067b000000| Untracked 
| 493|0x000000067b400000, 0x000000067b400000, 0x000000067b800000|  0%| F|  |TAMS 0x000000067b400000, 0x000000067b400000| Untracked 
| 494|0x000000067b800000, 0x000000067b800000, 0x000000067bc00000|  0%| F|  |TAMS 0x000000067b800000, 0x000000067b800000| Untracked 
| 495|0x000000067bc00000, 0x000000067bc00000, 0x000000067c000000|  0%| F|  |TAMS 0x000000067bc00000, 0x000000067bc00000| Untracked 
| 496|0x000000067c000000, 0x000000067c000000, 0x000000067c400000|  0%| F|  |TAMS 0x000000067c000000, 0x000000067c000000| Untracked 
| 497|0x000000067c400000, 0x000000067c400000, 0x000000067c800000|  0%| F|  |TAMS 0x000000067c400000, 0x000000067c400000| Untracked 
| 498|0x000000067c800000, 0x000000067c800000, 0x000000067cc00000|  0%| F|  |TAMS 0x000000067c800000, 0x000000067c800000| Untracked 
| 499|0x000000067cc00000, 0x000000067cc00000, 0x000000067d000000|  0%| F|  |TAMS 0x000000067cc00000, 0x000000067cc00000| Untracked 
| 500|0x000000067d000000, 0x000000067d000000, 0x000000067d400000|  0%| F|  |TAMS 0x000000067d000000, 0x000000067d000000| Untracked 
| 501|0x000000067d400000, 0x000000067d400000, 0x000000067d800000|  0%| F|  |TAMS 0x000000067d400000, 0x000000067d400000| Untracked 
| 502|0x000000067d800000, 0x000000067d800000, 0x000000067dc00000|  0%| F|  |TAMS 0x000000067d800000, 0x000000067d800000| Untracked 
| 503|0x000000067dc00000, 0x000000067dc00000, 0x000000067e000000|  0%| F|  |TAMS 0x000000067dc00000, 0x000000067dc00000| Untracked 
| 504|0x000000067e000000, 0x000000067e000000, 0x000000067e400000|  0%| F|  |TAMS 0x000000067e000000, 0x000000067e000000| Untracked 
| 505|0x000000067e400000, 0x000000067e400000, 0x000000067e800000|  0%| F|  |TAMS 0x000000067e400000, 0x000000067e400000| Untracked 
| 506|0x000000067e800000, 0x000000067e800000, 0x000000067ec00000|  0%| F|  |TAMS 0x000000067e800000, 0x000000067e800000| Untracked 
| 507|0x000000067ec00000, 0x000000067ec00000, 0x000000067f000000|  0%| F|  |TAMS 0x000000067ec00000, 0x000000067ec00000| Untracked 
| 508|0x000000067f000000, 0x000000067f000000, 0x000000067f400000|  0%| F|  |TAMS 0x000000067f000000, 0x000000067f000000| Untracked 
| 509|0x000000067f400000, 0x000000067f400000, 0x000000067f800000|  0%| F|  |TAMS 0x000000067f400000, 0x000000067f400000| Untracked 
| 510|0x000000067f800000, 0x000000067f800000, 0x000000067fc00000|  0%| F|  |TAMS 0x000000067f800000, 0x000000067f800000| Untracked 
| 511|0x000000067fc00000, 0x000000067fc00000, 0x0000000680000000|  0%| F|  |TAMS 0x000000067fc00000, 0x000000067fc00000| Untracked 
| 512|0x0000000680000000, 0x0000000680000000, 0x0000000680400000|  0%| F|  |TAMS 0x0000000680000000, 0x0000000680000000| Untracked 
| 513|0x0000000680400000, 0x0000000680400000, 0x0000000680800000|  0%| F|  |TAMS 0x0000000680400000, 0x0000000680400000| Untracked 
| 514|0x0000000680800000, 0x0000000680800000, 0x0000000680c00000|  0%| F|  |TAMS 0x0000000680800000, 0x0000000680800000| Untracked 
| 515|0x0000000680c00000, 0x0000000680c00000, 0x0000000681000000|  0%| F|  |TAMS 0x0000000680c00000, 0x0000000680c00000| Untracked 
| 516|0x0000000681000000, 0x0000000681000000, 0x0000000681400000|  0%| F|  |TAMS 0x0000000681000000, 0x0000000681000000| Untracked 
| 517|0x0000000681400000, 0x0000000681400000, 0x0000000681800000|  0%| F|  |TAMS 0x0000000681400000, 0x0000000681400000| Untracked 
| 518|0x0000000681800000, 0x0000000681800000, 0x0000000681c00000|  0%| F|  |TAMS 0x0000000681800000, 0x0000000681800000| Untracked 
| 519|0x0000000681c00000, 0x0000000681c00000, 0x0000000682000000|  0%| F|  |TAMS 0x0000000681c00000, 0x0000000681c00000| Untracked 
| 520|0x0000000682000000, 0x0000000682000000, 0x0000000682400000|  0%| F|  |TAMS 0x0000000682000000, 0x0000000682000000| Untracked 
| 521|0x0000000682400000, 0x0000000682400000, 0x0000000682800000|  0%| F|  |TAMS 0x0000000682400000, 0x0000000682400000| Untracked 
| 522|0x0000000682800000, 0x0000000682800000, 0x0000000682c00000|  0%| F|  |TAMS 0x0000000682800000, 0x0000000682800000| Untracked 
| 523|0x0000000682c00000, 0x0000000682c00000, 0x0000000683000000|  0%| F|  |TAMS 0x0000000682c00000, 0x0000000682c00000| Untracked 
| 524|0x0000000683000000, 0x0000000683000000, 0x0000000683400000|  0%| F|  |TAMS 0x0000000683000000, 0x0000000683000000| Untracked 
| 525|0x0000000683400000, 0x0000000683400000, 0x0000000683800000|  0%| F|  |TAMS 0x0000000683400000, 0x0000000683400000| Untracked 
| 526|0x0000000683800000, 0x0000000683800000, 0x0000000683c00000|  0%| F|  |TAMS 0x0000000683800000, 0x0000000683800000| Untracked 
| 527|0x0000000683c00000, 0x0000000683c00000, 0x0000000684000000|  0%| F|  |TAMS 0x0000000683c00000, 0x0000000683c00000| Untracked 
| 528|0x0000000684000000, 0x0000000684000000, 0x0000000684400000|  0%| F|  |TAMS 0x0000000684000000, 0x0000000684000000| Untracked 
| 529|0x0000000684400000, 0x0000000684400000, 0x0000000684800000|  0%| F|  |TAMS 0x0000000684400000, 0x0000000684400000| Untracked 
| 530|0x0000000684800000, 0x0000000684800000, 0x0000000684c00000|  0%| F|  |TAMS 0x0000000684800000, 0x0000000684800000| Untracked 
| 531|0x0000000684c00000, 0x0000000684c00000, 0x0000000685000000|  0%| F|  |TAMS 0x0000000684c00000, 0x0000000684c00000| Untracked 
| 532|0x0000000685000000, 0x0000000685000000, 0x0000000685400000|  0%| F|  |TAMS 0x0000000685000000, 0x0000000685000000| Untracked 
| 533|0x0000000685400000, 0x0000000685400000, 0x0000000685800000|  0%| F|  |TAMS 0x0000000685400000, 0x0000000685400000| Untracked 
| 534|0x0000000685800000, 0x0000000685800000, 0x0000000685c00000|  0%| F|  |TAMS 0x0000000685800000, 0x0000000685800000| Untracked 
| 535|0x0000000685c00000, 0x0000000685c00000, 0x0000000686000000|  0%| F|  |TAMS 0x0000000685c00000, 0x0000000685c00000| Untracked 
| 536|0x0000000686000000, 0x0000000686000000, 0x0000000686400000|  0%| F|  |TAMS 0x0000000686000000, 0x0000000686000000| Untracked 
| 537|0x0000000686400000, 0x0000000686400000, 0x0000000686800000|  0%| F|  |TAMS 0x0000000686400000, 0x0000000686400000| Untracked 
| 538|0x0000000686800000, 0x0000000686800000, 0x0000000686c00000|  0%| F|  |TAMS 0x0000000686800000, 0x0000000686800000| Untracked 
| 539|0x0000000686c00000, 0x0000000686c00000, 0x0000000687000000|  0%| F|  |TAMS 0x0000000686c00000, 0x0000000686c00000| Untracked 
| 540|0x0000000687000000, 0x0000000687000000, 0x0000000687400000|  0%| F|  |TAMS 0x0000000687000000, 0x0000000687000000| Untracked 
| 541|0x0000000687400000, 0x0000000687400000, 0x0000000687800000|  0%| F|  |TAMS 0x0000000687400000, 0x0000000687400000| Untracked 
| 542|0x0000000687800000, 0x0000000687800000, 0x0000000687c00000|  0%| F|  |TAMS 0x0000000687800000, 0x0000000687800000| Untracked 
| 543|0x0000000687c00000, 0x0000000687c00000, 0x0000000688000000|  0%| F|  |TAMS 0x0000000687c00000, 0x0000000687c00000| Untracked 
| 544|0x0000000688000000, 0x0000000688000000, 0x0000000688400000|  0%| F|  |TAMS 0x0000000688000000, 0x0000000688000000| Untracked 
| 545|0x0000000688400000, 0x0000000688400000, 0x0000000688800000|  0%| F|  |TAMS 0x0000000688400000, 0x0000000688400000| Untracked 
| 546|0x0000000688800000, 0x0000000688800000, 0x0000000688c00000|  0%| F|  |TAMS 0x0000000688800000, 0x0000000688800000| Untracked 
| 547|0x0000000688c00000, 0x0000000688c00000, 0x0000000689000000|  0%| F|  |TAMS 0x0000000688c00000, 0x0000000688c00000| Untracked 
| 548|0x0000000689000000, 0x0000000689000000, 0x0000000689400000|  0%| F|  |TAMS 0x0000000689000000, 0x0000000689000000| Untracked 
| 549|0x0000000689400000, 0x0000000689400000, 0x0000000689800000|  0%| F|  |TAMS 0x0000000689400000, 0x0000000689400000| Untracked 
| 550|0x0000000689800000, 0x0000000689800000, 0x0000000689c00000|  0%| F|  |TAMS 0x0000000689800000, 0x0000000689800000| Untracked 
| 551|0x0000000689c00000, 0x0000000689c00000, 0x000000068a000000|  0%| F|  |TAMS 0x0000000689c00000, 0x0000000689c00000| Untracked 
| 552|0x000000068a000000, 0x000000068a000000, 0x000000068a400000|  0%| F|  |TAMS 0x000000068a000000, 0x000000068a000000| Untracked 
| 553|0x000000068a400000, 0x000000068a400000, 0x000000068a800000|  0%| F|  |TAMS 0x000000068a400000, 0x000000068a400000| Untracked 
| 554|0x000000068a800000, 0x000000068a800000, 0x000000068ac00000|  0%| F|  |TAMS 0x000000068a800000, 0x000000068a800000| Untracked 
| 555|0x000000068ac00000, 0x000000068ac00000, 0x000000068b000000|  0%| F|  |TAMS 0x000000068ac00000, 0x000000068ac00000| Untracked 
| 556|0x000000068b000000, 0x000000068b000000, 0x000000068b400000|  0%| F|  |TAMS 0x000000068b000000, 0x000000068b000000| Untracked 
| 557|0x000000068b400000, 0x000000068b400000, 0x000000068b800000|  0%| F|  |TAMS 0x000000068b400000, 0x000000068b400000| Untracked 
| 558|0x000000068b800000, 0x000000068b800000, 0x000000068bc00000|  0%| F|  |TAMS 0x000000068b800000, 0x000000068b800000| Untracked 
| 559|0x000000068bc00000, 0x000000068bc00000, 0x000000068c000000|  0%| F|  |TAMS 0x000000068bc00000, 0x000000068bc00000| Untracked 
| 560|0x000000068c000000, 0x000000068c000000, 0x000000068c400000|  0%| F|  |TAMS 0x000000068c000000, 0x000000068c000000| Untracked 
| 561|0x000000068c400000, 0x000000068c400000, 0x000000068c800000|  0%| F|  |TAMS 0x000000068c400000, 0x000000068c400000| Untracked 
| 562|0x000000068c800000, 0x000000068c800000, 0x000000068cc00000|  0%| F|  |TAMS 0x000000068c800000, 0x000000068c800000| Untracked 
| 563|0x000000068cc00000, 0x000000068cc00000, 0x000000068d000000|  0%| F|  |TAMS 0x000000068cc00000, 0x000000068cc00000| Untracked 
| 564|0x000000068d000000, 0x000000068d000000, 0x000000068d400000|  0%| F|  |TAMS 0x000000068d000000, 0x000000068d000000| Untracked 
| 565|0x000000068d400000, 0x000000068d400000, 0x000000068d800000|  0%| F|  |TAMS 0x000000068d400000, 0x000000068d400000| Untracked 
| 566|0x000000068d800000, 0x000000068d800000, 0x000000068dc00000|  0%| F|  |TAMS 0x000000068d800000, 0x000000068d800000| Untracked 
| 567|0x000000068dc00000, 0x000000068dc00000, 0x000000068e000000|  0%| F|  |TAMS 0x000000068dc00000, 0x000000068dc00000| Untracked 
| 568|0x000000068e000000, 0x000000068e000000, 0x000000068e400000|  0%| F|  |TAMS 0x000000068e000000, 0x000000068e000000| Untracked 
| 569|0x000000068e400000, 0x000000068e400000, 0x000000068e800000|  0%| F|  |TAMS 0x000000068e400000, 0x000000068e400000| Untracked 
| 570|0x000000068e800000, 0x000000068e800000, 0x000000068ec00000|  0%| F|  |TAMS 0x000000068e800000, 0x000000068e800000| Untracked 
| 571|0x000000068ec00000, 0x000000068ec00000, 0x000000068f000000|  0%| F|  |TAMS 0x000000068ec00000, 0x000000068ec00000| Untracked 
| 572|0x000000068f000000, 0x000000068f000000, 0x000000068f400000|  0%| F|  |TAMS 0x000000068f000000, 0x000000068f000000| Untracked 
| 573|0x000000068f400000, 0x000000068f400000, 0x000000068f800000|  0%| F|  |TAMS 0x000000068f400000, 0x000000068f400000| Untracked 
| 574|0x000000068f800000, 0x000000068f800000, 0x000000068fc00000|  0%| F|  |TAMS 0x000000068f800000, 0x000000068f800000| Untracked 
| 575|0x000000068fc00000, 0x000000068fc00000, 0x0000000690000000|  0%| F|  |TAMS 0x000000068fc00000, 0x000000068fc00000| Untracked 
| 576|0x0000000690000000, 0x0000000690000000, 0x0000000690400000|  0%| F|  |TAMS 0x0000000690000000, 0x0000000690000000| Untracked 
| 577|0x0000000690400000, 0x0000000690400000, 0x0000000690800000|  0%| F|  |TAMS 0x0000000690400000, 0x0000000690400000| Untracked 
| 578|0x0000000690800000, 0x0000000690800000, 0x0000000690c00000|  0%| F|  |TAMS 0x0000000690800000, 0x0000000690800000| Untracked 
| 579|0x0000000690c00000, 0x0000000690c00000, 0x0000000691000000|  0%| F|  |TAMS 0x0000000690c00000, 0x0000000690c00000| Untracked 
| 580|0x0000000691000000, 0x0000000691000000, 0x0000000691400000|  0%| F|  |TAMS 0x0000000691000000, 0x0000000691000000| Untracked 
| 581|0x0000000691400000, 0x0000000691400000, 0x0000000691800000|  0%| F|  |TAMS 0x0000000691400000, 0x0000000691400000| Untracked 
| 582|0x0000000691800000, 0x0000000691800000, 0x0000000691c00000|  0%| F|  |TAMS 0x0000000691800000, 0x0000000691800000| Untracked 
| 583|0x0000000691c00000, 0x0000000691c00000, 0x0000000692000000|  0%| F|  |TAMS 0x0000000691c00000, 0x0000000691c00000| Untracked 
| 584|0x0000000692000000, 0x0000000692000000, 0x0000000692400000|  0%| F|  |TAMS 0x0000000692000000, 0x0000000692000000| Untracked 
| 585|0x0000000692400000, 0x0000000692400000, 0x0000000692800000|  0%| F|  |TAMS 0x0000000692400000, 0x0000000692400000| Untracked 
| 586|0x0000000692800000, 0x0000000692800000, 0x0000000692c00000|  0%| F|  |TAMS 0x0000000692800000, 0x0000000692800000| Untracked 
| 587|0x0000000692c00000, 0x0000000692c00000, 0x0000000693000000|  0%| F|  |TAMS 0x0000000692c00000, 0x0000000692c00000| Untracked 
| 588|0x0000000693000000, 0x0000000693000000, 0x0000000693400000|  0%| F|  |TAMS 0x0000000693000000, 0x0000000693000000| Untracked 
| 589|0x0000000693400000, 0x0000000693400000, 0x0000000693800000|  0%| F|  |TAMS 0x0000000693400000, 0x0000000693400000| Untracked 
| 590|0x0000000693800000, 0x0000000693800000, 0x0000000693c00000|  0%| F|  |TAMS 0x0000000693800000, 0x0000000693800000| Untracked 
| 591|0x0000000693c00000, 0x0000000693c00000, 0x0000000694000000|  0%| F|  |TAMS 0x0000000693c00000, 0x0000000693c00000| Untracked 
| 592|0x0000000694000000, 0x0000000694000000, 0x0000000694400000|  0%| F|  |TAMS 0x0000000694000000, 0x0000000694000000| Untracked 
| 593|0x0000000694400000, 0x0000000694400000, 0x0000000694800000|  0%| F|  |TAMS 0x0000000694400000, 0x0000000694400000| Untracked 
| 594|0x0000000694800000, 0x0000000694800000, 0x0000000694c00000|  0%| F|  |TAMS 0x0000000694800000, 0x0000000694800000| Untracked 
| 595|0x0000000694c00000, 0x0000000694c00000, 0x0000000695000000|  0%| F|  |TAMS 0x0000000694c00000, 0x0000000694c00000| Untracked 
| 596|0x0000000695000000, 0x0000000695000000, 0x0000000695400000|  0%| F|  |TAMS 0x0000000695000000, 0x0000000695000000| Untracked 
| 597|0x0000000695400000, 0x0000000695400000, 0x0000000695800000|  0%| F|  |TAMS 0x0000000695400000, 0x0000000695400000| Untracked 
| 598|0x0000000695800000, 0x0000000695800000, 0x0000000695c00000|  0%| F|  |TAMS 0x0000000695800000, 0x0000000695800000| Untracked 
| 599|0x0000000695c00000, 0x0000000695c00000, 0x0000000696000000|  0%| F|  |TAMS 0x0000000695c00000, 0x0000000695c00000| Untracked 
| 600|0x0000000696000000, 0x0000000696000000, 0x0000000696400000|  0%| F|  |TAMS 0x0000000696000000, 0x0000000696000000| Untracked 
| 601|0x0000000696400000, 0x0000000696400000, 0x0000000696800000|  0%| F|  |TAMS 0x0000000696400000, 0x0000000696400000| Untracked 
| 602|0x0000000696800000, 0x0000000696800000, 0x0000000696c00000|  0%| F|  |TAMS 0x0000000696800000, 0x0000000696800000| Untracked 
| 603|0x0000000696c00000, 0x0000000696c00000, 0x0000000697000000|  0%| F|  |TAMS 0x0000000696c00000, 0x0000000696c00000| Untracked 
| 604|0x0000000697000000, 0x0000000697000000, 0x0000000697400000|  0%| F|  |TAMS 0x0000000697000000, 0x0000000697000000| Untracked 
| 605|0x0000000697400000, 0x0000000697400000, 0x0000000697800000|  0%| F|  |TAMS 0x0000000697400000, 0x0000000697400000| Untracked 
| 606|0x0000000697800000, 0x0000000697800000, 0x0000000697c00000|  0%| F|  |TAMS 0x0000000697800000, 0x0000000697800000| Untracked 
| 607|0x0000000697c00000, 0x0000000697c00000, 0x0000000698000000|  0%| F|  |TAMS 0x0000000697c00000, 0x0000000697c00000| Untracked 
| 608|0x0000000698000000, 0x0000000698000000, 0x0000000698400000|  0%| F|  |TAMS 0x0000000698000000, 0x0000000698000000| Untracked 
| 609|0x0000000698400000, 0x0000000698400000, 0x0000000698800000|  0%| F|  |TAMS 0x0000000698400000, 0x0000000698400000| Untracked 
| 610|0x0000000698800000, 0x0000000698800000, 0x0000000698c00000|  0%| F|  |TAMS 0x0000000698800000, 0x0000000698800000| Untracked 
| 611|0x0000000698c00000, 0x0000000698c00000, 0x0000000699000000|  0%| F|  |TAMS 0x0000000698c00000, 0x0000000698c00000| Untracked 
| 612|0x0000000699000000, 0x0000000699000000, 0x0000000699400000|  0%| F|  |TAMS 0x0000000699000000, 0x0000000699000000| Untracked 
| 613|0x0000000699400000, 0x0000000699400000, 0x0000000699800000|  0%| F|  |TAMS 0x0000000699400000, 0x0000000699400000| Untracked 
| 614|0x0000000699800000, 0x0000000699800000, 0x0000000699c00000|  0%| F|  |TAMS 0x0000000699800000, 0x0000000699800000| Untracked 
| 615|0x0000000699c00000, 0x0000000699c00000, 0x000000069a000000|  0%| F|  |TAMS 0x0000000699c00000, 0x0000000699c00000| Untracked 
| 616|0x000000069a000000, 0x000000069a000000, 0x000000069a400000|  0%| F|  |TAMS 0x000000069a000000, 0x000000069a000000| Untracked 
| 617|0x000000069a400000, 0x000000069a400000, 0x000000069a800000|  0%| F|  |TAMS 0x000000069a400000, 0x000000069a400000| Untracked 
| 618|0x000000069a800000, 0x000000069a800000, 0x000000069ac00000|  0%| F|  |TAMS 0x000000069a800000, 0x000000069a800000| Untracked 
| 619|0x000000069ac00000, 0x000000069ac00000, 0x000000069b000000|  0%| F|  |TAMS 0x000000069ac00000, 0x000000069ac00000| Untracked 
| 620|0x000000069b000000, 0x000000069b000000, 0x000000069b400000|  0%| F|  |TAMS 0x000000069b000000, 0x000000069b000000| Untracked 
| 621|0x000000069b400000, 0x000000069b400000, 0x000000069b800000|  0%| F|  |TAMS 0x000000069b400000, 0x000000069b400000| Untracked 
| 622|0x000000069b800000, 0x000000069b800000, 0x000000069bc00000|  0%| F|  |TAMS 0x000000069b800000, 0x000000069b800000| Untracked 
| 623|0x000000069bc00000, 0x000000069bc00000, 0x000000069c000000|  0%| F|  |TAMS 0x000000069bc00000, 0x000000069bc00000| Untracked 
| 624|0x000000069c000000, 0x000000069c000000, 0x000000069c400000|  0%| F|  |TAMS 0x000000069c000000, 0x000000069c000000| Untracked 
| 625|0x000000069c400000, 0x000000069c400000, 0x000000069c800000|  0%| F|  |TAMS 0x000000069c400000, 0x000000069c400000| Untracked 
| 626|0x000000069c800000, 0x000000069c800000, 0x000000069cc00000|  0%| F|  |TAMS 0x000000069c800000, 0x000000069c800000| Untracked 
| 627|0x000000069cc00000, 0x000000069cc00000, 0x000000069d000000|  0%| F|  |TAMS 0x000000069cc00000, 0x000000069cc00000| Untracked 
| 628|0x000000069d000000, 0x000000069d000000, 0x000000069d400000|  0%| F|  |TAMS 0x000000069d000000, 0x000000069d000000| Untracked 
| 629|0x000000069d400000, 0x000000069d400000, 0x000000069d800000|  0%| F|  |TAMS 0x000000069d400000, 0x000000069d400000| Untracked 
| 630|0x000000069d800000, 0x000000069d800000, 0x000000069dc00000|  0%| F|  |TAMS 0x000000069d800000, 0x000000069d800000| Untracked 
| 631|0x000000069dc00000, 0x000000069dc00000, 0x000000069e000000|  0%| F|  |TAMS 0x000000069dc00000, 0x000000069dc00000| Untracked 
| 632|0x000000069e000000, 0x000000069e000000, 0x000000069e400000|  0%| F|  |TAMS 0x000000069e000000, 0x000000069e000000| Untracked 
| 633|0x000000069e400000, 0x000000069e400000, 0x000000069e800000|  0%| F|  |TAMS 0x000000069e400000, 0x000000069e400000| Untracked 
| 634|0x000000069e800000, 0x000000069e800000, 0x000000069ec00000|  0%| F|  |TAMS 0x000000069e800000, 0x000000069e800000| Untracked 
| 635|0x000000069ec00000, 0x000000069ec00000, 0x000000069f000000|  0%| F|  |TAMS 0x000000069ec00000, 0x000000069ec00000| Untracked 
| 636|0x000000069f000000, 0x000000069f000000, 0x000000069f400000|  0%| F|  |TAMS 0x000000069f000000, 0x000000069f000000| Untracked 
| 637|0x000000069f400000, 0x000000069f400000, 0x000000069f800000|  0%| F|  |TAMS 0x000000069f400000, 0x000000069f400000| Untracked 
| 638|0x000000069f800000, 0x000000069f800000, 0x000000069fc00000|  0%| F|  |TAMS 0x000000069f800000, 0x000000069f800000| Untracked 
| 639|0x000000069fc00000, 0x000000069fc00000, 0x00000006a0000000|  0%| F|  |TAMS 0x000000069fc00000, 0x000000069fc00000| Untracked 
| 640|0x00000006a0000000, 0x00000006a0000000, 0x00000006a0400000|  0%| F|  |TAMS 0x00000006a0000000, 0x00000006a0000000| Untracked 
| 641|0x00000006a0400000, 0x00000006a0400000, 0x00000006a0800000|  0%| F|  |TAMS 0x00000006a0400000, 0x00000006a0400000| Untracked 
| 642|0x00000006a0800000, 0x00000006a0800000, 0x00000006a0c00000|  0%| F|  |TAMS 0x00000006a0800000, 0x00000006a0800000| Untracked 
| 643|0x00000006a0c00000, 0x00000006a0c00000, 0x00000006a1000000|  0%| F|  |TAMS 0x00000006a0c00000, 0x00000006a0c00000| Untracked 
| 644|0x00000006a1000000, 0x00000006a1000000, 0x00000006a1400000|  0%| F|  |TAMS 0x00000006a1000000, 0x00000006a1000000| Untracked 
| 645|0x00000006a1400000, 0x00000006a1400000, 0x00000006a1800000|  0%| F|  |TAMS 0x00000006a1400000, 0x00000006a1400000| Untracked 
| 646|0x00000006a1800000, 0x00000006a1800000, 0x00000006a1c00000|  0%| F|  |TAMS 0x00000006a1800000, 0x00000006a1800000| Untracked 
| 647|0x00000006a1c00000, 0x00000006a1c00000, 0x00000006a2000000|  0%| F|  |TAMS 0x00000006a1c00000, 0x00000006a1c00000| Untracked 
| 648|0x00000006a2000000, 0x00000006a2000000, 0x00000006a2400000|  0%| F|  |TAMS 0x00000006a2000000, 0x00000006a2000000| Untracked 
| 649|0x00000006a2400000, 0x00000006a2400000, 0x00000006a2800000|  0%| F|  |TAMS 0x00000006a2400000, 0x00000006a2400000| Untracked 
| 650|0x00000006a2800000, 0x00000006a2800000, 0x00000006a2c00000|  0%| F|  |TAMS 0x00000006a2800000, 0x00000006a2800000| Untracked 
| 651|0x00000006a2c00000, 0x00000006a2c00000, 0x00000006a3000000|  0%| F|  |TAMS 0x00000006a2c00000, 0x00000006a2c00000| Untracked 
| 652|0x00000006a3000000, 0x00000006a3000000, 0x00000006a3400000|  0%| F|  |TAMS 0x00000006a3000000, 0x00000006a3000000| Untracked 
| 653|0x00000006a3400000, 0x00000006a3400000, 0x00000006a3800000|  0%| F|  |TAMS 0x00000006a3400000, 0x00000006a3400000| Untracked 
| 654|0x00000006a3800000, 0x00000006a3800000, 0x00000006a3c00000|  0%| F|  |TAMS 0x00000006a3800000, 0x00000006a3800000| Untracked 
| 655|0x00000006a3c00000, 0x00000006a3c00000, 0x00000006a4000000|  0%| F|  |TAMS 0x00000006a3c00000, 0x00000006a3c00000| Untracked 
| 656|0x00000006a4000000, 0x00000006a4000000, 0x00000006a4400000|  0%| F|  |TAMS 0x00000006a4000000, 0x00000006a4000000| Untracked 
| 657|0x00000006a4400000, 0x00000006a4400000, 0x00000006a4800000|  0%| F|  |TAMS 0x00000006a4400000, 0x00000006a4400000| Untracked 
| 658|0x00000006a4800000, 0x00000006a4800000, 0x00000006a4c00000|  0%| F|  |TAMS 0x00000006a4800000, 0x00000006a4800000| Untracked 
| 659|0x00000006a4c00000, 0x00000006a4c00000, 0x00000006a5000000|  0%| F|  |TAMS 0x00000006a4c00000, 0x00000006a4c00000| Untracked 
| 660|0x00000006a5000000, 0x00000006a5000000, 0x00000006a5400000|  0%| F|  |TAMS 0x00000006a5000000, 0x00000006a5000000| Untracked 
| 661|0x00000006a5400000, 0x00000006a5400000, 0x00000006a5800000|  0%| F|  |TAMS 0x00000006a5400000, 0x00000006a5400000| Untracked 
| 662|0x00000006a5800000, 0x00000006a5800000, 0x00000006a5c00000|  0%| F|  |TAMS 0x00000006a5800000, 0x00000006a5800000| Untracked 
| 663|0x00000006a5c00000, 0x00000006a5c00000, 0x00000006a6000000|  0%| F|  |TAMS 0x00000006a5c00000, 0x00000006a5c00000| Untracked 
| 664|0x00000006a6000000, 0x00000006a6000000, 0x00000006a6400000|  0%| F|  |TAMS 0x00000006a6000000, 0x00000006a6000000| Untracked 
| 665|0x00000006a6400000, 0x00000006a6400000, 0x00000006a6800000|  0%| F|  |TAMS 0x00000006a6400000, 0x00000006a6400000| Untracked 
| 666|0x00000006a6800000, 0x00000006a6800000, 0x00000006a6c00000|  0%| F|  |TAMS 0x00000006a6800000, 0x00000006a6800000| Untracked 
| 667|0x00000006a6c00000, 0x00000006a6c00000, 0x00000006a7000000|  0%| F|  |TAMS 0x00000006a6c00000, 0x00000006a6c00000| Untracked 
| 668|0x00000006a7000000, 0x00000006a7000000, 0x00000006a7400000|  0%| F|  |TAMS 0x00000006a7000000, 0x00000006a7000000| Untracked 
| 669|0x00000006a7400000, 0x00000006a7400000, 0x00000006a7800000|  0%| F|  |TAMS 0x00000006a7400000, 0x00000006a7400000| Untracked 
| 670|0x00000006a7800000, 0x00000006a7800000, 0x00000006a7c00000|  0%| F|  |TAMS 0x00000006a7800000, 0x00000006a7800000| Untracked 
| 671|0x00000006a7c00000, 0x00000006a7c00000, 0x00000006a8000000|  0%| F|  |TAMS 0x00000006a7c00000, 0x00000006a7c00000| Untracked 
| 672|0x00000006a8000000, 0x00000006a8000000, 0x00000006a8400000|  0%| F|  |TAMS 0x00000006a8000000, 0x00000006a8000000| Untracked 
| 673|0x00000006a8400000, 0x00000006a8400000, 0x00000006a8800000|  0%| F|  |TAMS 0x00000006a8400000, 0x00000006a8400000| Untracked 
| 674|0x00000006a8800000, 0x00000006a8800000, 0x00000006a8c00000|  0%| F|  |TAMS 0x00000006a8800000, 0x00000006a8800000| Untracked 
| 675|0x00000006a8c00000, 0x00000006a8c00000, 0x00000006a9000000|  0%| F|  |TAMS 0x00000006a8c00000, 0x00000006a8c00000| Untracked 
| 676|0x00000006a9000000, 0x00000006a9000000, 0x00000006a9400000|  0%| F|  |TAMS 0x00000006a9000000, 0x00000006a9000000| Untracked 
| 677|0x00000006a9400000, 0x00000006a9400000, 0x00000006a9800000|  0%| F|  |TAMS 0x00000006a9400000, 0x00000006a9400000| Untracked 
| 678|0x00000006a9800000, 0x00000006a9800000, 0x00000006a9c00000|  0%| F|  |TAMS 0x00000006a9800000, 0x00000006a9800000| Untracked 
| 679|0x00000006a9c00000, 0x00000006a9c00000, 0x00000006aa000000|  0%| F|  |TAMS 0x00000006a9c00000, 0x00000006a9c00000| Untracked 
| 680|0x00000006aa000000, 0x00000006aa000000, 0x00000006aa400000|  0%| F|  |TAMS 0x00000006aa000000, 0x00000006aa000000| Untracked 
| 681|0x00000006aa400000, 0x00000006aa400000, 0x00000006aa800000|  0%| F|  |TAMS 0x00000006aa400000, 0x00000006aa400000| Untracked 
| 682|0x00000006aa800000, 0x00000006aa800000, 0x00000006aac00000|  0%| F|  |TAMS 0x00000006aa800000, 0x00000006aa800000| Untracked 
| 683|0x00000006aac00000, 0x00000006aac00000, 0x00000006ab000000|  0%| F|  |TAMS 0x00000006aac00000, 0x00000006aac00000| Untracked 
| 684|0x00000006ab000000, 0x00000006ab000000, 0x00000006ab400000|  0%| F|  |TAMS 0x00000006ab000000, 0x00000006ab000000| Untracked 
| 685|0x00000006ab400000, 0x00000006ab400000, 0x00000006ab800000|  0%| F|  |TAMS 0x00000006ab400000, 0x00000006ab400000| Untracked 
| 686|0x00000006ab800000, 0x00000006ab800000, 0x00000006abc00000|  0%| F|  |TAMS 0x00000006ab800000, 0x00000006ab800000| Untracked 
| 687|0x00000006abc00000, 0x00000006abc00000, 0x00000006ac000000|  0%| F|  |TAMS 0x00000006abc00000, 0x00000006abc00000| Untracked 
| 688|0x00000006ac000000, 0x00000006ac000000, 0x00000006ac400000|  0%| F|  |TAMS 0x00000006ac000000, 0x00000006ac000000| Untracked 
| 689|0x00000006ac400000, 0x00000006ac400000, 0x00000006ac800000|  0%| F|  |TAMS 0x00000006ac400000, 0x00000006ac400000| Untracked 
| 690|0x00000006ac800000, 0x00000006ac800000, 0x00000006acc00000|  0%| F|  |TAMS 0x00000006ac800000, 0x00000006ac800000| Untracked 
| 691|0x00000006acc00000, 0x00000006acc00000, 0x00000006ad000000|  0%| F|  |TAMS 0x00000006acc00000, 0x00000006acc00000| Untracked 
| 692|0x00000006ad000000, 0x00000006ad000000, 0x00000006ad400000|  0%| F|  |TAMS 0x00000006ad000000, 0x00000006ad000000| Untracked 
| 693|0x00000006ad400000, 0x00000006ad400000, 0x00000006ad800000|  0%| F|  |TAMS 0x00000006ad400000, 0x00000006ad400000| Untracked 
| 694|0x00000006ad800000, 0x00000006ad800000, 0x00000006adc00000|  0%| F|  |TAMS 0x00000006ad800000, 0x00000006ad800000| Untracked 
| 695|0x00000006adc00000, 0x00000006adc00000, 0x00000006ae000000|  0%| F|  |TAMS 0x00000006adc00000, 0x00000006adc00000| Untracked 
| 696|0x00000006ae000000, 0x00000006ae000000, 0x00000006ae400000|  0%| F|  |TAMS 0x00000006ae000000, 0x00000006ae000000| Untracked 
| 697|0x00000006ae400000, 0x00000006ae400000, 0x00000006ae800000|  0%| F|  |TAMS 0x00000006ae400000, 0x00000006ae400000| Untracked 
| 698|0x00000006ae800000, 0x00000006ae800000, 0x00000006aec00000|  0%| F|  |TAMS 0x00000006ae800000, 0x00000006ae800000| Untracked 
| 699|0x00000006aec00000, 0x00000006aec00000, 0x00000006af000000|  0%| F|  |TAMS 0x00000006aec00000, 0x00000006aec00000| Untracked 
| 700|0x00000006af000000, 0x00000006af000000, 0x00000006af400000|  0%| F|  |TAMS 0x00000006af000000, 0x00000006af000000| Untracked 
| 701|0x00000006af400000, 0x00000006af400000, 0x00000006af800000|  0%| F|  |TAMS 0x00000006af400000, 0x00000006af400000| Untracked 
| 702|0x00000006af800000, 0x00000006af800000, 0x00000006afc00000|  0%| F|  |TAMS 0x00000006af800000, 0x00000006af800000| Untracked 
| 703|0x00000006afc00000, 0x00000006afc00000, 0x00000006b0000000|  0%| F|  |TAMS 0x00000006afc00000, 0x00000006afc00000| Untracked 
| 704|0x00000006b0000000, 0x00000006b0000000, 0x00000006b0400000|  0%| F|  |TAMS 0x00000006b0000000, 0x00000006b0000000| Untracked 
| 705|0x00000006b0400000, 0x00000006b0400000, 0x00000006b0800000|  0%| F|  |TAMS 0x00000006b0400000, 0x00000006b0400000| Untracked 
| 706|0x00000006b0800000, 0x00000006b0800000, 0x00000006b0c00000|  0%| F|  |TAMS 0x00000006b0800000, 0x00000006b0800000| Untracked 
| 707|0x00000006b0c00000, 0x00000006b0c00000, 0x00000006b1000000|  0%| F|  |TAMS 0x00000006b0c00000, 0x00000006b0c00000| Untracked 
| 708|0x00000006b1000000, 0x00000006b1000000, 0x00000006b1400000|  0%| F|  |TAMS 0x00000006b1000000, 0x00000006b1000000| Untracked 
| 709|0x00000006b1400000, 0x00000006b1400000, 0x00000006b1800000|  0%| F|  |TAMS 0x00000006b1400000, 0x00000006b1400000| Untracked 
| 710|0x00000006b1800000, 0x00000006b1800000, 0x00000006b1c00000|  0%| F|  |TAMS 0x00000006b1800000, 0x00000006b1800000| Untracked 
| 711|0x00000006b1c00000, 0x00000006b1c00000, 0x00000006b2000000|  0%| F|  |TAMS 0x00000006b1c00000, 0x00000006b1c00000| Untracked 
| 712|0x00000006b2000000, 0x00000006b2000000, 0x00000006b2400000|  0%| F|  |TAMS 0x00000006b2000000, 0x00000006b2000000| Untracked 
| 713|0x00000006b2400000, 0x00000006b2400000, 0x00000006b2800000|  0%| F|  |TAMS 0x00000006b2400000, 0x00000006b2400000| Untracked 
| 714|0x00000006b2800000, 0x00000006b2800000, 0x00000006b2c00000|  0%| F|  |TAMS 0x00000006b2800000, 0x00000006b2800000| Untracked 
| 715|0x00000006b2c00000, 0x00000006b2c00000, 0x00000006b3000000|  0%| F|  |TAMS 0x00000006b2c00000, 0x00000006b2c00000| Untracked 
| 716|0x00000006b3000000, 0x00000006b3000000, 0x00000006b3400000|  0%| F|  |TAMS 0x00000006b3000000, 0x00000006b3000000| Untracked 
| 717|0x00000006b3400000, 0x00000006b3400000, 0x00000006b3800000|  0%| F|  |TAMS 0x00000006b3400000, 0x00000006b3400000| Untracked 
| 718|0x00000006b3800000, 0x00000006b3800000, 0x00000006b3c00000|  0%| F|  |TAMS 0x00000006b3800000, 0x00000006b3800000| Untracked 
| 719|0x00000006b3c00000, 0x00000006b3c00000, 0x00000006b4000000|  0%| F|  |TAMS 0x00000006b3c00000, 0x00000006b3c00000| Untracked 
| 720|0x00000006b4000000, 0x00000006b4000000, 0x00000006b4400000|  0%| F|  |TAMS 0x00000006b4000000, 0x00000006b4000000| Untracked 
| 721|0x00000006b4400000, 0x00000006b4400000, 0x00000006b4800000|  0%| F|  |TAMS 0x00000006b4400000, 0x00000006b4400000| Untracked 
| 722|0x00000006b4800000, 0x00000006b4800000, 0x00000006b4c00000|  0%| F|  |TAMS 0x00000006b4800000, 0x00000006b4800000| Untracked 
| 723|0x00000006b4c00000, 0x00000006b4c00000, 0x00000006b5000000|  0%| F|  |TAMS 0x00000006b4c00000, 0x00000006b4c00000| Untracked 
| 724|0x00000006b5000000, 0x00000006b5000000, 0x00000006b5400000|  0%| F|  |TAMS 0x00000006b5000000, 0x00000006b5000000| Untracked 
| 725|0x00000006b5400000, 0x00000006b5400000, 0x00000006b5800000|  0%| F|  |TAMS 0x00000006b5400000, 0x00000006b5400000| Untracked 
| 726|0x00000006b5800000, 0x00000006b5800000, 0x00000006b5c00000|  0%| F|  |TAMS 0x00000006b5800000, 0x00000006b5800000| Untracked 
| 727|0x00000006b5c00000, 0x00000006b5c00000, 0x00000006b6000000|  0%| F|  |TAMS 0x00000006b5c00000, 0x00000006b5c00000| Untracked 
| 728|0x00000006b6000000, 0x00000006b6000000, 0x00000006b6400000|  0%| F|  |TAMS 0x00000006b6000000, 0x00000006b6000000| Untracked 
| 729|0x00000006b6400000, 0x00000006b6400000, 0x00000006b6800000|  0%| F|  |TAMS 0x00000006b6400000, 0x00000006b6400000| Untracked 
| 730|0x00000006b6800000, 0x00000006b6800000, 0x00000006b6c00000|  0%| F|  |TAMS 0x00000006b6800000, 0x00000006b6800000| Untracked 
| 731|0x00000006b6c00000, 0x00000006b6c00000, 0x00000006b7000000|  0%| F|  |TAMS 0x00000006b6c00000, 0x00000006b6c00000| Untracked 
| 732|0x00000006b7000000, 0x00000006b7123940, 0x00000006b7400000| 28%| S|CS|TAMS 0x00000006b7000000, 0x00000006b7000000| Complete 
| 733|0x00000006b7400000, 0x00000006b7800000, 0x00000006b7800000|100%| S|CS|TAMS 0x00000006b7400000, 0x00000006b7400000| Complete 
| 734|0x00000006b7800000, 0x00000006b7c00000, 0x00000006b7c00000|100%| S|CS|TAMS 0x00000006b7800000, 0x00000006b7800000| Complete 
| 735|0x00000006b7c00000, 0x00000006b7c00000, 0x00000006b8000000|  0%| F|  |TAMS 0x00000006b7c00000, 0x00000006b7c00000| Untracked 
| 736|0x00000006b8000000, 0x00000006b8000000, 0x00000006b8400000|  0%| F|  |TAMS 0x00000006b8000000, 0x00000006b8000000| Untracked 
| 737|0x00000006b8400000, 0x00000006b8400000, 0x00000006b8800000|  0%| F|  |TAMS 0x00000006b8400000, 0x00000006b8400000| Untracked 
| 738|0x00000006b8800000, 0x00000006b8800000, 0x00000006b8c00000|  0%| F|  |TAMS 0x00000006b8800000, 0x00000006b8800000| Untracked 
| 739|0x00000006b8c00000, 0x00000006b8c00000, 0x00000006b9000000|  0%| F|  |TAMS 0x00000006b8c00000, 0x00000006b8c00000| Untracked 
| 740|0x00000006b9000000, 0x00000006b9000000, 0x00000006b9400000|  0%| F|  |TAMS 0x00000006b9000000, 0x00000006b9000000| Untracked 
| 741|0x00000006b9400000, 0x00000006b9400000, 0x00000006b9800000|  0%| F|  |TAMS 0x00000006b9400000, 0x00000006b9400000| Untracked 
| 742|0x00000006b9800000, 0x00000006b9800000, 0x00000006b9c00000|  0%| F|  |TAMS 0x00000006b9800000, 0x00000006b9800000| Untracked 
| 743|0x00000006b9c00000, 0x00000006b9c00000, 0x00000006ba000000|  0%| F|  |TAMS 0x00000006b9c00000, 0x00000006b9c00000| Untracked 
| 744|0x00000006ba000000, 0x00000006ba000000, 0x00000006ba400000|  0%| F|  |TAMS 0x00000006ba000000, 0x00000006ba000000| Untracked 
| 745|0x00000006ba400000, 0x00000006ba400000, 0x00000006ba800000|  0%| F|  |TAMS 0x00000006ba400000, 0x00000006ba400000| Untracked 
| 746|0x00000006ba800000, 0x00000006ba800000, 0x00000006bac00000|  0%| F|  |TAMS 0x00000006ba800000, 0x00000006ba800000| Untracked 
| 747|0x00000006bac00000, 0x00000006bac00000, 0x00000006bb000000|  0%| F|  |TAMS 0x00000006bac00000, 0x00000006bac00000| Untracked 
| 748|0x00000006bb000000, 0x00000006bb000000, 0x00000006bb400000|  0%| F|  |TAMS 0x00000006bb000000, 0x00000006bb000000| Untracked 
| 749|0x00000006bb400000, 0x00000006bb400000, 0x00000006bb800000|  0%| F|  |TAMS 0x00000006bb400000, 0x00000006bb400000| Untracked 
| 750|0x00000006bb800000, 0x00000006bb800000, 0x00000006bbc00000|  0%| F|  |TAMS 0x00000006bb800000, 0x00000006bb800000| Untracked 
| 751|0x00000006bbc00000, 0x00000006bbc00000, 0x00000006bc000000|  0%| F|  |TAMS 0x00000006bbc00000, 0x00000006bbc00000| Untracked 
| 752|0x00000006bc000000, 0x00000006bc000000, 0x00000006bc400000|  0%| F|  |TAMS 0x00000006bc000000, 0x00000006bc000000| Untracked 
| 753|0x00000006bc400000, 0x00000006bc400000, 0x00000006bc800000|  0%| F|  |TAMS 0x00000006bc400000, 0x00000006bc400000| Untracked 
| 754|0x00000006bc800000, 0x00000006bc800000, 0x00000006bcc00000|  0%| F|  |TAMS 0x00000006bc800000, 0x00000006bc800000| Untracked 
| 755|0x00000006bcc00000, 0x00000006bcc00000, 0x00000006bd000000|  0%| F|  |TAMS 0x00000006bcc00000, 0x00000006bcc00000| Untracked 
| 756|0x00000006bd000000, 0x00000006bd000000, 0x00000006bd400000|  0%| F|  |TAMS 0x00000006bd000000, 0x00000006bd000000| Untracked 
| 757|0x00000006bd400000, 0x00000006bd400000, 0x00000006bd800000|  0%| F|  |TAMS 0x00000006bd400000, 0x00000006bd400000| Untracked 
| 758|0x00000006bd800000, 0x00000006bd800000, 0x00000006bdc00000|  0%| F|  |TAMS 0x00000006bd800000, 0x00000006bd800000| Untracked 
| 759|0x00000006bdc00000, 0x00000006bdc00000, 0x00000006be000000|  0%| F|  |TAMS 0x00000006bdc00000, 0x00000006bdc00000| Untracked 
| 760|0x00000006be000000, 0x00000006be000000, 0x00000006be400000|  0%| F|  |TAMS 0x00000006be000000, 0x00000006be000000| Untracked 
| 761|0x00000006be400000, 0x00000006be400000, 0x00000006be800000|  0%| F|  |TAMS 0x00000006be400000, 0x00000006be400000| Untracked 
| 762|0x00000006be800000, 0x00000006be800000, 0x00000006bec00000|  0%| F|  |TAMS 0x00000006be800000, 0x00000006be800000| Untracked 
| 763|0x00000006bec00000, 0x00000006bec00000, 0x00000006bf000000|  0%| F|  |TAMS 0x00000006bec00000, 0x00000006bec00000| Untracked 
| 764|0x00000006bf000000, 0x00000006bf000000, 0x00000006bf400000|  0%| F|  |TAMS 0x00000006bf000000, 0x00000006bf000000| Untracked 
| 765|0x00000006bf400000, 0x00000006bf400000, 0x00000006bf800000|  0%| F|  |TAMS 0x00000006bf400000, 0x00000006bf400000| Untracked 
| 766|0x00000006bf800000, 0x00000006bf800000, 0x00000006bfc00000|  0%| F|  |TAMS 0x00000006bf800000, 0x00000006bf800000| Untracked 
| 767|0x00000006bfc00000, 0x00000006bfc00000, 0x00000006c0000000|  0%| F|  |TAMS 0x00000006bfc00000, 0x00000006bfc00000| Untracked 

Card table byte_map: [0x00000127fdab0000,0x00000127feab0000] _byte_map_base: 0x00000127faab0000

Marking Bits (Prev, Next): (CMBitMap*) 0x00000127e5aab220, (CMBitMap*) 0x00000127e5aab260
 Prev Bits: [0x0000012780000000, 0x0000012788000000)
 Next Bits: [0x0000012788000000, 0x0000012790000000)

Polling page: 0x00000127e3d30000

Metaspace:

Usage:
  Non-class:    164.22 MB used.
      Class:     25.45 MB used.
       Both:    189.67 MB used.

Virtual space:
  Non-class space:      192.00 MB reserved,     165.75 MB ( 86%) committed,  3 nodes.
      Class space:      832.00 MB reserved,      26.69 MB (  3%) committed,  1 nodes.
             Both:        1.00 GB reserved,     192.44 MB ( 19%) committed. 

Chunk freelists:
   Non-Class:  9.77 MB
       Class:  5.28 MB
        Both:  15.05 MB

MaxMetaspaceSize: 1.00 GB
CompressedClassSpaceSize: 832.00 MB
Initial GC threshold: 21.00 MB
Current GC threshold: 220.88 MB
CDS: on
MetaspaceReclaimPolicy: balanced
 - commit_granule_bytes: 65536.
 - commit_granule_words: 8192.
 - virtual_space_node_default_size: 8388608.
 - enlarge_chunks_in_place: 1.
 - new_chunks_are_fully_committed: 0.
 - uncommit_free_chunks: 1.
 - use_allocation_guard: 0.
 - handle_deallocations: 1.


Internal statistics:

num_allocs_failed_limit: 9.
num_arena_births: 3692.
num_arena_deaths: 0.
num_vsnodes_births: 4.
num_vsnodes_deaths: 0.
num_space_committed: 3077.
num_space_uncommitted: 0.
num_chunks_returned_to_freelist: 9.
num_chunks_taken_from_freelist: 12968.
num_chunk_merges: 9.
num_chunk_splits: 8127.
num_chunks_enlarged: 4882.
num_inconsistent_stats: 0.

CodeHeap 'non-profiled nmethods': size=120000Kb used=34502Kb max_used=34502Kb free=85497Kb
 bounds [0x00000127f5030000, 0x00000127f7280000, 0x00000127fc560000]
CodeHeap 'profiled nmethods': size=120000Kb used=72804Kb max_used=72804Kb free=47195Kb
 bounds [0x00000127ed560000, 0x00000127f1cc0000, 0x00000127f4a90000]
CodeHeap 'non-nmethods': size=5760Kb used=2561Kb max_used=2656Kb free=3198Kb
 bounds [0x00000127f4a90000, 0x00000127f4d40000, 0x00000127f5030000]
 total_blobs=35784 nmethods=34669 adapters=1025
 compilation: enabled
              stopped_count=0, restarted_count=0
 full_count=0

Compilation events (20 events):
Event: 374.918 Thread 0x00000127927a9700 nmethod 46978 0x00000127f6c02090 code [0x00000127f6c02260, 0x00000127f6c02a48]
Event: 374.918 Thread 0x00000127927a9700 46974       4       com.android.tools.r8.internal.rT::b (2119 bytes)
Event: 374.919 Thread 0x00000127927c4ac0 46979       3       com.android.tools.r8.internal.s2::<init> (10 bytes)
Event: 374.919 Thread 0x00000127927c4ac0 nmethod 46979 0x00000127f168c090 code [0x00000127f168c240, 0x00000127f168c388]
Event: 374.927 Thread 0x00000127927c4ac0 46981       3       com.android.tools.r8.internal.np::hashCode (21 bytes)
Event: 374.927 Thread 0x00000127927c4ac0 nmethod 46981 0x00000127f168bc10 code [0x00000127f168bdc0, 0x00000127f168bfe8]
Event: 374.956 Thread 0x00000127d2549d70 nmethod 46443 0x00000127f6b8fb10 code [0x00000127f6b8fe20, 0x00000127f6b92b00]
Event: 374.956 Thread 0x00000127d2549d70 46118       4       java.util.concurrent.ConcurrentHashMap::get (162 bytes)
Event: 374.959 Thread 0x00000127d2549d70 nmethod 46118 0x00000127f6c93d10 code [0x00000127f6c93ea0, 0x00000127f6c941f8]
Event: 374.959 Thread 0x00000127d2549d70 46014       4       com.android.tools.r8.ir.optimize.z::a (1785 bytes)
Event: 374.960 Thread 0x00000127927c4ac0 46983       3       com.android.tools.r8.internal.jC::b (82 bytes)
Event: 374.960 Thread 0x00000127927c4ac0 nmethod 46983 0x00000127f168b510 code [0x00000127f168b700, 0x00000127f168bb08]
Event: 375.743 Thread 0x00000127927c4ac0 46985       3       com.android.tools.r8.graph.K0$b::<init> (15 bytes)
Event: 375.744 Thread 0x00000127927c4ac0 nmethod 46985 0x00000127f168b010 code [0x00000127f168b1c0, 0x00000127f168b3f8]
Event: 375.748 Thread 0x00000127927c4ac0 46987       3       com.android.tools.r8.internal.iZ::b (30 bytes)
Event: 375.749 Thread 0x00000127927c4ac0 nmethod 46987 0x00000127f168a990 code [0x00000127f168ab60, 0x00000127f168af28]
Event: 375.783 Thread 0x00000127d8b70db0 nmethod 46975 0x00000127f6e7cd90 code [0x00000127f6e7d560, 0x00000127f6e856f8]
Event: 375.784 Thread 0x00000127d8b70db0 46188       4       com.android.tools.r8.internal.uy0::a (616 bytes)
Event: 375.788 Thread 0x00000127927c4ac0 46990       2       com.android.tools.r8.internal.ap::<init> (20 bytes)
Event: 375.788 Thread 0x00000127927c4ac0 nmethod 46990 0x00000127f168a390 code [0x00000127f168a520, 0x00000127f168a698]

GC Heap History (20 events):
Event: 359.354 GC heap after
{Heap after GC invocations=75 (full 0):
 garbage-first heap   total 1835008K, used 499624K [0x0000000600000000, 0x0000000800000000)
  region size 4096K, 10 young (40960K), 10 survivors (40960K)
 Metaspace       used 193842K, committed 196672K, reserved 1048576K
  class space    used 26045K, committed 27328K, reserved 851968K
}
Event: 360.300 GC heap before
{Heap before GC invocations=75 (full 0):
 garbage-first heap   total 1835008K, used 1286056K [0x0000000600000000, 0x0000000800000000)
  region size 4096K, 203 young (831488K), 10 survivors (40960K)
 Metaspace       used 193883K, committed 196736K, reserved 1048576K
  class space    used 26048K, committed 27328K, reserved 851968K
}
Event: 360.364 GC heap after
{Heap after GC invocations=76 (full 0):
 garbage-first heap   total 1835008K, used 533447K [0x0000000600000000, 0x0000000800000000)
  region size 4096K, 18 young (73728K), 18 survivors (73728K)
 Metaspace       used 193883K, committed 196736K, reserved 1048576K
  class space    used 26048K, committed 27328K, reserved 851968K
}
Event: 361.204 GC heap before
{Heap before GC invocations=76 (full 0):
 garbage-first heap   total 1835008K, used 1291207K [0x0000000600000000, 0x0000000800000000)
  region size 4096K, 204 young (835584K), 18 survivors (73728K)
 Metaspace       used 193917K, committed 196736K, reserved 1048576K
  class space    used 26049K, committed 27328K, reserved 851968K
}
Event: 361.258 GC heap after
{Heap after GC invocations=77 (full 0):
 garbage-first heap   total 1835008K, used 544796K [0x0000000600000000, 0x0000000800000000)
  region size 4096K, 13 young (53248K), 13 survivors (53248K)
 Metaspace       used 193917K, committed 196736K, reserved 1048576K
  class space    used 26049K, committed 27328K, reserved 851968K
}
Event: 362.693 GC heap before
{Heap before GC invocations=77 (full 0):
 garbage-first heap   total 1835008K, used 1515548K [0x0000000600000000, 0x0000000800000000)
  region size 4096K, 250 young (1024000K), 13 survivors (53248K)
 Metaspace       used 194000K, committed 196864K, reserved 1048576K
  class space    used 26052K, committed 27328K, reserved 851968K
}
Event: 362.841 GC heap after
{Heap after GC invocations=78 (full 0):
 garbage-first heap   total 3145728K, used 548368K [0x0000000600000000, 0x0000000800000000)
  region size 4096K, 14 young (57344K), 14 survivors (57344K)
 Metaspace       used 194000K, committed 196864K, reserved 1048576K
  class space    used 26052K, committed 27328K, reserved 851968K
}
Event: 369.577 GC heap before
{Heap before GC invocations=78 (full 0):
 garbage-first heap   total 3145728K, used 2371088K [0x0000000600000000, 0x0000000800000000)
  region size 4096K, 460 young (1884160K), 14 survivors (57344K)
 Metaspace       used 194077K, committed 196928K, reserved 1048576K
  class space    used 26052K, committed 27328K, reserved 851968K
}
Event: 370.413 GC heap after
{Heap after GC invocations=79 (full 0):
 garbage-first heap   total 3145728K, used 564798K [0x0000000600000000, 0x0000000800000000)
  region size 4096K, 18 young (73728K), 18 survivors (73728K)
 Metaspace       used 194077K, committed 196928K, reserved 1048576K
  class space    used 26052K, committed 27328K, reserved 851968K
}
Event: 370.479 GC heap before
{Heap before GC invocations=79 (full 0):
 garbage-first heap   total 3145728K, used 642622K [0x0000000600000000, 0x0000000800000000)
  region size 4096K, 38 young (155648K), 18 survivors (73728K)
 Metaspace       used 194080K, committed 196928K, reserved 1048576K
  class space    used 26052K, committed 27328K, reserved 851968K
}
Event: 370.614 GC heap after
{Heap after GC invocations=80 (full 0):
 garbage-first heap   total 3145728K, used 571116K [0x0000000600000000, 0x0000000800000000)
  region size 4096K, 3 young (12288K), 3 survivors (12288K)
 Metaspace       used 194080K, committed 196928K, reserved 1048576K
  class space    used 26052K, committed 27328K, reserved 851968K
}
Event: 370.679 GC heap before
{Heap before GC invocations=80 (full 0):
 garbage-first heap   total 3145728K, used 714476K [0x0000000600000000, 0x0000000800000000)
  region size 4096K, 38 young (155648K), 3 survivors (12288K)
 Metaspace       used 194080K, committed 196928K, reserved 1048576K
  class space    used 26052K, committed 27328K, reserved 851968K
}
Event: 370.683 GC heap after
{Heap after GC invocations=81 (full 0):
 garbage-first heap   total 3145728K, used 564148K [0x0000000600000000, 0x0000000800000000)
  region size 4096K, 2 young (8192K), 2 survivors (8192K)
 Metaspace       used 194080K, committed 196928K, reserved 1048576K
  class space    used 26052K, committed 27328K, reserved 851968K
}
Event: 371.177 GC heap before
{Heap before GC invocations=81 (full 0):
 garbage-first heap   total 3145728K, used 1502132K [0x0000000600000000, 0x0000000800000000)
  region size 4096K, 232 young (950272K), 2 survivors (8192K)
 Metaspace       used 194103K, committed 196928K, reserved 1048576K
  class space    used 26054K, committed 27328K, reserved 851968K
}
Event: 371.184 GC heap after
{Heap after GC invocations=82 (full 0):
 garbage-first heap   total 3145728K, used 567787K [0x0000000600000000, 0x0000000800000000)
  region size 4096K, 3 young (12288K), 3 survivors (12288K)
 Metaspace       used 194103K, committed 196928K, reserved 1048576K
  class space    used 26054K, committed 27328K, reserved 851968K
}
Event: 372.481 GC heap before
{Heap before GC invocations=82 (full 0):
 garbage-first heap   total 3145728K, used 2435563K [0x0000000600000000, 0x0000000800000000)
  region size 4096K, 460 young (1884160K), 3 survivors (12288K)
 Metaspace       used 194193K, committed 197056K, reserved 1048576K
  class space    used 26054K, committed 27328K, reserved 851968K
}
Event: 372.517 GC heap after
{Heap after GC invocations=83 (full 0):
 garbage-first heap   total 3145728K, used 575028K [0x0000000600000000, 0x0000000800000000)
  region size 4096K, 4 young (16384K), 4 survivors (16384K)
 Metaspace       used 194193K, committed 197056K, reserved 1048576K
  class space    used 26054K, committed 27328K, reserved 851968K
}
Event: 375.255 GC heap before
{Heap before GC invocations=83 (full 0):
 garbage-first heap   total 3145728K, used 2438708K [0x0000000600000000, 0x0000000800000000)
  region size 4096K, 460 young (1884160K), 4 survivors (16384K)
 Metaspace       used 194220K, committed 197056K, reserved 1048576K
  class space    used 26057K, committed 27328K, reserved 851968K
}
Event: 375.670 GC heap after
{Heap after GC invocations=84 (full 0):
 garbage-first heap   total 3145728K, used 579424K [0x0000000600000000, 0x0000000800000000)
  region size 4096K, 5 young (20480K), 5 survivors (20480K)
 Metaspace       used 194220K, committed 197056K, reserved 1048576K
  class space    used 26057K, committed 27328K, reserved 851968K
}
Event: 375.873 GC heap before
{Heap before GC invocations=84 (full 0):
 garbage-first heap   total 3145728K, used 710496K [0x0000000600000000, 0x0000000800000000)
  region size 4096K, 38 young (155648K), 5 survivors (20480K)
 Metaspace       used 194220K, committed 197056K, reserved 1048576K
  class space    used 26057K, committed 27328K, reserved 851968K
}

Dll operation events (16 events):
Event: 0.010 Loaded shared library C:\Program Files\Eclipse Adoptium\jdk-17.0.18.8-hotspot\bin\java.dll
Event: 0.028 Loaded shared library C:\Program Files\Eclipse Adoptium\jdk-17.0.18.8-hotspot\bin\jsvml.dll
Event: 0.076 Loaded shared library C:\Program Files\Eclipse Adoptium\jdk-17.0.18.8-hotspot\bin\zip.dll
Event: 0.083 Loaded shared library C:\Program Files\Eclipse Adoptium\jdk-17.0.18.8-hotspot\bin\instrument.dll
Event: 0.086 Loaded shared library C:\Program Files\Eclipse Adoptium\jdk-17.0.18.8-hotspot\bin\net.dll
Event: 0.087 Loaded shared library C:\Program Files\Eclipse Adoptium\jdk-17.0.18.8-hotspot\bin\nio.dll
Event: 0.090 Loaded shared library C:\Program Files\Eclipse Adoptium\jdk-17.0.18.8-hotspot\bin\zip.dll
Event: 0.283 Loaded shared library C:\Program Files\Eclipse Adoptium\jdk-17.0.18.8-hotspot\bin\jimage.dll
Event: 0.369 Loaded shared library C:\Program Files\Eclipse Adoptium\jdk-17.0.18.8-hotspot\bin\verify.dll
Event: 0.425 Loaded shared library C:\Users\fuadh\.gradle\native\1def1411415f61bf3af743bc5b6707747c0891f09f0c88961ee8f79bc544acac\windows-amd64\native-platform.dll
Event: 0.837 Loaded shared library C:\Users\fuadh\.gradle\native\0.2.7\x86_64-windows-gnu\gradle-fileevents.dll
Event: 2.308 Loaded shared library C:\Program Files\Eclipse Adoptium\jdk-17.0.18.8-hotspot\bin\management.dll
Event: 2.312 Loaded shared library C:\Program Files\Eclipse Adoptium\jdk-17.0.18.8-hotspot\bin\management_ext.dll
Event: 2.468 Loaded shared library C:\Program Files\Eclipse Adoptium\jdk-17.0.18.8-hotspot\bin\extnet.dll
Event: 2.794 Loaded shared library C:\Program Files\Eclipse Adoptium\jdk-17.0.18.8-hotspot\bin\sunmscapi.dll
Event: 282.892 Loaded shared library C:\Program Files\Eclipse Adoptium\jdk-17.0.18.8-hotspot\bin\rmi.dll

Deoptimization events (20 events):
Event: 374.959 Thread 0x00000127cfe27380 DEOPT PACKING pc=0x00000127f12d7ddf sp=0x000000275a6f9c50
Event: 374.959 Thread 0x00000127cfe27380 DEOPT UNPACKING pc=0x00000127f4ae7143 sp=0x000000275a6f9168 mode 0
Event: 375.712 Thread 0x00000127cfe25010 DEOPT PACKING pc=0x00000127f1aaffaf sp=0x00000027599f9910
Event: 375.712 Thread 0x00000127cfe25010 DEOPT UNPACKING pc=0x00000127f4ae7143 sp=0x00000027599f8ec0 mode 0
Event: 375.718 Thread 0x00000127cfe29c00 DEOPT PACKING pc=0x00000127f1236ac6 sp=0x000000275aaf9ab0
Event: 375.718 Thread 0x00000127cfe29c00 DEOPT UNPACKING pc=0x00000127f4ae7143 sp=0x000000275aaf91b0 mode 0
Event: 375.721 Thread 0x00000127cfe25010 DEOPT PACKING pc=0x00000127f16f4fdd sp=0x00000027599f9be0
Event: 375.721 Thread 0x00000127cfe25010 DEOPT UNPACKING pc=0x00000127f4ae7143 sp=0x00000027599f92d0 mode 0
Event: 375.725 Thread 0x00000127cfe29c00 DEOPT PACKING pc=0x00000127f1ab024f sp=0x000000275aaf9b10
Event: 375.725 Thread 0x00000127cfe29c00 DEOPT UNPACKING pc=0x00000127f4ae7143 sp=0x000000275aaf90c8 mode 0
Event: 375.759 Thread 0x00000127cece99b0 DEOPT PACKING pc=0x00000127f127c7be sp=0x00000027594fa020
Event: 375.759 Thread 0x00000127cece99b0 DEOPT UNPACKING pc=0x00000127f4ae7143 sp=0x00000027594f95f8 mode 0
Event: 375.777 Thread 0x00000127cfe27380 DEOPT PACKING pc=0x00000127f16f4fbc sp=0x000000275a6fa280
Event: 375.777 Thread 0x00000127cfe27380 DEOPT UNPACKING pc=0x00000127f4ae7143 sp=0x000000275a6f9970 mode 0
Event: 375.786 Thread 0x00000127cece99b0 DEOPT PACKING pc=0x00000127f1af7baa sp=0x00000027594f9ea0
Event: 375.786 Thread 0x00000127cece99b0 DEOPT UNPACKING pc=0x00000127f4ae7143 sp=0x00000027594f95f0 mode 0
Event: 375.799 Thread 0x00000127cece99b0 DEOPT PACKING pc=0x00000127f1236ac6 sp=0x00000027594f9880
Event: 375.799 Thread 0x00000127cece99b0 DEOPT UNPACKING pc=0x00000127f4ae7143 sp=0x00000027594f8f80 mode 0
Event: 375.815 Thread 0x00000127cece99b0 DEOPT PACKING pc=0x00000127f16f4b8b sp=0x00000027594f9bb0
Event: 375.815 Thread 0x00000127cece99b0 DEOPT UNPACKING pc=0x00000127f4ae7143 sp=0x00000027594f92a0 mode 0

Classes loaded (20 events):
Event: 334.292 Loading class java/util/stream/SliceOps$1$1
Event: 334.292 Loading class java/util/stream/SliceOps$1$1 done
Event: 338.627 Loading class java/util/concurrent/ConcurrentHashMap$TreeNode
Event: 338.641 Loading class java/util/concurrent/ConcurrentHashMap$TreeNode done
Event: 338.641 Loading class java/util/concurrent/ConcurrentHashMap$TreeBin
Event: 338.666 Loading class java/util/concurrent/ConcurrentHashMap$TreeBin done
Event: 347.412 Loading class java/nio/ShortBuffer
Event: 347.413 Loading class java/nio/ShortBuffer done
Event: 347.693 Loading class java/nio/ByteBufferAsShortBufferL
Event: 347.716 Loading class java/nio/ByteBufferAsShortBufferL done
Event: 347.984 Loading class java/util/zip/Adler32
Event: 348.056 Loading class java/util/zip/Adler32 done
Event: 356.987 Loading class java/util/zip/ZipOutputStream
Event: 356.989 Loading class java/util/zip/ZipOutputStream done
Event: 357.022 Loading class java/nio/file/FileTreeIterator
Event: 357.023 Loading class java/nio/file/FileTreeIterator done
Event: 357.099 Loading class java/util/zip/ZipOutputStream$XEntry
Event: 357.099 Loading class java/util/zip/ZipOutputStream$XEntry done
Event: 357.102 Loading class java/util/Vector$Itr
Event: 357.103 Loading class java/util/Vector$Itr done

Classes unloaded (0 events):
No events

Classes redefined (0 events):
No events

Internal exceptions (20 events):
Event: 357.838 Thread 0x00000127cfe27890 Implicit null exception at 0x00000127f5a793cf to 0x00000127f5a79518
Event: 357.855 Thread 0x00000127d0bba2c0 Exception <a 'sun/nio/fs/WindowsException'{0x000000062cd5cda0}> (0x000000062cd5cda0) 
thrown [s\src\hotspot\share\prims\jni.cpp, line 516]
Event: 357.866 Thread 0x00000127cfe27890 Exception <a 'sun/nio/fs/WindowsException'{0x000000062c161268}> (0x000000062c161268) 
thrown [s\src\hotspot\share\prims\jni.cpp, line 516]
Event: 358.170 Thread 0x00000127cfe291e0 Exception <a 'sun/nio/fs/WindowsException'{0x00000006372615a0}> (0x00000006372615a0) 
thrown [s\src\hotspot\share\prims\jni.cpp, line 516]
Event: 358.172 Thread 0x00000127cfe29c00 Implicit null exception at 0x00000127f604e010 to 0x00000127f604e218
Event: 358.292 Thread 0x00000127cfe282b0 Exception <a 'sun/nio/fs/WindowsException'{0x0000000630dbd950}> (0x0000000630dbd950) 
thrown [s\src\hotspot\share\prims\jni.cpp, line 516]
Event: 358.476 Thread 0x00000127cfe28cd0 Exception <a 'sun/nio/fs/WindowsException'{0x000000062a9b0318}> (0x000000062a9b0318) 
thrown [s\src\hotspot\share\prims\jni.cpp, line 516]
Event: 358.805 Thread 0x00000127cfe282b0 Implicit null exception at 0x00000127f616f1ef to 0x00000127f616fab8
Event: 359.076 Thread 0x00000127cfe291e0 Exception <a 'sun/nio/fs/WindowsException'{0x00000006622abb28}> (0x00000006622abb28) 
thrown [s\src\hotspot\share\prims\jni.cpp, line 516]
Event: 359.235 Thread 0x00000127cfe291e0 Exception <a 'sun/nio/fs/WindowsException'{0x0000000653d06c40}> (0x0000000653d06c40) 
thrown [s\src\hotspot\share\prims\jni.cpp, line 516]
Event: 359.354 Thread 0x00000127cfe282b0 Exception <a 'sun/nio/fs/WindowsException'{0x000000066fd86b08}> (0x000000066fd86b08) 
thrown [s\src\hotspot\share\prims\jni.cpp, line 516]
Event: 359.416 Thread 0x00000127cfe291e0 Exception <a 'sun/nio/fs/WindowsException'{0x000000066b1bb210}> (0x000000066b1bb210) 
thrown [s\src\hotspot\share\prims\jni.cpp, line 516]
Event: 359.841 Thread 0x00000127cfe282b0 Exception <a 'sun/nio/fs/WindowsException'{0x00000006510f72a8}> (0x00000006510f72a8) 
thrown [s\src\hotspot\share\prims\jni.cpp, line 516]
Event: 362.981 Thread 0x00000127cfe282b0 Exception <a 'sun/nio/fs/WindowsException'{0x00000006bdb571b0}> (0x00000006bdb571b0) 
thrown [s\src\hotspot\share\prims\jni.cpp, line 516]
Event: 363.275 Thread 0x00000127d0bba2c0 Exception <a 'sun/nio/fs/WindowsException'{0x00000006a5484c28}> (0x00000006a5484c28) 
thrown [s\src\hotspot\share\prims\jni.cpp, line 516]
Event: 368.347 Thread 0x00000127cfe28cd0 Implicit null exception at 0x00000127f6f02a62 to 0x00000127f6f06ba4
Event: 368.497 Thread 0x00000127cfe26e70 Exception <a 'sun/nio/fs/WindowsException'{0x0000000696f00028}> (0x0000000696f00028) 
thrown [s\src\hotspot\share\prims\jni.cpp, line 516]
Event: 370.806 Thread 0x00000127cfe27890 Exception <a 'sun/nio/fs/WindowsException'{0x00000006b9ff88e0}> (0x00000006b9ff88e0) 
thrown [s\src\hotspot\share\prims\jni.cpp, line 516]
Event: 372.167 Thread 0x00000127cfe291e0 Exception <a 'sun/nio/fs/WindowsException'{0x00000006644d51f8}> (0x00000006644d51f8) 
thrown [s\src\hotspot\share\prims\jni.cpp, line 516]
Event: 372.260 Thread 0x00000127d0dbddc0 Exception <a 'sun/nio/fs/WindowsException'{0x000000065e06c4e0}> (0x000000065e06c4e0) 
thrown [s\src\hotspot\share\prims\jni.cpp, line 516]

VM Operations (20 events):
Event: 370.417 Executing VM operation: G1CollectForAllocation done
Event: 370.452 Executing VM operation: G1CollectForAllocation
Event: 370.614 Executing VM operation: G1CollectForAllocation done
Event: 370.679 Executing VM operation: G1CollectForAllocation
Event: 370.683 Executing VM operation: G1CollectForAllocation done
Event: 371.176 Executing VM operation: G1CollectForAllocation
Event: 371.184 Executing VM operation: G1CollectForAllocation done
Event: 371.736 Executing VM operation: HandshakeAllThreads
Event: 371.737 Executing VM operation: HandshakeAllThreads done
Event: 372.450 Executing VM operation: G1CollectForAllocation
Event: 372.517 Executing VM operation: G1CollectForAllocation done
Event: 372.540 Executing VM operation: HandshakeAllThreads
Event: 372.640 Executing VM operation: HandshakeAllThreads done
Event: 373.836 Executing VM operation: Cleanup
Event: 373.925 Executing VM operation: Cleanup done
Event: 374.926 Executing VM operation: Cleanup
Event: 374.926 Executing VM operation: Cleanup done
Event: 374.964 Executing VM operation: G1CollectForAllocation
Event: 375.707 Executing VM operation: G1CollectForAllocation done
Event: 375.823 Executing VM operation: G1CollectForAllocation

Memory protections (0 events):
No events

Nmethod flushes (20 events):
Event: 368.193 Thread 0x00000127927d1800 flushing  nmethod 0x00000127f17e9e10
Event: 368.193 Thread 0x00000127927d1800 flushing  nmethod 0x00000127f17f2f90
Event: 368.193 Thread 0x00000127927d1800 flushing  nmethod 0x00000127f17f3510
Event: 368.193 Thread 0x00000127927d1800 flushing  nmethod 0x00000127f17f3f10
Event: 368.193 Thread 0x00000127927d1800 flushing  nmethod 0x00000127f1841410
Event: 368.193 Thread 0x00000127927d1800 flushing  nmethod 0x00000127f18ad410
Event: 368.193 Thread 0x00000127927d1800 flushing  nmethod 0x00000127f1948d10
Event: 368.193 Thread 0x00000127927d1800 flushing  nmethod 0x00000127f1977f90
Event: 368.193 Thread 0x00000127927d1800 flushing  nmethod 0x00000127f199f610
Event: 368.194 Thread 0x00000127927d1800 flushing osr nmethod 0x00000127f1a26d90
Event: 368.194 Thread 0x00000127927d1800 flushing  nmethod 0x00000127f1b55390
Event: 372.673 Thread 0x00000127927d1800 flushing osr nmethod 0x00000127f6cc6810
Event: 372.740 Thread 0x00000127927d1800 flushing  nmethod 0x00000127efc2e290
Event: 372.749 Thread 0x00000127927d1800 flushing  nmethod 0x00000127f01f8f10
Event: 372.770 Thread 0x00000127927d1800 flushing  nmethod 0x00000127f1003c10
Event: 372.770 Thread 0x00000127927d1800 flushing  nmethod 0x00000127f1051390
Event: 372.772 Thread 0x00000127927d1800 flushing  nmethod 0x00000127f121f910
Event: 372.773 Thread 0x00000127927d1800 flushing  nmethod 0x00000127f12f2790
Event: 372.777 Thread 0x00000127927d1800 flushing  nmethod 0x00000127f168a390
Event: 372.777 Thread 0x00000127927d1800 flushing  nmethod 0x00000127f16e4310

Events (20 events):
Event: 336.426 Thread 0x00000127cf449fc0 Thread exited: 0x00000127cf449fc0
Event: 336.427 Thread 0x00000127cf44a510 Thread exited: 0x00000127cf44a510
Event: 336.513 Thread 0x00000127927c4ac0 Thread added: 0x00000127cf44ca40
Event: 336.997 Thread 0x00000127927c4ac0 Thread added: 0x00000127cf44bfa0
Event: 348.411 Thread 0x00000127cf44bfa0 Thread exited: 0x00000127cf44bfa0
Event: 348.878 Thread 0x00000127927c4ac0 Thread added: 0x00000127d018f2d0
Event: 350.604 Thread 0x00000127d13dca90 Thread added: 0x00000127e22b0a70
Event: 355.993 Thread 0x00000127d018f2d0 Thread exited: 0x00000127d018f2d0
Event: 355.996 Thread 0x00000127cf44ca40 Thread exited: 0x00000127cf44ca40
Event: 356.061 Thread 0x00000127927a9700 Thread added: 0x00000127d018f2d0
Event: 356.205 Thread 0x00000127927c4ac0 Thread added: 0x00000127dcfa6470
Event: 356.663 Thread 0x00000127dcfa6470 Thread exited: 0x00000127dcfa6470
Event: 356.978 Thread 0x00000127d018f2d0 Thread exited: 0x00000127d018f2d0
Event: 357.023 Thread 0x00000127927c4ac0 Thread added: 0x00000127d2549d70
Event: 357.046 Thread 0x00000127927c4ac0 Thread added: 0x00000127d8b70db0
Event: 357.457 Thread 0x00000127e22b0a70 Thread exited: 0x00000127e22b0a70
Event: 372.449 Thread 0x00000127dac92100 Thread exited: 0x00000127dac92100
Event: 372.449 Thread 0x00000127dac90cc0 Thread exited: 0x00000127dac90cc0
Event: 372.449 Thread 0x00000127dac93540 Thread exited: 0x00000127dac93540
Event: 374.796 Thread 0x00000127d13d0010 Thread exited: 0x00000127d13d0010


Dynamic libraries:
0x00007ff6288f0000 - 0x00007ff6288fe000 	C:\Program Files\Eclipse Adoptium\jdk-17.0.18.8-hotspot\bin\java.exe
0x00007ffd859a0000 - 0x00007ffd85c06000 	C:\WINDOWS\SYSTEM32\ntdll.dll
0x00007ffd83ec0000 - 0x00007ffd83f89000 	C:\WINDOWS\System32\KERNEL32.DLL
0x00007ffd83020000 - 0x00007ffd8341a000 	C:\WINDOWS\System32\KERNELBASE.dll
0x00007ffd82c30000 - 0x00007ffd82d7c000 	C:\WINDOWS\System32\ucrtbase.dll
0x00007ffd5fde0000 - 0x00007ffd5fdf8000 	C:\Program Files\Eclipse Adoptium\jdk-17.0.18.8-hotspot\bin\jli.dll
0x00007ffd4eed0000 - 0x00007ffd4eeee000 	C:\Program Files\Eclipse Adoptium\jdk-17.0.18.8-hotspot\bin\VCRUNTIME140.dll
0x00007ffd84a20000 - 0x00007ffd84be7000 	C:\WINDOWS\System32\USER32.dll
0x00007ffd835a0000 - 0x00007ffd835c7000 	C:\WINDOWS\System32\win32u.dll
0x00007ffd6fd00000 - 0x00007ffd6ff92000 	C:\WINDOWS\WinSxS\amd64_microsoft.windows.common-controls_6595b64144ccf1df_6.0.26100.8521_none_3e08b75ce33403b3\COMCTL32.dll
0x00007ffd85530000 - 0x00007ffd8555b000 	C:\WINDOWS\System32\GDI32.dll
0x00007ffd84bf0000 - 0x00007ffd84c99000 	C:\WINDOWS\System32\msvcrt.dll
0x00007ffd82d80000 - 0x00007ffd82eab000 	C:\WINDOWS\System32\gdi32full.dll
0x00007ffd83660000 - 0x00007ffd83703000 	C:\WINDOWS\System32\msvcp_win.dll
0x00007ffd85470000 - 0x00007ffd854a2000 	C:\WINDOWS\System32\IMM32.DLL
0x00007ffd53410000 - 0x00007ffd5341c000 	C:\Program Files\Eclipse Adoptium\jdk-17.0.18.8-hotspot\bin\vcruntime140_1.dll
0x00007ffcec670000 - 0x00007ffcec6fd000 	C:\Program Files\Eclipse Adoptium\jdk-17.0.18.8-hotspot\bin\msvcp140.dll
0x00007ffc874f0000 - 0x00007ffc8815b000 	C:\Program Files\Eclipse Adoptium\jdk-17.0.18.8-hotspot\bin\server\jvm.dll
0x00007ffd84880000 - 0x00007ffd84936000 	C:\WINDOWS\System32\ADVAPI32.dll
0x00007ffd857a0000 - 0x00007ffd8584a000 	C:\WINDOWS\System32\sechost.dll
0x00007ffd83710000 - 0x00007ffd83828000 	C:\WINDOWS\System32\RPCRT4.dll
0x00007ffd83e30000 - 0x00007ffd83eb0000 	C:\WINDOWS\System32\WS2_32.dll
0x00007ffd82a90000 - 0x00007ffd82aee000 	C:\WINDOWS\SYSTEM32\POWRPROF.dll
0x00007ffd72780000 - 0x00007ffd7278b000 	C:\WINDOWS\SYSTEM32\VERSION.dll
0x00007ffd7a8b0000 - 0x00007ffd7a8e6000 	C:\WINDOWS\SYSTEM32\WINMM.dll
0x00007ffd82a70000 - 0x00007ffd82a84000 	C:\WINDOWS\SYSTEM32\UMPDC.dll
0x00007ffd81980000 - 0x00007ffd8199b000 	C:\WINDOWS\SYSTEM32\kernel.appcore.dll
0x00007ffd50c80000 - 0x00007ffd50c8a000 	C:\Program Files\Eclipse Adoptium\jdk-17.0.18.8-hotspot\bin\jimage.dll
0x00007ffd709c0000 - 0x00007ffd70c02000 	C:\WINDOWS\SYSTEM32\DBGHELP.DLL
0x00007ffd84ca0000 - 0x00007ffd85023000 	C:\WINDOWS\System32\combase.dll
0x00007ffd84940000 - 0x00007ffd84a19000 	C:\WINDOWS\System32\OLEAUT32.dll
0x00007ffd6ffa0000 - 0x00007ffd6ffdb000 	C:\WINDOWS\SYSTEM32\dbgcore.DLL
0x00007ffd82eb0000 - 0x00007ffd82f58000 	C:\WINDOWS\System32\bcryptPrimitives.dll
0x00007ffd45c80000 - 0x00007ffd45c8e000 	C:\Program Files\Eclipse Adoptium\jdk-17.0.18.8-hotspot\bin\instrument.dll
0x00007ffd2dbd0000 - 0x00007ffd2dbf5000 	C:\Program Files\Eclipse Adoptium\jdk-17.0.18.8-hotspot\bin\java.dll
0x00007ffcec590000 - 0x00007ffcec667000 	C:\Program Files\Eclipse Adoptium\jdk-17.0.18.8-hotspot\bin\jsvml.dll
0x00007ffd84080000 - 0x00007ffd84804000 	C:\WINDOWS\System32\SHELL32.dll
0x00007ffd807d0000 - 0x00007ffd81050000 	C:\WINDOWS\SYSTEM32\windows.storage.dll
0x00007ffd85850000 - 0x00007ffd85946000 	C:\WINDOWS\System32\SHCORE.dll
0x00007ffd84810000 - 0x00007ffd84877000 	C:\WINDOWS\System32\shlwapi.dll
0x00007ffd82b50000 - 0x00007ffd82b79000 	C:\WINDOWS\SYSTEM32\profapi.dll
0x00007ffd28a90000 - 0x00007ffd28aa8000 	C:\Program Files\Eclipse Adoptium\jdk-17.0.18.8-hotspot\bin\zip.dll
0x00007ffd28ad0000 - 0x00007ffd28aea000 	C:\Program Files\Eclipse Adoptium\jdk-17.0.18.8-hotspot\bin\net.dll
0x00007ffd7c5b0000 - 0x00007ffd7c6d9000 	C:\WINDOWS\SYSTEM32\WINHTTP.dll
0x00007ffd81ed0000 - 0x00007ffd81f3c000 	C:\WINDOWS\system32\mswsock.dll
0x00007ffd28ab0000 - 0x00007ffd28ac6000 	C:\Program Files\Eclipse Adoptium\jdk-17.0.18.8-hotspot\bin\nio.dll
0x00007ffd3fef0000 - 0x00007ffd3ff00000 	C:\Program Files\Eclipse Adoptium\jdk-17.0.18.8-hotspot\bin\verify.dll
0x00007ffd3e2b0000 - 0x00007ffd3e2d7000 	C:\Users\fuadh\.gradle\native\1def1411415f61bf3af743bc5b6707747c0891f09f0c88961ee8f79bc544acac\windows-amd64\native-platform.dll
0x00007ffd06150000 - 0x00007ffd061c8000 	C:\Users\fuadh\.gradle\native\0.2.7\x86_64-windows-gnu\gradle-fileevents.dll
0x00007ffd3fe80000 - 0x00007ffd3fe8a000 	C:\Program Files\Eclipse Adoptium\jdk-17.0.18.8-hotspot\bin\management.dll
0x00007ffd3de60000 - 0x00007ffd3de6c000 	C:\Program Files\Eclipse Adoptium\jdk-17.0.18.8-hotspot\bin\management_ext.dll
0x00007ffd85430000 - 0x00007ffd85438000 	C:\WINDOWS\System32\PSAPI.DLL
0x00007ffd81360000 - 0x00007ffd81393000 	C:\WINDOWS\SYSTEM32\IPHLPAPI.DLL
0x00007ffd83f90000 - 0x00007ffd83f9a000 	C:\WINDOWS\System32\NSI.dll
0x00007ffd7c240000 - 0x00007ffd7c25d000 	C:\WINDOWS\SYSTEM32\dhcpcsvc6.DLL
0x00007ffd7c210000 - 0x00007ffd7c235000 	C:\WINDOWS\SYSTEM32\dhcpcsvc.DLL
0x00007ffd813f0000 - 0x00007ffd8153a000 	C:\WINDOWS\SYSTEM32\DNSAPI.dll
0x00007ffd81cf0000 - 0x00007ffd81cfd000 	C:\WINDOWS\SYSTEM32\DSPARSE.dll
0x00007ffd51260000 - 0x00007ffd51269000 	C:\Program Files\Eclipse Adoptium\jdk-17.0.18.8-hotspot\bin\extnet.dll
0x00007ffd822d0000 - 0x00007ffd822eb000 	C:\WINDOWS\SYSTEM32\CRYPTSP.dll
0x00007ffd818e0000 - 0x00007ffd81919000 	C:\WINDOWS\system32\rsaenh.dll
0x00007ffd81f80000 - 0x00007ffd81fb3000 	C:\WINDOWS\SYSTEM32\USERENV.dll
0x00007ffd82b20000 - 0x00007ffd82b4a000 	C:\WINDOWS\SYSTEM32\bcrypt.dll
0x00007ffd82130000 - 0x00007ffd8213c000 	C:\WINDOWS\SYSTEM32\CRYPTBASE.dll
0x00007ffd384c0000 - 0x00007ffd384ce000 	C:\Program Files\Eclipse Adoptium\jdk-17.0.18.8-hotspot\bin\sunmscapi.dll
0x00007ffd83420000 - 0x00007ffd83598000 	C:\WINDOWS\System32\CRYPT32.dll
0x00007ffd82430000 - 0x00007ffd82460000 	C:\WINDOWS\SYSTEM32\ncrypt.dll
0x00007ffd823e0000 - 0x00007ffd8241f000 	C:\WINDOWS\SYSTEM32\NTASN1.dll
0x00007ffd6df80000 - 0x00007ffd6df88000 	C:\WINDOWS\system32\wshunix.dll
0x00007ffd81aa0000 - 0x00007ffd81ad6000 	C:\WINDOWS\SYSTEM32\ntmarta.dll
0x00007ffd514f0000 - 0x00007ffd514f7000 	C:\Program Files\Eclipse Adoptium\jdk-17.0.18.8-hotspot\bin\rmi.dll

dbghelp: loaded successfully - version: 4.0.5 - missing functions: none
symbol engine: initialized successfully - sym options: 0x614 - pdb path: .;C:\Program Files\Eclipse Adoptium\jdk-17.0.18.8-hotspot\bin;C:\WINDOWS\SYSTEM32;C:\WINDOWS\WinSxS\amd64_microsoft.windows.common-controls_6595b64144ccf1df_6.0.26100.8521_none_3e08b75ce33403b3;C:\Program Files\Eclipse Adoptium\jdk-17.0.18.8-hotspot\bin\server;C:\Users\fuadh\.gradle\native\1def1411415f61bf3af743bc5b6707747c0891f09f0c88961ee8f79bc544acac\windows-amd64;C:\Users\fuadh\.gradle\native\0.2.7\x86_64-windows-gnu

VM Arguments:
jvm_args: --add-opens=java.base/java.lang=ALL-UNNAMED --add-opens=java.base/java.lang.invoke=ALL-UNNAMED --add-opens=java.base/java.util=ALL-UNNAMED --add-opens=java.prefs/java.util.prefs=ALL-UNNAMED --add-exports=jdk.compiler/com.sun.tools.javac.api=ALL-UNNAMED --add-exports=jdk.compiler/com.sun.tools.javac.util=ALL-UNNAMED --add-opens=java.base/java.util=ALL-UNNAMED --add-opens=java.prefs/java.util.prefs=ALL-UNNAMED --add-opens=java.base/java.nio.charset=ALL-UNNAMED --add-opens=java.base/java.net=ALL-UNNAMED --add-opens=java.base/java.util.concurrent.atomic=ALL-UNNAMED --add-opens=java.xml/javax.xml.namespace=ALL-UNNAMED -XX:MaxMetaspaceSize=1024m -Xmx8192m -Dfile.encoding=windows-1252 -Duser.country=US -Duser.language=en -Duser.variant -javaagent:C:\Users\fuadh\.gradle\wrapper\dists\gradle-8.13-bin\5xuhj0ry160q40clulazy9h7d\gradle-8.13\lib\agents\gradle-instrumentation-agent-8.13.jar 
java_command: org.gradle.launcher.daemon.bootstrap.GradleDaemon 8.13
java_class_path (initial): C:\Users\fuadh\.gradle\wrapper\dists\gradle-8.13-bin\5xuhj0ry160q40clulazy9h7d\gradle-8.13\lib\gradle-daemon-main-8.13.jar
Launcher Type: SUN_STANDARD

[Global flags]
     intx CICompilerCount                          = 4                                         {product} {ergonomic}
   size_t CompressedClassSpaceSize                 = 872415232                                 {product} {ergonomic}
     uint ConcGCThreads                            = 3                                         {product} {ergonomic}
     uint G1ConcRefinementThreads                  = 10                                        {product} {ergonomic}
   size_t G1HeapRegionSize                         = 4194304                                   {product} {ergonomic}
    uintx GCDrainStackTargetSize                   = 64                                        {product} {ergonomic}
   size_t InitialHeapSize                          = 268435456                                 {product} {ergonomic}
   size_t MarkStackSize                            = 4194304                                   {product} {ergonomic}
   size_t MaxHeapSize                              = 8589934592                                {product} {command line}
   size_t MaxMetaspaceSize                         = 1073741824                                {product} {command line}
   size_t MaxNewSize                               = 5150605312                                {product} {ergonomic}
   size_t MinHeapDeltaBytes                        = 4194304                                   {product} {ergonomic}
   size_t MinHeapSize                              = 8388608                                   {product} {ergonomic}
    uintx NonNMethodCodeHeapSize                   = 5839372                                {pd product} {ergonomic}
    uintx NonProfiledCodeHeapSize                  = 122909434                              {pd product} {ergonomic}
    uintx ProfiledCodeHeapSize                     = 122909434                              {pd product} {ergonomic}
    uintx ReservedCodeCacheSize                    = 251658240                              {pd product} {ergonomic}
     bool SegmentedCodeCache                       = true                                      {product} {ergonomic}
   size_t SoftMaxHeapSize                          = 8589934592                             {manageable} {ergonomic}
     bool UseCompressedClassPointers               = true                           {product lp64_product} {ergonomic}
     bool UseCompressedOops                        = true                           {product lp64_product} {ergonomic}
     bool UseG1GC                                  = true                                      {product} {ergonomic}
     bool UseLargePagesIndividualAllocation        = false                                  {pd product} {ergonomic}

Logging:
Log output configuration:
 #0: stdout all=warning uptime,level,tags
 #1: stderr all=off uptime,level,tags

Environment Variables:
JAVA_HOME=C:\Program Files\Eclipse Adoptium\jdk-17.0.18.8-hotspot
PATH=C:\Users\fuadh\projects\friends_hangout_app\node_modules\.bin;C:\Users\fuadh\projects\node_modules\.bin;C:\Users\fuadh\node_modules\.bin;C:\Users\node_modules\.bin;C:\node_modules\.bin;C:\Users\fuadh\AppData\Roaming\npm\node_modules\npm\node_modules\@npmcli\run-script\lib\node-gyp-bin;c:\Users\fuadh\AppData\Roaming\Code\User\globalStorage\github.copilot-chat\debugCommand;c:\Users\fuadh\AppData\Roaming\Code\User\globalStorage\github.copilot-chat\copilotCli;c:\Users\fuadh\AppData\Roaming\Code\User\globalStorage\github.copilot-chat\debugCommand;c:\Users\fuadh\AppData\Roaming\Code\User\globalStorage\github.copilot-chat\copilotCli;C:\Program Files\Eclipse Adoptium\jdk-17.0.18.8-hotspot\bin;C:\WINDOWS\system32;C:\WINDOWS;C:\WINDOWS\System32\Wbem;C:\WINDOWS\System32\WindowsPowerShell\v1.0\;C:\WINDOWS\System32\OpenSSH\;C:\Program Files\Git\cmd;C:\Program Files\nodejs\;C:\Program Files (x86)\cloudflared\;C:\Users\fuadh\AppData\Local\Android\Sdk\platform-tools;C:\Users\fuadh\AppData\Local\Android\Sdk\emulator;C:\Program Files\Eclipse Adoptium\jdk-17.0.18.8-hotspot\bin;C:\Users\fuadh\AppData\Roaming\npm;C:\Program Files\Docker\Docker\resources\bin;C:\Program Files\php-8.5.6;C:\Program Files\Go\bin;C:\Users\fuadh\.local\bin;C:\Users\fuadh\AppData\Local\Programs\Eclipse Adoptium\jdk-25.0.2.10-hotspot\bin;C:\Users\fuadh\AppData\Local\Microsoft\WindowsApps;C:\Users\fuadh\AppData\Local\Programs\Microsoft VS Code\bin;C:\Users\fuadh\go\bin;c:\Users\fuadh\.vscode\extensions\vscjava.vscode-java-debug-0.59.0\bundled\scripts\noConfigScripts;C:\Users\fuadh\.console-ninja\.bin;C:\Users\fuadh\.console-ninja\.bin;c:\Users\fuadh\.vscode\extensions\vscjava.vscode-java-debug-0.59.0\bundled\scripts\noConfigScripts
USERNAME=fuadh
LANG=en_US.UTF-8
OS=Windows_NT
PROCESSOR_IDENTIFIER=Intel64 Family 6 Model 151 Stepping 5, GenuineIntel
TMP=C:\Users\fuadh\AppData\Local\Temp
TEMP=C:\Users\fuadh\AppData\Local\Temp



Periodic native trim disabled


---------------  S Y S T E M  ---------------

OS:
 Windows 11 , 64 bit Build 26100 (10.0.26100.8521)
OS uptime: 4 days 13:02 hours
Hyper-V role detected

CPU: total 12 (initial active 12) (6 cores per cpu, 2 threads per core) family 6 model 151 stepping 5 microcode 0x18, cx8, cmov, fxsr, ht, mmx, 3dnowpref, sse, sse2, sse3, ssse3, sse4.1, sse4.2, popcnt, lzcnt, tsc, tscinvbit, avx, avx2, aes, erms, clmul, bmi1, bmi2, adx, sha, fma, vzeroupper, clflush, clflushopt, clwb, hv
Processor Information for all 12 processors :
  Max Mhz: 2500, Current Mhz: 2500, Mhz Limit: 2500

Memory: 4k page, system-wide physical 16171M (459M free)
TotalPageFile size 56813M (AvailPageFile size 1955M)
current process WorkingSet (physical memory assigned to process): 959M, peak: 2235M
current process commit charge ("private bytes"): 3836M, peak: 5118M

vm_info: OpenJDK 64-Bit Server VM (17.0.18+8) for windows-amd64 JRE (17.0.18+8), built on Jan 20 2026 22:28:22 by "admin" with MS VC++ 17.12 (VS2022)

END.
